[2025-02-17 00:45:20.724 +00:00] [INF] [17] Jellyfin.Api.Helpers.MediaInfoHelper: User policy for "admin". EnablePlaybackRemuxing: True EnableVideoPlaybackTranscoding: True EnableAudioPlaybackTranscoding: True
[2025-02-17 00:55:21.301 +00:00] [INF] [11] Emby.Server.Implementations.Session.SessionManager: Playback stopped reported by app "Swiftfin iOS" "1.2" playing "The Witcher: Sirens of the Deep". Stopped at "647000" ms
[2025-02-17 02:00:00.039 +00:00] [INF] [29] Emby.Server.Implementations.ScheduledTasks.TaskManager: "Extract Chapter Images" Completed after 0 minute(s) and 0 seconds
[2025-02-17 02:00:01.019 +00:00] [INF] [10] Emby.Server.Implementations.ScheduledTasks.TaskManager: Daily trigger for "Extract Chapter Images" set to fire at 2025-02-18 02:00:00.000 +00:00, which is 23:59:58.9807834 from now.
[2025-02-17 03:00:00.238 +00:00] [INF] [38] Emby.Server.Implementations.ScheduledTasks.TaskManager: "Generate Trickplay Images" Completed after 0 minute(s) and 0 seconds
[2025-02-17 03:00:01.058 +00:00] [INF] [54] Emby.Server.Implementations.ScheduledTasks.TaskManager: Daily trigger for "Generate Trickplay Images" set to fire at 2025-02-18 03:00:00.000 +00:00, which is 23:59:58.9420139 from now.
[2025-02-17 03:25:21.315 +00:00] [INF] [22] Emby.Server.Implementations.Session.SessionManager: Playback stopped reported by app "Swiftfin iOS" "1.2" playing "The Witcher: Sirens of the Deep". Stopped at "647000" ms
[2025-02-17 03:25:41.043 +00:00] [WRN] [80] Jellyfin.Networking.Manager.NetworkManager: IPv6 is disabled in Jellyfin, but enabled in the OS. This may affect how the interface is selected.
[2025-02-17 03:40:13.835 +00:00] [INF] [66] Jellyfin.Api.Auth.CustomAuthenticationHandler: "CustomAuthentication" was not authenticated. Failure message: "Invalid token."
[2025-02-17 03:40:13.835 +00:00] [INF] [66] Jellyfin.Api.Auth.CustomAuthenticationHandler: "CustomAuthentication" was not authenticated. Failure message: "Invalid token."
[2025-02-17 03:40:13.854 +00:00] [INF] [66] Jellyfin.Api.Auth.CustomAuthenticationHandler: AuthenticationScheme: "CustomAuthentication" was challenged.
[2025-02-17 03:40:23.764 +00:00] [INF] [66] Jellyfin.Api.Auth.CustomAuthenticationHandler: "CustomAuthentication" was not authenticated. Failure message: "Invalid token."
[2025-02-17 03:40:23.764 +00:00] [INF] [66] Jellyfin.Api.Auth.CustomAuthenticationHandler: "CustomAuthentication" was not authenticated. Failure message: "Invalid token."
[2025-02-17 03:40:23.765 +00:00] [INF] [66] Jellyfin.Api.Auth.CustomAuthenticationHandler: AuthenticationScheme: "CustomAuthentication" was challenged.
[2025-02-17 03:40:33.768 +00:00] [INF] [32] Jellyfin.Api.Auth.CustomAuthenticationHandler: "CustomAuthentication" was not authenticated. Failure message: "Invalid token."
[2025-02-17 03:40:33.769 +00:00] [INF] [32] Jellyfin.Api.Auth.CustomAuthenticationHandler: "CustomAuthentication" was not authenticated. Failure message: "Invalid token."
[2025-02-17 03:40:33.769 +00:00] [INF] [32] Jellyfin.Api.Auth.CustomAuthenticationHandler: AuthenticationScheme: "CustomAuthentication" was challenged.
[2025-02-17 03:40:43.762 +00:00] [INF] [51] Jellyfin.Api.Auth.CustomAuthenticationHandler: "CustomAuthentication" was not authenticated. Failure message: "Invalid token."
[2025-02-17 03:40:43.763 +00:00] [INF] [51] Jellyfin.Api.Auth.CustomAuthenticationHandler: "CustomAuthentication" was not authenticated. Failure message: "Invalid token."
[2025-02-17 03:40:43.765 +00:00] [INF] [51] Jellyfin.Api.Auth.CustomAuthenticationHandler: AuthenticationScheme: "CustomAuthentication" was challenged.
[2025-02-17 03:40:53.763 +00:00] [INF] [57] Jellyfin.Api.Auth.CustomAuthenticationHandler: "CustomAuthentication" was not authenticated. Failure message: "Invalid token."
[2025-02-17 03:40:53.763 +00:00] [INF] [57] Jellyfin.Api.Auth.CustomAuthenticationHandler: "CustomAuthentication" was not authenticated. Failure message: "Invalid token."
[2025-02-17 03:40:53.763 +00:00] [INF] [57] Jellyfin.Api.Auth.CustomAuthenticationHandler: AuthenticationScheme: "CustomAuthentication" was challenged.
[2025-02-17 03:41:03.765 +00:00] [INF] [57] Jellyfin.Api.Auth.CustomAuthenticationHandler: "CustomAuthentication" was not authenticated. Failure message: "Invalid token."
[2025-02-17 03:41:03.765 +00:00] [INF] [57] Jellyfin.Api.Auth.CustomAuthenticationHandler: "CustomAuthentication" was not authenticated. Failure message: "Invalid token."
[2025-02-17 03:41:03.765 +00:00] [INF] [57] Jellyfin.Api.Auth.CustomAuthenticationHandler: AuthenticationScheme: "CustomAuthentication" was challenged.
[2025-02-17 03:41:13.755 +00:00] [INF] [66] Jellyfin.Api.Auth.CustomAuthenticationHandler: "CustomAuthentication" was not authenticated. Failure message: "Invalid token."
[2025-02-17 03:41:13.755 +00:00] [INF] [66] Jellyfin.Api.Auth.CustomAuthenticationHandler: "CustomAuthentication" was not authenticated. Failure message: "Invalid token."
[2025-02-17 03:41:13.756 +00:00] [INF] [66] Jellyfin.Api.Auth.CustomAuthenticationHandler: AuthenticationScheme: "CustomAuthentication" was challenged.
[2025-02-17 03:41:23.759 +00:00] [INF] [66] Jellyfin.Api.Auth.CustomAuthenticationHandler: "CustomAuthentication" was not authenticated. Failure message: "Invalid token."
[2025-02-17 03:41:23.760 +00:00] [INF] [66] Jellyfin.Api.Auth.CustomAuthenticationHandler: "CustomAuthentication" was not authenticated. Failure message: "Invalid token."
[2025-02-17 03:41:23.760 +00:00] [INF] [66] Jellyfin.Api.Auth.CustomAuthenticationHandler: AuthenticationScheme: "CustomAuthentication" was challenged.
[2025-02-17 03:41:33.761 +00:00] [INF] [66] Jellyfin.Api.Auth.CustomAuthenticationHandler: "CustomAuthentication" was not authenticated. Failure message: "Invalid token."
[2025-02-17 03:41:33.761 +00:00] [INF] [66] Jellyfin.Api.Auth.CustomAuthenticationHandler: "CustomAuthentication" was not authenticated. Failure message: "Invalid token."
[2025-02-17 03:41:33.762 +00:00] [INF] [66] Jellyfin.Api.Auth.CustomAuthenticationHandler: AuthenticationScheme: "CustomAuthentication" was challenged.
[2025-02-17 03:41:43.753 +00:00] [INF] [51] Jellyfin.Api.Auth.CustomAuthenticationHandler: "CustomAuthentication" was not authenticated. Failure message: "Invalid token."
[2025-02-17 03:41:43.754 +00:00] [INF] [51] Jellyfin.Api.Auth.CustomAuthenticationHandler: "CustomAuthentication" was not authenticated. Failure message: "Invalid token."
[2025-02-17 03:41:43.754 +00:00] [INF] [51] Jellyfin.Api.Auth.CustomAuthenticationHandler: AuthenticationScheme: "CustomAuthentication" was challenged.
[2025-02-17 03:41:53.757 +00:00] [INF] [49] Jellyfin.Api.Auth.CustomAuthenticationHandler: "CustomAuthentication" was not authenticated. Failure message: "Invalid token."
[2025-02-17 03:41:53.757 +00:00] [INF] [49] Jellyfin.Api.Auth.CustomAuthenticationHandler: "CustomAuthentication" was not authenticated. Failure message: "Invalid token."
[2025-02-17 03:41:53.757 +00:00] [INF] [49] Jellyfin.Api.Auth.CustomAuthenticationHandler: AuthenticationScheme: "CustomAuthentication" was challenged.
[2025-02-17 03:42:03.766 +00:00] [INF] [49] Jellyfin.Api.Auth.CustomAuthenticationHandler: "CustomAuthentication" was not authenticated. Failure message: "Invalid token."
[2025-02-17 03:42:03.766 +00:00] [INF] [49] Jellyfin.Api.Auth.CustomAuthenticationHandler: "CustomAuthentication" was not authenticated. Failure message: "Invalid token."
[2025-02-17 03:42:03.766 +00:00] [INF] [49] Jellyfin.Api.Auth.CustomAuthenticationHandler: AuthenticationScheme: "CustomAuthentication" was challenged.
[2025-02-17 03:42:13.762 +00:00] [INF] [51] Jellyfin.Api.Auth.CustomAuthenticationHandler: "CustomAuthentication" was not authenticated. Failure message: "Invalid token."
[2025-02-17 03:42:13.762 +00:00] [INF] [51] Jellyfin.Api.Auth.CustomAuthenticationHandler: "CustomAuthentication" was not authenticated. Failure message: "Invalid token."
[2025-02-17 03:42:13.762 +00:00] [INF] [51] Jellyfin.Api.Auth.CustomAuthenticationHandler: AuthenticationScheme: "CustomAuthentication" was challenged.
[2025-02-17 03:42:23.769 +00:00] [INF] [51] Jellyfin.Api.Auth.CustomAuthenticationHandler: "CustomAuthentication" was not authenticated. Failure message: "Invalid token."
[2025-02-17 03:42:23.769 +00:00] [INF] [51] Jellyfin.Api.Auth.CustomAuthenticationHandler: "CustomAuthentication" was not authenticated. Failure message: "Invalid token."
[2025-02-17 03:42:23.769 +00:00] [INF] [51] Jellyfin.Api.Auth.CustomAuthenticationHandler: AuthenticationScheme: "CustomAuthentication" was challenged.
[2025-02-17 03:42:33.768 +00:00] [INF] [49] Jellyfin.Api.Auth.CustomAuthenticationHandler: "CustomAuthentication" was not authenticated. Failure message: "Invalid token."
[2025-02-17 03:42:33.768 +00:00] [INF] [49] Jellyfin.Api.Auth.CustomAuthenticationHandler: "CustomAuthentication" was not authenticated. Failure message: "Invalid token."
[2025-02-17 03:42:33.769 +00:00] [INF] [49] Jellyfin.Api.Auth.CustomAuthenticationHandler: AuthenticationScheme: "CustomAuthentication" was challenged.
[2025-02-17 03:42:43.761 +00:00] [INF] [49] Jellyfin.Api.Auth.CustomAuthenticationHandler: "CustomAuthentication" was not authenticated. Failure message: "Invalid token."
[2025-02-17 03:42:43.762 +00:00] [INF] [49] Jellyfin.Api.Auth.CustomAuthenticationHandler: "CustomAuthentication" was not authenticated. Failure message: "Invalid token."
[2025-02-17 03:42:43.762 +00:00] [INF] [49] Jellyfin.Api.Auth.CustomAuthenticationHandler: AuthenticationScheme: "CustomAuthentication" was challenged.
[2025-02-17 03:42:53.763 +00:00] [INF] [66] Jellyfin.Api.Auth.CustomAuthenticationHandler: "CustomAuthentication" was not authenticated. Failure message: "Invalid token."
[2025-02-17 03:42:53.763 +00:00] [INF] [66] Jellyfin.Api.Auth.CustomAuthenticationHandler: "CustomAuthentication" was not authenticated. Failure message: "Invalid token."
[2025-02-17 03:42:53.763 +00:00] [INF] [66] Jellyfin.Api.Auth.CustomAuthenticationHandler: AuthenticationScheme: "CustomAuthentication" was challenged.
[2025-02-17 03:43:03.790 +00:00] [INF] [36] Jellyfin.Api.Auth.CustomAuthenticationHandler: "CustomAuthentication" was not authenticated. Failure message: "Invalid token."
[2025-02-17 03:43:03.791 +00:00] [INF] [36] Jellyfin.Api.Auth.CustomAuthenticationHandler: "CustomAuthentication" was not authenticated. Failure message: "Invalid token."
[2025-02-17 03:43:03.791 +00:00] [INF] [36] Jellyfin.Api.Auth.CustomAuthenticationHandler: AuthenticationScheme: "CustomAuthentication" was challenged.
[2025-02-17 03:43:13.759 +00:00] [INF] [36] Jellyfin.Api.Auth.CustomAuthenticationHandler: "CustomAuthentication" was not authenticated. Failure message: "Invalid token."
[2025-02-17 03:43:13.760 +00:00] [INF] [36] Jellyfin.Api.Auth.CustomAuthenticationHandler: "CustomAuthentication" was not authenticated. Failure message: "Invalid token."
[2025-02-17 03:43:13.760 +00:00] [INF] [36] Jellyfin.Api.Auth.CustomAuthenticationHandler: AuthenticationScheme: "CustomAuthentication" was challenged.
[2025-02-17 03:43:23.758 +00:00] [INF] [66] Jellyfin.Api.Auth.CustomAuthenticationHandler: "CustomAuthentication" was not authenticated. Failure message: "Invalid token."
[2025-02-17 03:43:23.759 +00:00] [INF] [66] Jellyfin.Api.Auth.CustomAuthenticationHandler: "CustomAuthentication" was not authenticated. Failure message: "Invalid token."
[2025-02-17 03:43:23.759 +00:00] [INF] [66] Jellyfin.Api.Auth.CustomAuthenticationHandler: AuthenticationScheme: "CustomAuthentication" was challenged.
[2025-02-17 03:43:33.756 +00:00] [INF] [66] Jellyfin.Api.Auth.CustomAuthenticationHandler: "CustomAuthentication" was not authenticated. Failure message: "Invalid token."
[2025-02-17 03:43:33.756 +00:00] [INF] [66] Jellyfin.Api.Auth.CustomAuthenticationHandler: "CustomAuthentication" was not authenticated. Failure message: "Invalid token."
[2025-02-17 03:43:33.757 +00:00] [INF] [66] Jellyfin.Api.Auth.CustomAuthenticationHandler: AuthenticationScheme: "CustomAuthentication" was challenged.
[2025-02-17 03:43:43.767 +00:00] [INF] [66] Jellyfin.Api.Auth.CustomAuthenticationHandler: "CustomAuthentication" was not authenticated. Failure message: "Invalid token."
[2025-02-17 03:43:43.768 +00:00] [INF] [66] Jellyfin.Api.Auth.CustomAuthenticationHandler: "CustomAuthentication" was not authenticated. Failure message: "Invalid token."
[2025-02-17 03:43:43.768 +00:00] [INF] [66] Jellyfin.Api.Auth.CustomAuthenticationHandler: AuthenticationScheme: "CustomAuthentication" was challenged.
[2025-02-17 03:43:53.760 +00:00] [INF] [33] Jellyfin.Api.Auth.CustomAuthenticationHandler: "CustomAuthentication" was not authenticated. Failure message: "Invalid token."
[2025-02-17 03:43:53.761 +00:00] [INF] [33] Jellyfin.Api.Auth.CustomAuthenticationHandler: "CustomAuthentication" was not authenticated. Failure message: "Invalid token."
[2025-02-17 03:43:53.761 +00:00] [INF] [33] Jellyfin.Api.Auth.CustomAuthenticationHandler: AuthenticationScheme: "CustomAuthentication" was challenged.
[2025-02-17 03:44:03.757 +00:00] [INF] [33] Jellyfin.Api.Auth.CustomAuthenticationHandler: "CustomAuthentication" was not authenticated. Failure message: "Invalid token."
[2025-02-17 03:44:03.757 +00:00] [INF] [33] Jellyfin.Api.Auth.CustomAuthenticationHandler: "CustomAuthentication" was not authenticated. Failure message: "Invalid token."
[2025-02-17 03:44:03.757 +00:00] [INF] [33] Jellyfin.Api.Auth.CustomAuthenticationHandler: AuthenticationScheme: "CustomAuthentication" was challenged.
[2025-02-17 03:44:13.760 +00:00] [INF] [53] Jellyfin.Api.Auth.CustomAuthenticationHandler: "CustomAuthentication" was not authenticated. Failure message: "Invalid token."
[2025-02-17 03:44:13.760 +00:00] [INF] [53] Jellyfin.Api.Auth.CustomAuthenticationHandler: "CustomAuthentication" was not authenticated. Failure message: "Invalid token."
[2025-02-17 03:44:13.760 +00:00] [INF] [53] Jellyfin.Api.Auth.CustomAuthenticationHandler: AuthenticationScheme: "CustomAuthentication" was challenged.
[2025-02-17 03:44:23.763 +00:00] [INF] [53] Jellyfin.Api.Auth.CustomAuthenticationHandler: "CustomAuthentication" was not authenticated. Failure message: "Invalid token."
[2025-02-17 03:44:23.763 +00:00] [INF] [53] Jellyfin.Api.Auth.CustomAuthenticationHandler: "CustomAuthentication" was not authenticated. Failure message: "Invalid token."
[2025-02-17 03:44:23.763 +00:00] [INF] [53] Jellyfin.Api.Auth.CustomAuthenticationHandler: AuthenticationScheme: "CustomAuthentication" was challenged.
[2025-02-17 03:44:33.760 +00:00] [INF] [33] Jellyfin.Api.Auth.CustomAuthenticationHandler: "CustomAuthentication" was not authenticated. Failure message: "Invalid token."
[2025-02-17 03:44:33.760 +00:00] [INF] [33] Jellyfin.Api.Auth.CustomAuthenticationHandler: "CustomAuthentication" was not authenticated. Failure message: "Invalid token."
[2025-02-17 03:44:33.760 +00:00] [INF] [33] Jellyfin.Api.Auth.CustomAuthenticationHandler: AuthenticationScheme: "CustomAuthentication" was challenged.
[2025-02-17 03:44:43.760 +00:00] [INF] [33] Jellyfin.Api.Auth.CustomAuthenticationHandler: "CustomAuthentication" was not authenticated. Failure message: "Invalid token."
[2025-02-17 03:44:43.760 +00:00] [INF] [33] Jellyfin.Api.Auth.CustomAuthenticationHandler: "CustomAuthentication" was not authenticated. Failure message: "Invalid token."
[2025-02-17 03:44:43.760 +00:00] [INF] [33] Jellyfin.Api.Auth.CustomAuthenticationHandler: AuthenticationScheme: "CustomAuthentication" was challenged.
[2025-02-17 03:44:53.766 +00:00] [INF] [33] Jellyfin.Api.Auth.CustomAuthenticationHandler: "CustomAuthentication" was not authenticated. Failure message: "Invalid token."
[2025-02-17 03:44:53.766 +00:00] [INF] [33] Jellyfin.Api.Auth.CustomAuthenticationHandler: "CustomAuthentication" was not authenticated. Failure message: "Invalid token."
[2025-02-17 03:44:53.766 +00:00] [INF] [33] Jellyfin.Api.Auth.CustomAuthenticationHandler: AuthenticationScheme: "CustomAuthentication" was challenged.
[2025-02-17 03:45:03.755 +00:00] [INF] [49] Jellyfin.Api.Auth.CustomAuthenticationHandler: "CustomAuthentication" was not authenticated. Failure message: "Invalid token."
[2025-02-17 03:45:03.756 +00:00] [INF] [49] Jellyfin.Api.Auth.CustomAuthenticationHandler: "CustomAuthentication" was not authenticated. Failure message: "Invalid token."
[2025-02-17 03:45:03.756 +00:00] [INF] [49] Jellyfin.Api.Auth.CustomAuthenticationHandler: AuthenticationScheme: "CustomAuthentication" was challenged.
[2025-02-17 03:45:13.765 +00:00] [INF] [33] Jellyfin.Api.Auth.CustomAuthenticationHandler: "CustomAuthentication" was not authenticated. Failure message: "Invalid token."
[2025-02-17 03:45:13.765 +00:00] [INF] [33] Jellyfin.Api.Auth.CustomAuthenticationHandler: "CustomAuthentication" was not authenticated. Failure message: "Invalid token."
[2025-02-17 03:45:13.765 +00:00] [INF] [33] Jellyfin.Api.Auth.CustomAuthenticationHandler: AuthenticationScheme: "CustomAuthentication" was challenged.
[2025-02-17 03:45:23.794 +00:00] [INF] [33] Jellyfin.Api.Auth.CustomAuthenticationHandler: "CustomAuthentication" was not authenticated. Failure message: "Invalid token."
[2025-02-17 03:45:23.794 +00:00] [INF] [33] Jellyfin.Api.Auth.CustomAuthenticationHandler: "CustomAuthentication" was not authenticated. Failure message: "Invalid token."
[2025-02-17 03:45:23.794 +00:00] [INF] [33] Jellyfin.Api.Auth.CustomAuthenticationHandler: AuthenticationScheme: "CustomAuthentication" was challenged.
[2025-02-17 03:45:33.756 +00:00] [INF] [53] Jellyfin.Api.Auth.CustomAuthenticationHandler: "CustomAuthentication" was not authenticated. Failure message: "Invalid token."
[2025-02-17 03:45:33.757 +00:00] [INF] [53] Jellyfin.Api.Auth.CustomAuthenticationHandler: "CustomAuthentication" was not authenticated. Failure message: "Invalid token."
[2025-02-17 03:45:33.757 +00:00] [INF] [53] Jellyfin.Api.Auth.CustomAuthenticationHandler: AuthenticationScheme: "CustomAuthentication" was challenged.
[2025-02-17 03:45:43.760 +00:00] [INF] [53] Jellyfin.Api.Auth.CustomAuthenticationHandler: "CustomAuthentication" was not authenticated. Failure message: "Invalid token."
[2025-02-17 03:45:43.760 +00:00] [INF] [53] Jellyfin.Api.Auth.CustomAuthenticationHandler: "CustomAuthentication" was not authenticated. Failure message: "Invalid token."
[2025-02-17 03:45:43.760 +00:00] [INF] [53] Jellyfin.Api.Auth.CustomAuthenticationHandler: AuthenticationScheme: "CustomAuthentication" was challenged.
[2025-02-17 03:45:53.759 +00:00] [INF] [53] Jellyfin.Api.Auth.CustomAuthenticationHandler: "CustomAuthentication" was not authenticated. Failure message: "Invalid token."
[2025-02-17 03:45:53.759 +00:00] [INF] [53] Jellyfin.Api.Auth.CustomAuthenticationHandler: "CustomAuthentication" was not authenticated. Failure message: "Invalid token."
[2025-02-17 03:45:53.759 +00:00] [INF] [53] Jellyfin.Api.Auth.CustomAuthenticationHandler: AuthenticationScheme: "CustomAuthentication" was challenged.
[2025-02-17 03:46:03.758 +00:00] [INF] [33] Jellyfin.Api.Auth.CustomAuthenticationHandler: "CustomAuthentication" was not authenticated. Failure message: "Invalid token."
[2025-02-17 03:46:03.758 +00:00] [INF] [33] Jellyfin.Api.Auth.CustomAuthenticationHandler: "CustomAuthentication" was not authenticated. Failure message: "Invalid token."
[2025-02-17 03:46:03.758 +00:00] [INF] [33] Jellyfin.Api.Auth.CustomAuthenticationHandler: AuthenticationScheme: "CustomAuthentication" was challenged.
[2025-02-17 03:46:13.759 +00:00] [INF] [53] Jellyfin.Api.Auth.CustomAuthenticationHandler: "CustomAuthentication" was not authenticated. Failure message: "Invalid token."
[2025-02-17 03:46:13.759 +00:00] [INF] [53] Jellyfin.Api.Auth.CustomAuthenticationHandler: "CustomAuthentication" was not authenticated. Failure message: "Invalid token."
[2025-02-17 03:46:13.759 +00:00] [INF] [53] Jellyfin.Api.Auth.CustomAuthenticationHandler: AuthenticationScheme: "CustomAuthentication" was challenged.
[2025-02-17 03:46:23.760 +00:00] [INF] [16] Jellyfin.Api.Auth.CustomAuthenticationHandler: "CustomAuthentication" was not authenticated. Failure message: "Invalid token."
[2025-02-17 03:46:23.760 +00:00] [INF] [16] Jellyfin.Api.Auth.CustomAuthenticationHandler: "CustomAuthentication" was not authenticated. Failure message: "Invalid token."
[2025-02-17 03:46:23.760 +00:00] [INF] [16] Jellyfin.Api.Auth.CustomAuthenticationHandler: AuthenticationScheme: "CustomAuthentication" was challenged.
[2025-02-17 03:46:33.760 +00:00] [INF] [16] Jellyfin.Api.Auth.CustomAuthenticationHandler: "CustomAuthentication" was not authenticated. Failure message: "Invalid token."
[2025-02-17 03:46:33.760 +00:00] [INF] [16] Jellyfin.Api.Auth.CustomAuthenticationHandler: "CustomAuthentication" was not authenticated. Failure message: "Invalid token."
[2025-02-17 03:46:33.760 +00:00] [INF] [16] Jellyfin.Api.Auth.CustomAuthenticationHandler: AuthenticationScheme: "CustomAuthentication" was challenged.
[2025-02-17 03:46:43.761 +00:00] [INF] [33] Jellyfin.Api.Auth.CustomAuthenticationHandler: "CustomAuthentication" was not authenticated. Failure message: "Invalid token."
[2025-02-17 03:46:43.762 +00:00] [INF] [33] Jellyfin.Api.Auth.CustomAuthenticationHandler: "CustomAuthentication" was not authenticated. Failure message: "Invalid token."
[2025-02-17 03:46:43.762 +00:00] [INF] [33] Jellyfin.Api.Auth.CustomAuthenticationHandler: AuthenticationScheme: "CustomAuthentication" was challenged.
[2025-02-17 03:46:53.756 +00:00] [INF] [53] Jellyfin.Api.Auth.CustomAuthenticationHandler: "CustomAuthentication" was not authenticated. Failure message: "Invalid token."
[2025-02-17 03:46:53.756 +00:00] [INF] [53] Jellyfin.Api.Auth.CustomAuthenticationHandler: "CustomAuthentication" was not authenticated. Failure message: "Invalid token."
[2025-02-17 03:46:53.756 +00:00] [INF] [53] Jellyfin.Api.Auth.CustomAuthenticationHandler: AuthenticationScheme: "CustomAuthentication" was challenged.
[2025-02-17 03:47:03.763 +00:00] [INF] [53] Jellyfin.Api.Auth.CustomAuthenticationHandler: "CustomAuthentication" was not authenticated. Failure message: "Invalid token."
[2025-02-17 03:47:03.763 +00:00] [INF] [53] Jellyfin.Api.Auth.CustomAuthenticationHandler: "CustomAuthentication" was not authenticated. Failure message: "Invalid token."
[2025-02-17 03:47:03.763 +00:00] [INF] [53] Jellyfin.Api.Auth.CustomAuthenticationHandler: AuthenticationScheme: "CustomAuthentication" was challenged.
[2025-02-17 03:47:13.759 +00:00] [INF] [69] Jellyfin.Api.Auth.CustomAuthenticationHandler: "CustomAuthentication" was not authenticated. Failure message: "Invalid token."
[2025-02-17 03:47:13.759 +00:00] [INF] [69] Jellyfin.Api.Auth.CustomAuthenticationHandler: "CustomAuthentication" was not authenticated. Failure message: "Invalid token."
[2025-02-17 03:47:13.759 +00:00] [INF] [69] Jellyfin.Api.Auth.CustomAuthenticationHandler: AuthenticationScheme: "CustomAuthentication" was challenged.
[2025-02-17 03:47:23.758 +00:00] [INF] [53] Jellyfin.Api.Auth.CustomAuthenticationHandler: "CustomAuthentication" was not authenticated. Failure message: "Invalid token."
[2025-02-17 03:47:23.758 +00:00] [INF] [53] Jellyfin.Api.Auth.CustomAuthenticationHandler: "CustomAuthentication" was not authenticated. Failure message: "Invalid token."
[2025-02-17 03:47:23.758 +00:00] [INF] [53] Jellyfin.Api.Auth.CustomAuthenticationHandler: AuthenticationScheme: "CustomAuthentication" was challenged.
[2025-02-17 03:47:33.763 +00:00] [INF] [16] Jellyfin.Api.Auth.CustomAuthenticationHandler: "CustomAuthentication" was not authenticated. Failure message: "Invalid token."
[2025-02-17 03:47:33.764 +00:00] [INF] [16] Jellyfin.Api.Auth.CustomAuthenticationHandler: "CustomAuthentication" was not authenticated. Failure message: "Invalid token."
[2025-02-17 03:47:33.764 +00:00] [INF] [16] Jellyfin.Api.Auth.CustomAuthenticationHandler: AuthenticationScheme: "CustomAuthentication" was challenged.
[2025-02-17 03:47:43.761 +00:00] [INF] [16] Jellyfin.Api.Auth.CustomAuthenticationHandler: "CustomAuthentication" was not authenticated. Failure message: "Invalid token."
[2025-02-17 03:47:43.762 +00:00] [INF] [16] Jellyfin.Api.Auth.CustomAuthenticationHandler: "CustomAuthentication" was not authenticated. Failure message: "Invalid token."
[2025-02-17 03:47:43.762 +00:00] [INF] [16] Jellyfin.Api.Auth.CustomAuthenticationHandler: AuthenticationScheme: "CustomAuthentication" was challenged.
[2025-02-17 03:47:53.762 +00:00] [INF] [16] Jellyfin.Api.Auth.CustomAuthenticationHandler: "CustomAuthentication" was not authenticated. Failure message: "Invalid token."
[2025-02-17 03:47:53.762 +00:00] [INF] [16] Jellyfin.Api.Auth.CustomAuthenticationHandler: "CustomAuthentication" was not authenticated. Failure message: "Invalid token."
[2025-02-17 03:47:53.762 +00:00] [INF] [16] Jellyfin.Api.Auth.CustomAuthenticationHandler: AuthenticationScheme: "CustomAuthentication" was challenged.
[2025-02-17 03:48:03.757 +00:00] [INF] [16] Jellyfin.Api.Auth.CustomAuthenticationHandler: "CustomAuthentication" was not authenticated. Failure message: "Invalid token."
[2025-02-17 03:48:03.758 +00:00] [INF] [16] Jellyfin.Api.Auth.CustomAuthenticationHandler: "CustomAuthentication" was not authenticated. Failure message: "Invalid token."
[2025-02-17 03:48:03.758 +00:00] [INF] [16] Jellyfin.Api.Auth.CustomAuthenticationHandler: AuthenticationScheme: "CustomAuthentication" was challenged.
[2025-02-17 03:48:13.771 +00:00] [INF] [23] Jellyfin.Api.Auth.CustomAuthenticationHandler: "CustomAuthentication" was not authenticated. Failure message: "Invalid token."
[2025-02-17 03:48:13.771 +00:00] [INF] [23] Jellyfin.Api.Auth.CustomAuthenticationHandler: "CustomAuthentication" was not authenticated. Failure message: "Invalid token."
[2025-02-17 03:48:13.771 +00:00] [INF] [23] Jellyfin.Api.Auth.CustomAuthenticationHandler: AuthenticationScheme: "CustomAuthentication" was challenged.
[2025-02-17 03:48:23.761 +00:00] [INF] [23] Jellyfin.Api.Auth.CustomAuthenticationHandler: "CustomAuthentication" was not authenticated. Failure message: "Invalid token."
[2025-02-17 03:48:23.762 +00:00] [INF] [23] Jellyfin.Api.Auth.CustomAuthenticationHandler: "CustomAuthentication" was not authenticated. Failure message: "Invalid token."
[2025-02-17 03:48:23.762 +00:00] [INF] [23] Jellyfin.Api.Auth.CustomAuthenticationHandler: AuthenticationScheme: "CustomAuthentication" was challenged.
[2025-02-17 03:48:33.769 +00:00] [INF] [53] Jellyfin.Api.Auth.CustomAuthenticationHandler: "CustomAuthentication" was not authenticated. Failure message: "Invalid token."
[2025-02-17 03:48:33.769 +00:00] [INF] [53] Jellyfin.Api.Auth.CustomAuthenticationHandler: "CustomAuthentication" was not authenticated. Failure message: "Invalid token."
[2025-02-17 03:48:33.770 +00:00] [INF] [53] Jellyfin.Api.Auth.CustomAuthenticationHandler: AuthenticationScheme: "CustomAuthentication" was challenged.
[2025-02-17 03:48:43.766 +00:00] [INF] [53] Jellyfin.Api.Auth.CustomAuthenticationHandler: "CustomAuthentication" was not authenticated. Failure message: "Invalid token."
[2025-02-17 03:48:43.766 +00:00] [INF] [53] Jellyfin.Api.Auth.CustomAuthenticationHandler: "CustomAuthentication" was not authenticated. Failure message: "Invalid token."
[2025-02-17 03:48:43.767 +00:00] [INF] [53] Jellyfin.Api.Auth.CustomAuthenticationHandler: AuthenticationScheme: "CustomAuthentication" was challenged.
[2025-02-17 03:48:53.760 +00:00] [INF] [16] Jellyfin.Api.Auth.CustomAuthenticationHandler: "CustomAuthentication" was not authenticated. Failure message: "Invalid token."
[2025-02-17 03:48:53.760 +00:00] [INF] [16] Jellyfin.Api.Auth.CustomAuthenticationHandler: "CustomAuthentication" was not authenticated. Failure message: "Invalid token."
[2025-02-17 03:48:53.761 +00:00] [INF] [16] Jellyfin.Api.Auth.CustomAuthenticationHandler: AuthenticationScheme: "CustomAuthentication" was challenged.
[2025-02-17 03:49:03.758 +00:00] [INF] [53] Jellyfin.Api.Auth.CustomAuthenticationHandler: "CustomAuthentication" was not authenticated. Failure message: "Invalid token."
[2025-02-17 03:49:03.758 +00:00] [INF] [53] Jellyfin.Api.Auth.CustomAuthenticationHandler: "CustomAuthentication" was not authenticated. Failure message: "Invalid token."
[2025-02-17 03:49:03.758 +00:00] [INF] [53] Jellyfin.Api.Auth.CustomAuthenticationHandler: AuthenticationScheme: "CustomAuthentication" was challenged.
[2025-02-17 03:49:08.265 +00:00] [WRN] [56] Jellyfin.Networking.Manager.NetworkManager: IPv6 is disabled in Jellyfin, but enabled in the OS. This may affect how the interface is selected.
[2025-02-17 03:49:08.600 +00:00] [WRN] [55] Jellyfin.Networking.Manager.NetworkManager: IPv6 is disabled in Jellyfin, but enabled in the OS. This may affect how the interface is selected.
[2025-02-17 03:49:08.642 +00:00] [WRN] [29] Jellyfin.Networking.Manager.NetworkManager: IPv6 is disabled in Jellyfin, but enabled in the OS. This may affect how the interface is selected.
[2025-02-17 03:49:08.687 +00:00] [INF] [29] Emby.Server.Implementations.HttpServer.WebSocketManager: WS "2405:acc0:1306:528:f5d3:34f1:d9c2:f5c3" request
[2025-02-17 03:49:12.102 +00:00] [WRN] [68] Jellyfin.Networking.Manager.NetworkManager: IPv6 is disabled in Jellyfin, but enabled in the OS. This may affect how the interface is selected.
[2025-02-17 03:49:13.756 +00:00] [INF] [19] Jellyfin.Api.Auth.CustomAuthenticationHandler: "CustomAuthentication" was not authenticated. Failure message: "Invalid token."
[2025-02-17 03:49:13.756 +00:00] [INF] [19] Jellyfin.Api.Auth.CustomAuthenticationHandler: "CustomAuthentication" was not authenticated. Failure message: "Invalid token."
[2025-02-17 03:49:13.756 +00:00] [INF] [19] Jellyfin.Api.Auth.CustomAuthenticationHandler: AuthenticationScheme: "CustomAuthentication" was challenged.
[2025-02-17 03:49:23.761 +00:00] [INF] [19] Jellyfin.Api.Auth.CustomAuthenticationHandler: "CustomAuthentication" was not authenticated. Failure message: "Invalid token."
[2025-02-17 03:49:23.762 +00:00] [INF] [19] Jellyfin.Api.Auth.CustomAuthenticationHandler: "CustomAuthentication" was not authenticated. Failure message: "Invalid token."
[2025-02-17 03:49:23.763 +00:00] [INF] [19] Jellyfin.Api.Auth.CustomAuthenticationHandler: AuthenticationScheme: "CustomAuthentication" was challenged.
[2025-02-17 03:49:33.758 +00:00] [INF] [29] Jellyfin.Api.Auth.CustomAuthenticationHandler: "CustomAuthentication" was not authenticated. Failure message: "Invalid token."
[2025-02-17 03:49:33.758 +00:00] [INF] [29] Jellyfin.Api.Auth.CustomAuthenticationHandler: "CustomAuthentication" was not authenticated. Failure message: "Invalid token."
[2025-02-17 03:49:33.759 +00:00] [INF] [29] Jellyfin.Api.Auth.CustomAuthenticationHandler: AuthenticationScheme: "CustomAuthentication" was challenged.
[2025-02-17 03:49:43.766 +00:00] [INF] [68] Jellyfin.Api.Auth.CustomAuthenticationHandler: "CustomAuthentication" was not authenticated. Failure message: "Invalid token."
[2025-02-17 03:49:43.766 +00:00] [INF] [68] Jellyfin.Api.Auth.CustomAuthenticationHandler: "CustomAuthentication" was not authenticated. Failure message: "Invalid token."
[2025-02-17 03:49:43.766 +00:00] [INF] [68] Jellyfin.Api.Auth.CustomAuthenticationHandler: AuthenticationScheme: "CustomAuthentication" was challenged.
[2025-02-17 03:49:53.759 +00:00] [INF] [68] Jellyfin.Api.Auth.CustomAuthenticationHandler: "CustomAuthentication" was not authenticated. Failure message: "Invalid token."
[2025-02-17 03:49:53.760 +00:00] [INF] [68] Jellyfin.Api.Auth.CustomAuthenticationHandler: "CustomAuthentication" was not authenticated. Failure message: "Invalid token."
[2025-02-17 03:49:53.760 +00:00] [INF] [68] Jellyfin.Api.Auth.CustomAuthenticationHandler: AuthenticationScheme: "CustomAuthentication" was challenged.
[2025-02-17 03:50:03.760 +00:00] [INF] [29] Jellyfin.Api.Auth.CustomAuthenticationHandler: "CustomAuthentication" was not authenticated. Failure message: "Invalid token."
[2025-02-17 03:50:03.761 +00:00] [INF] [29] Jellyfin.Api.Auth.CustomAuthenticationHandler: "CustomAuthentication" was not authenticated. Failure message: "Invalid token."
[2025-02-17 03:50:03.761 +00:00] [INF] [29] Jellyfin.Api.Auth.CustomAuthenticationHandler: AuthenticationScheme: "CustomAuthentication" was challenged.
[2025-02-17 03:50:13.766 +00:00] [INF] [68] Jellyfin.Api.Auth.CustomAuthenticationHandler: "CustomAuthentication" was not authenticated. Failure message: "Invalid token."
[2025-02-17 03:50:13.766 +00:00] [INF] [68] Jellyfin.Api.Auth.CustomAuthenticationHandler: "CustomAuthentication" was not authenticated. Failure message: "Invalid token."
[2025-02-17 03:50:13.766 +00:00] [INF] [68] Jellyfin.Api.Auth.CustomAuthenticationHandler: AuthenticationScheme: "CustomAuthentication" was challenged.
[2025-02-17 03:50:23.768 +00:00] [INF] [68] Jellyfin.Api.Auth.CustomAuthenticationHandler: "CustomAuthentication" was not authenticated. Failure message: "Invalid token."
[2025-02-17 03:50:23.768 +00:00] [INF] [68] Jellyfin.Api.Auth.CustomAuthenticationHandler: "CustomAuthentication" was not authenticated. Failure message: "Invalid token."
[2025-02-17 03:50:23.768 +00:00] [INF] [68] Jellyfin.Api.Auth.CustomAuthenticationHandler: AuthenticationScheme: "CustomAuthentication" was challenged.
[2025-02-17 03:50:33.807 +00:00] [INF] [71] Jellyfin.Api.Auth.CustomAuthenticationHandler: "CustomAuthentication" was not authenticated. Failure message: "Invalid token."
[2025-02-17 03:50:33.807 +00:00] [INF] [71] Jellyfin.Api.Auth.CustomAuthenticationHandler: "CustomAuthentication" was not authenticated. Failure message: "Invalid token."
[2025-02-17 03:50:33.807 +00:00] [INF] [71] Jellyfin.Api.Auth.CustomAuthenticationHandler: AuthenticationScheme: "CustomAuthentication" was challenged.
[2025-02-17 03:50:43.758 +00:00] [INF] [68] Jellyfin.Api.Auth.CustomAuthenticationHandler: "CustomAuthentication" was not authenticated. Failure message: "Invalid token."
[2025-02-17 03:50:43.759 +00:00] [INF] [68] Jellyfin.Api.Auth.CustomAuthenticationHandler: "CustomAuthentication" was not authenticated. Failure message: "Invalid token."
[2025-02-17 03:50:43.759 +00:00] [INF] [68] Jellyfin.Api.Auth.CustomAuthenticationHandler: AuthenticationScheme: "CustomAuthentication" was challenged.
[2025-02-17 03:50:53.761 +00:00] [INF] [58] Jellyfin.Api.Auth.CustomAuthenticationHandler: "CustomAuthentication" was not authenticated. Failure message: "Invalid token."
[2025-02-17 03:50:53.761 +00:00] [INF] [58] Jellyfin.Api.Auth.CustomAuthenticationHandler: "CustomAuthentication" was not authenticated. Failure message: "Invalid token."
[2025-02-17 03:50:53.761 +00:00] [INF] [58] Jellyfin.Api.Auth.CustomAuthenticationHandler: AuthenticationScheme: "CustomAuthentication" was challenged.
[2025-02-17 03:51:03.763 +00:00] [INF] [68] Jellyfin.Api.Auth.CustomAuthenticationHandler: "CustomAuthentication" was not authenticated. Failure message: "Invalid token."
[2025-02-17 03:51:03.764 +00:00] [INF] [68] Jellyfin.Api.Auth.CustomAuthenticationHandler: "CustomAuthentication" was not authenticated. Failure message: "Invalid token."
[2025-02-17 03:51:03.764 +00:00] [INF] [68] Jellyfin.Api.Auth.CustomAuthenticationHandler: AuthenticationScheme: "CustomAuthentication" was challenged.
[2025-02-17 03:51:13.757 +00:00] [INF] [68] Jellyfin.Api.Auth.CustomAuthenticationHandler: "CustomAuthentication" was not authenticated. Failure message: "Invalid token."
[2025-02-17 03:51:13.757 +00:00] [INF] [68] Jellyfin.Api.Auth.CustomAuthenticationHandler: "CustomAuthentication" was not authenticated. Failure message: "Invalid token."
[2025-02-17 03:51:13.757 +00:00] [INF] [68] Jellyfin.Api.Auth.CustomAuthenticationHandler: AuthenticationScheme: "CustomAuthentication" was challenged.
[2025-02-17 03:51:23.758 +00:00] [INF] [68] Jellyfin.Api.Auth.CustomAuthenticationHandler: "CustomAuthentication" was not authenticated. Failure message: "Invalid token."
[2025-02-17 03:51:23.758 +00:00] [INF] [68] Jellyfin.Api.Auth.CustomAuthenticationHandler: "CustomAuthentication" was not authenticated. Failure message: "Invalid token."
[2025-02-17 03:51:23.759 +00:00] [INF] [68] Jellyfin.Api.Auth.CustomAuthenticationHandler: AuthenticationScheme: "CustomAuthentication" was challenged.
[2025-02-17 03:51:33.760 +00:00] [INF] [71] Jellyfin.Api.Auth.CustomAuthenticationHandler: "CustomAuthentication" was not authenticated. Failure message: "Invalid token."
[2025-02-17 03:51:33.761 +00:00] [INF] [71] Jellyfin.Api.Auth.CustomAuthenticationHandler: "CustomAuthentication" was not authenticated. Failure message: "Invalid token."
[2025-02-17 03:51:33.761 +00:00] [INF] [71] Jellyfin.Api.Auth.CustomAuthenticationHandler: AuthenticationScheme: "CustomAuthentication" was challenged.
[2025-02-17 03:51:43.757 +00:00] [INF] [14] Jellyfin.Api.Auth.CustomAuthenticationHandler: "CustomAuthentication" was not authenticated. Failure message: "Invalid token."
[2025-02-17 03:51:43.758 +00:00] [INF] [14] Jellyfin.Api.Auth.CustomAuthenticationHandler: "CustomAuthentication" was not authenticated. Failure message: "Invalid token."
[2025-02-17 03:51:43.758 +00:00] [INF] [14] Jellyfin.Api.Auth.CustomAuthenticationHandler: AuthenticationScheme: "CustomAuthentication" was challenged.
[2025-02-17 03:51:53.761 +00:00] [INF] [68] Jellyfin.Api.Auth.CustomAuthenticationHandler: "CustomAuthentication" was not authenticated. Failure message: "Invalid token."
[2025-02-17 03:51:53.761 +00:00] [INF] [68] Jellyfin.Api.Auth.CustomAuthenticationHandler: "CustomAuthentication" was not authenticated. Failure message: "Invalid token."
[2025-02-17 03:51:53.761 +00:00] [INF] [68] Jellyfin.Api.Auth.CustomAuthenticationHandler: AuthenticationScheme: "CustomAuthentication" was challenged.
[2025-02-17 03:51:56.724 +00:00] [INF] [14] Emby.Server.Implementations.Session.SessionWebSocketListener: Sending ForceKeepAlive message to 1 inactive WebSockets.
[2025-02-17 03:52:03.759 +00:00] [INF] [68] Jellyfin.Api.Auth.CustomAuthenticationHandler: "CustomAuthentication" was not authenticated. Failure message: "Invalid token."
[2025-02-17 03:52:03.759 +00:00] [INF] [68] Jellyfin.Api.Auth.CustomAuthenticationHandler: "CustomAuthentication" was not authenticated. Failure message: "Invalid token."
[2025-02-17 03:52:03.759 +00:00] [INF] [68] Jellyfin.Api.Auth.CustomAuthenticationHandler: AuthenticationScheme: "CustomAuthentication" was challenged.
[2025-02-17 03:52:13.767 +00:00] [INF] [71] Jellyfin.Api.Auth.CustomAuthenticationHandler: "CustomAuthentication" was not authenticated. Failure message: "Invalid token."
[2025-02-17 03:52:13.767 +00:00] [INF] [71] Jellyfin.Api.Auth.CustomAuthenticationHandler: "CustomAuthentication" was not authenticated. Failure message: "Invalid token."
[2025-02-17 03:52:13.767 +00:00] [INF] [71] Jellyfin.Api.Auth.CustomAuthenticationHandler: AuthenticationScheme: "CustomAuthentication" was challenged.
[2025-02-17 03:52:23.760 +00:00] [INF] [71] Jellyfin.Api.Auth.CustomAuthenticationHandler: "CustomAuthentication" was not authenticated. Failure message: "Invalid token."
[2025-02-17 03:52:23.760 +00:00] [INF] [71] Jellyfin.Api.Auth.CustomAuthenticationHandler: "CustomAuthentication" was not authenticated. Failure message: "Invalid token."
[2025-02-17 03:52:23.761 +00:00] [INF] [71] Jellyfin.Api.Auth.CustomAuthenticationHandler: AuthenticationScheme: "CustomAuthentication" was challenged.
[2025-02-17 03:52:33.763 +00:00] [INF] [71] Jellyfin.Api.Auth.CustomAuthenticationHandler: "CustomAuthentication" was not authenticated. Failure message: "Invalid token."
[2025-02-17 03:52:33.763 +00:00] [INF] [71] Jellyfin.Api.Auth.CustomAuthenticationHandler: "CustomAuthentication" was not authenticated. Failure message: "Invalid token."
[2025-02-17 03:52:33.763 +00:00] [INF] [71] Jellyfin.Api.Auth.CustomAuthenticationHandler: AuthenticationScheme: "CustomAuthentication" was challenged.
[2025-02-17 03:52:43.759 +00:00] [INF] [77] Jellyfin.Api.Auth.CustomAuthenticationHandler: "CustomAuthentication" was not authenticated. Failure message: "Invalid token."
[2025-02-17 03:52:43.760 +00:00] [INF] [77] Jellyfin.Api.Auth.CustomAuthenticationHandler: "CustomAuthentication" was not authenticated. Failure message: "Invalid token."
[2025-02-17 03:52:43.760 +00:00] [INF] [77] Jellyfin.Api.Auth.CustomAuthenticationHandler: AuthenticationScheme: "CustomAuthentication" was challenged.
[2025-02-17 03:52:53.765 +00:00] [INF] [68] Jellyfin.Api.Auth.CustomAuthenticationHandler: "CustomAuthentication" was not authenticated. Failure message: "Invalid token."
[2025-02-17 03:52:53.765 +00:00] [INF] [68] Jellyfin.Api.Auth.CustomAuthenticationHandler: "CustomAuthentication" was not authenticated. Failure message: "Invalid token."
[2025-02-17 03:52:53.766 +00:00] [INF] [68] Jellyfin.Api.Auth.CustomAuthenticationHandler: AuthenticationScheme: "CustomAuthentication" was challenged.
[2025-02-17 03:53:03.767 +00:00] [INF] [77] Jellyfin.Api.Auth.CustomAuthenticationHandler: "CustomAuthentication" was not authenticated. Failure message: "Invalid token."
[2025-02-17 03:53:03.767 +00:00] [INF] [77] Jellyfin.Api.Auth.CustomAuthenticationHandler: "CustomAuthentication" was not authenticated. Failure message: "Invalid token."
[2025-02-17 03:53:03.768 +00:00] [INF] [77] Jellyfin.Api.Auth.CustomAuthenticationHandler: AuthenticationScheme: "CustomAuthentication" was challenged.
[2025-02-17 03:53:13.756 +00:00] [INF] [77] Jellyfin.Api.Auth.CustomAuthenticationHandler: "CustomAuthentication" was not authenticated. Failure message: "Invalid token."
[2025-02-17 03:53:13.757 +00:00] [INF] [77] Jellyfin.Api.Auth.CustomAuthenticationHandler: "CustomAuthentication" was not authenticated. Failure message: "Invalid token."
[2025-02-17 03:53:13.757 +00:00] [INF] [77] Jellyfin.Api.Auth.CustomAuthenticationHandler: AuthenticationScheme: "CustomAuthentication" was challenged.
[2025-02-17 03:53:23.759 +00:00] [INF] [71] Jellyfin.Api.Auth.CustomAuthenticationHandler: "CustomAuthentication" was not authenticated. Failure message: "Invalid token."
[2025-02-17 03:53:23.759 +00:00] [INF] [71] Jellyfin.Api.Auth.CustomAuthenticationHandler: "CustomAuthentication" was not authenticated. Failure message: "Invalid token."
[2025-02-17 03:53:23.759 +00:00] [INF] [71] Jellyfin.Api.Auth.CustomAuthenticationHandler: AuthenticationScheme: "CustomAuthentication" was challenged.
[2025-02-17 03:53:33.758 +00:00] [INF] [71] Jellyfin.Api.Auth.CustomAuthenticationHandler: "CustomAuthentication" was not authenticated. Failure message: "Invalid token."
[2025-02-17 03:53:33.759 +00:00] [INF] [71] Jellyfin.Api.Auth.CustomAuthenticationHandler: "CustomAuthentication" was not authenticated. Failure message: "Invalid token."
[2025-02-17 03:53:33.759 +00:00] [INF] [71] Jellyfin.Api.Auth.CustomAuthenticationHandler: AuthenticationScheme: "CustomAuthentication" was challenged.
[2025-02-17 03:53:43.764 +00:00] [INF] [71] Jellyfin.Api.Auth.CustomAuthenticationHandler: "CustomAuthentication" was not authenticated. Failure message: "Invalid token."
[2025-02-17 03:53:43.764 +00:00] [INF] [71] Jellyfin.Api.Auth.CustomAuthenticationHandler: "CustomAuthentication" was not authenticated. Failure message: "Invalid token."
[2025-02-17 03:53:43.764 +00:00] [INF] [71] Jellyfin.Api.Auth.CustomAuthenticationHandler: AuthenticationScheme: "CustomAuthentication" was challenged.
[2025-02-17 03:53:53.757 +00:00] [INF] [71] Jellyfin.Api.Auth.CustomAuthenticationHandler: "CustomAuthentication" was not authenticated. Failure message: "Invalid token."
[2025-02-17 03:53:53.757 +00:00] [INF] [71] Jellyfin.Api.Auth.CustomAuthenticationHandler: "CustomAuthentication" was not authenticated. Failure message: "Invalid token."
[2025-02-17 03:53:53.758 +00:00] [INF] [71] Jellyfin.Api.Auth.CustomAuthenticationHandler: AuthenticationScheme: "CustomAuthentication" was challenged.
[2025-02-17 03:54:03.765 +00:00] [INF] [64] Jellyfin.Api.Auth.CustomAuthenticationHandler: "CustomAuthentication" was not authenticated. Failure message: "Invalid token."
[2025-02-17 03:54:03.765 +00:00] [INF] [64] Jellyfin.Api.Auth.CustomAuthenticationHandler: "CustomAuthentication" was not authenticated. Failure message: "Invalid token."
[2025-02-17 03:54:03.765 +00:00] [INF] [64] Jellyfin.Api.Auth.CustomAuthenticationHandler: AuthenticationScheme: "CustomAuthentication" was challenged.
[2025-02-17 03:54:13.763 +00:00] [INF] [82] Jellyfin.Api.Auth.CustomAuthenticationHandler: "CustomAuthentication" was not authenticated. Failure message: "Invalid token."
[2025-02-17 03:54:13.763 +00:00] [INF] [82] Jellyfin.Api.Auth.CustomAuthenticationHandler: "CustomAuthentication" was not authenticated. Failure message: "Invalid token."
[2025-02-17 03:54:13.763 +00:00] [INF] [82] Jellyfin.Api.Auth.CustomAuthenticationHandler: AuthenticationScheme: "CustomAuthentication" was challenged.
[2025-02-17 03:54:23.773 +00:00] [INF] [64] Jellyfin.Api.Auth.CustomAuthenticationHandler: "CustomAuthentication" was not authenticated. Failure message: "Invalid token."
[2025-02-17 03:54:23.773 +00:00] [INF] [64] Jellyfin.Api.Auth.CustomAuthenticationHandler: "CustomAuthentication" was not authenticated. Failure message: "Invalid token."
[2025-02-17 03:54:23.773 +00:00] [INF] [64] Jellyfin.Api.Auth.CustomAuthenticationHandler: AuthenticationScheme: "CustomAuthentication" was challenged.
[2025-02-17 03:54:33.765 +00:00] [INF] [14] Jellyfin.Api.Auth.CustomAuthenticationHandler: "CustomAuthentication" was not authenticated. Failure message: "Invalid token."
[2025-02-17 03:54:33.766 +00:00] [INF] [14] Jellyfin.Api.Auth.CustomAuthenticationHandler: "CustomAuthentication" was not authenticated. Failure message: "Invalid token."
[2025-02-17 03:54:33.766 +00:00] [INF] [14] Jellyfin.Api.Auth.CustomAuthenticationHandler: AuthenticationScheme: "CustomAuthentication" was challenged.
[2025-02-17 03:54:43.758 +00:00] [INF] [68] Jellyfin.Api.Auth.CustomAuthenticationHandler: "CustomAuthentication" was not authenticated. Failure message: "Invalid token."
[2025-02-17 03:54:43.759 +00:00] [INF] [68] Jellyfin.Api.Auth.CustomAuthenticationHandler: "CustomAuthentication" was not authenticated. Failure message: "Invalid token."
[2025-02-17 03:54:43.759 +00:00] [INF] [68] Jellyfin.Api.Auth.CustomAuthenticationHandler: AuthenticationScheme: "CustomAuthentication" was challenged.
[2025-02-17 03:54:44.724 +00:00] [INF] [14] Emby.Server.Implementations.Session.SessionWebSocketListener: Sending ForceKeepAlive message to 1 inactive WebSockets.
[2025-02-17 03:54:53.759 +00:00] [INF] [68] Jellyfin.Api.Auth.CustomAuthenticationHandler: "CustomAuthentication" was not authenticated. Failure message: "Invalid token."
[2025-02-17 03:54:53.759 +00:00] [INF] [68] Jellyfin.Api.Auth.CustomAuthenticationHandler: "CustomAuthentication" was not authenticated. Failure message: "Invalid token."
[2025-02-17 03:54:53.760 +00:00] [INF] [68] Jellyfin.Api.Auth.CustomAuthenticationHandler: AuthenticationScheme: "CustomAuthentication" was challenged.
[2025-02-17 03:55:03.754 +00:00] [INF] [77] Jellyfin.Api.Auth.CustomAuthenticationHandler: "CustomAuthentication" was not authenticated. Failure message: "Invalid token."
[2025-02-17 03:55:03.754 +00:00] [INF] [77] Jellyfin.Api.Auth.CustomAuthenticationHandler: "CustomAuthentication" was not authenticated. Failure message: "Invalid token."
[2025-02-17 03:55:03.754 +00:00] [INF] [77] Jellyfin.Api.Auth.CustomAuthenticationHandler: AuthenticationScheme: "CustomAuthentication" was challenged.
[2025-02-17 03:55:13.762 +00:00] [INF] [84] Jellyfin.Api.Auth.CustomAuthenticationHandler: "CustomAuthentication" was not authenticated. Failure message: "Invalid token."
[2025-02-17 03:55:13.762 +00:00] [INF] [84] Jellyfin.Api.Auth.CustomAuthenticationHandler: "CustomAuthentication" was not authenticated. Failure message: "Invalid token."
[2025-02-17 03:55:13.762 +00:00] [INF] [84] Jellyfin.Api.Auth.CustomAuthenticationHandler: AuthenticationScheme: "CustomAuthentication" was challenged.
[2025-02-17 03:55:17.124 +00:00] [WRN] [48] Jellyfin.Networking.Manager.NetworkManager: IPv6 is disabled in Jellyfin, but enabled in the OS. This may affect how the interface is selected.
[2025-02-17 03:55:23.758 +00:00] [INF] [64] Jellyfin.Api.Auth.CustomAuthenticationHandler: "CustomAuthentication" was not authenticated. Failure message: "Invalid token."
[2025-02-17 03:55:23.758 +00:00] [INF] [64] Jellyfin.Api.Auth.CustomAuthenticationHandler: "CustomAuthentication" was not authenticated. Failure message: "Invalid token."
[2025-02-17 03:55:23.758 +00:00] [INF] [64] Jellyfin.Api.Auth.CustomAuthenticationHandler: AuthenticationScheme: "CustomAuthentication" was challenged.
[2025-02-17 03:55:33.762 +00:00] [INF] [64] Jellyfin.Api.Auth.CustomAuthenticationHandler: "CustomAuthentication" was not authenticated. Failure message: "Invalid token."
[2025-02-17 03:55:33.762 +00:00] [INF] [64] Jellyfin.Api.Auth.CustomAuthenticationHandler: "CustomAuthentication" was not authenticated. Failure message: "Invalid token."
[2025-02-17 03:55:33.762 +00:00] [INF] [64] Jellyfin.Api.Auth.CustomAuthenticationHandler: AuthenticationScheme: "CustomAuthentication" was challenged.
[2025-02-17 03:55:43.793 +00:00] [INF] [64] Jellyfin.Api.Auth.CustomAuthenticationHandler: "CustomAuthentication" was not authenticated. Failure message: "Invalid token."
[2025-02-17 03:55:43.793 +00:00] [INF] [64] Jellyfin.Api.Auth.CustomAuthenticationHandler: "CustomAuthentication" was not authenticated. Failure message: "Invalid token."
[2025-02-17 03:55:43.793 +00:00] [INF] [64] Jellyfin.Api.Auth.CustomAuthenticationHandler: AuthenticationScheme: "CustomAuthentication" was challenged.
[2025-02-17 03:55:53.761 +00:00] [INF] [64] Jellyfin.Api.Auth.CustomAuthenticationHandler: "CustomAuthentication" was not authenticated. Failure message: "Invalid token."
[2025-02-17 03:55:53.762 +00:00] [INF] [64] Jellyfin.Api.Auth.CustomAuthenticationHandler: "CustomAuthentication" was not authenticated. Failure message: "Invalid token."
[2025-02-17 03:55:53.762 +00:00] [INF] [64] Jellyfin.Api.Auth.CustomAuthenticationHandler: AuthenticationScheme: "CustomAuthentication" was challenged.
[2025-02-17 03:56:03.760 +00:00] [INF] [64] Jellyfin.Api.Auth.CustomAuthenticationHandler: "CustomAuthentication" was not authenticated. Failure message: "Invalid token."
[2025-02-17 03:56:03.760 +00:00] [INF] [64] Jellyfin.Api.Auth.CustomAuthenticationHandler: "CustomAuthentication" was not authenticated. Failure message: "Invalid token."
[2025-02-17 03:56:03.760 +00:00] [INF] [64] Jellyfin.Api.Auth.CustomAuthenticationHandler: AuthenticationScheme: "CustomAuthentication" was challenged.
[2025-02-17 03:56:13.760 +00:00] [INF] [58] Jellyfin.Api.Auth.CustomAuthenticationHandler: "CustomAuthentication" was not authenticated. Failure message: "Invalid token."
[2025-02-17 03:56:13.760 +00:00] [INF] [58] Jellyfin.Api.Auth.CustomAuthenticationHandler: "CustomAuthentication" was not authenticated. Failure message: "Invalid token."
[2025-02-17 03:56:13.761 +00:00] [INF] [58] Jellyfin.Api.Auth.CustomAuthenticationHandler: AuthenticationScheme: "CustomAuthentication" was challenged.
[2025-02-17 03:56:18.627 +00:00] [WRN] [48] Jellyfin.Networking.Manager.NetworkManager: IPv6 is disabled in Jellyfin, but enabled in the OS. This may affect how the interface is selected.
[2025-02-17 03:56:21.462 +00:00] [WRN] [48] Jellyfin.Networking.Manager.NetworkManager: IPv6 is disabled in Jellyfin, but enabled in the OS. This may affect how the interface is selected.
[2025-02-17 03:56:23.781 +00:00] [INF] [71] Jellyfin.Api.Auth.CustomAuthenticationHandler: "CustomAuthentication" was not authenticated. Failure message: "Invalid token."
[2025-02-17 03:56:23.781 +00:00] [INF] [71] Jellyfin.Api.Auth.CustomAuthenticationHandler: "CustomAuthentication" was not authenticated. Failure message: "Invalid token."
[2025-02-17 03:56:23.781 +00:00] [INF] [71] Jellyfin.Api.Auth.CustomAuthenticationHandler: AuthenticationScheme: "CustomAuthentication" was challenged.
[2025-02-17 03:56:33.762 +00:00] [INF] [71] Jellyfin.Api.Auth.CustomAuthenticationHandler: "CustomAuthentication" was not authenticated. Failure message: "Invalid token."
[2025-02-17 03:56:33.762 +00:00] [INF] [71] Jellyfin.Api.Auth.CustomAuthenticationHandler: "CustomAuthentication" was not authenticated. Failure message: "Invalid token."
[2025-02-17 03:56:33.763 +00:00] [INF] [71] Jellyfin.Api.Auth.CustomAuthenticationHandler: AuthenticationScheme: "CustomAuthentication" was challenged.
[2025-02-17 03:56:43.760 +00:00] [INF] [64] Jellyfin.Api.Auth.CustomAuthenticationHandler: "CustomAuthentication" was not authenticated. Failure message: "Invalid token."
[2025-02-17 03:56:43.760 +00:00] [INF] [64] Jellyfin.Api.Auth.CustomAuthenticationHandler: "CustomAuthentication" was not authenticated. Failure message: "Invalid token."
[2025-02-17 03:56:43.761 +00:00] [INF] [64] Jellyfin.Api.Auth.CustomAuthenticationHandler: AuthenticationScheme: "CustomAuthentication" was challenged.
[2025-02-17 03:56:53.760 +00:00] [INF] [59] Jellyfin.Api.Auth.CustomAuthenticationHandler: "CustomAuthentication" was not authenticated. Failure message: "Invalid token."
[2025-02-17 03:56:53.760 +00:00] [INF] [59] Jellyfin.Api.Auth.CustomAuthenticationHandler: "CustomAuthentication" was not authenticated. Failure message: "Invalid token."
[2025-02-17 03:56:53.760 +00:00] [INF] [59] Jellyfin.Api.Auth.CustomAuthenticationHandler: AuthenticationScheme: "CustomAuthentication" was challenged.
[2025-02-17 03:57:03.758 +00:00] [INF] [64] Jellyfin.Api.Auth.CustomAuthenticationHandler: "CustomAuthentication" was not authenticated. Failure message: "Invalid token."
[2025-02-17 03:57:03.758 +00:00] [INF] [64] Jellyfin.Api.Auth.CustomAuthenticationHandler: "CustomAuthentication" was not authenticated. Failure message: "Invalid token."
[2025-02-17 03:57:03.759 +00:00] [INF] [64] Jellyfin.Api.Auth.CustomAuthenticationHandler: AuthenticationScheme: "CustomAuthentication" was challenged.
[2025-02-17 03:57:13.760 +00:00] [INF] [64] Jellyfin.Api.Auth.CustomAuthenticationHandler: "CustomAuthentication" was not authenticated. Failure message: "Invalid token."
[2025-02-17 03:57:13.761 +00:00] [INF] [64] Jellyfin.Api.Auth.CustomAuthenticationHandler: "CustomAuthentication" was not authenticated. Failure message: "Invalid token."
[2025-02-17 03:57:13.761 +00:00] [INF] [64] Jellyfin.Api.Auth.CustomAuthenticationHandler: AuthenticationScheme: "CustomAuthentication" was challenged.
[2025-02-17 03:57:23.757 +00:00] [INF] [64] Jellyfin.Api.Auth.CustomAuthenticationHandler: "CustomAuthentication" was not authenticated. Failure message: "Invalid token."
[2025-02-17 03:57:23.758 +00:00] [INF] [64] Jellyfin.Api.Auth.CustomAuthenticationHandler: "CustomAuthentication" was not authenticated. Failure message: "Invalid token."
[2025-02-17 03:57:23.758 +00:00] [INF] [64] Jellyfin.Api.Auth.CustomAuthenticationHandler: AuthenticationScheme: "CustomAuthentication" was challenged.
[2025-02-17 03:57:33.772 +00:00] [INF] [39] Jellyfin.Api.Auth.CustomAuthenticationHandler: "CustomAuthentication" was not authenticated. Failure message: "Invalid token."
[2025-02-17 03:57:33.772 +00:00] [INF] [39] Jellyfin.Api.Auth.CustomAuthenticationHandler: "CustomAuthentication" was not authenticated. Failure message: "Invalid token."
[2025-02-17 03:57:33.773 +00:00] [INF] [39] Jellyfin.Api.Auth.CustomAuthenticationHandler: AuthenticationScheme: "CustomAuthentication" was challenged.
[2025-02-17 03:57:43.761 +00:00] [INF] [39] Jellyfin.Api.Auth.CustomAuthenticationHandler: "CustomAuthentication" was not authenticated. Failure message: "Invalid token."
[2025-02-17 03:57:43.761 +00:00] [INF] [39] Jellyfin.Api.Auth.CustomAuthenticationHandler: "CustomAuthentication" was not authenticated. Failure message: "Invalid token."
[2025-02-17 03:57:43.761 +00:00] [INF] [39] Jellyfin.Api.Auth.CustomAuthenticationHandler: AuthenticationScheme: "CustomAuthentication" was challenged.
[2025-02-17 03:57:53.760 +00:00] [INF] [39] Jellyfin.Api.Auth.CustomAuthenticationHandler: "CustomAuthentication" was not authenticated. Failure message: "Invalid token."
[2025-02-17 03:57:53.760 +00:00] [INF] [39] Jellyfin.Api.Auth.CustomAuthenticationHandler: "CustomAuthentication" was not authenticated. Failure message: "Invalid token."
[2025-02-17 03:57:53.760 +00:00] [INF] [39] Jellyfin.Api.Auth.CustomAuthenticationHandler: AuthenticationScheme: "CustomAuthentication" was challenged.
[2025-02-17 03:58:03.751 +00:00] [INF] [71] Jellyfin.Api.Auth.CustomAuthenticationHandler: "CustomAuthentication" was not authenticated. Failure message: "Invalid token."
[2025-02-17 03:58:03.751 +00:00] [INF] [71] Jellyfin.Api.Auth.CustomAuthenticationHandler: "CustomAuthentication" was not authenticated. Failure message: "Invalid token."
[2025-02-17 03:58:03.751 +00:00] [INF] [71] Jellyfin.Api.Auth.CustomAuthenticationHandler: AuthenticationScheme: "CustomAuthentication" was challenged.
[2025-02-17 03:58:08.724 +00:00] [INF] [39] Emby.Server.Implementations.Session.SessionWebSocketListener: Sending ForceKeepAlive message to 1 inactive WebSockets.
[2025-02-17 03:58:13.780 +00:00] [INF] [71] Jellyfin.Api.Auth.CustomAuthenticationHandler: "CustomAuthentication" was not authenticated. Failure message: "Invalid token."
[2025-02-17 03:58:13.781 +00:00] [INF] [71] Jellyfin.Api.Auth.CustomAuthenticationHandler: "CustomAuthentication" was not authenticated. Failure message: "Invalid token."
[2025-02-17 03:58:13.781 +00:00] [INF] [71] Jellyfin.Api.Auth.CustomAuthenticationHandler: AuthenticationScheme: "CustomAuthentication" was challenged.
[2025-02-17 03:58:23.763 +00:00] [INF] [71] Jellyfin.Api.Auth.CustomAuthenticationHandler: "CustomAuthentication" was not authenticated. Failure message: "Invalid token."
[2025-02-17 03:58:23.764 +00:00] [INF] [71] Jellyfin.Api.Auth.CustomAuthenticationHandler: "CustomAuthentication" was not authenticated. Failure message: "Invalid token."
[2025-02-17 03:58:23.764 +00:00] [INF] [71] Jellyfin.Api.Auth.CustomAuthenticationHandler: AuthenticationScheme: "CustomAuthentication" was challenged.
[2025-02-17 03:58:33.762 +00:00] [INF] [71] Jellyfin.Api.Auth.CustomAuthenticationHandler: "CustomAuthentication" was not authenticated. Failure message: "Invalid token."
[2025-02-17 03:58:33.763 +00:00] [INF] [71] Jellyfin.Api.Auth.CustomAuthenticationHandler: "CustomAuthentication" was not authenticated. Failure message: "Invalid token."
[2025-02-17 03:58:33.764 +00:00] [INF] [71] Jellyfin.Api.Auth.CustomAuthenticationHandler: AuthenticationScheme: "CustomAuthentication" was challenged.
[2025-02-17 03:58:43.762 +00:00] [INF] [58] Jellyfin.Api.Auth.CustomAuthenticationHandler: "CustomAuthentication" was not authenticated. Failure message: "Invalid token."
[2025-02-17 03:58:43.762 +00:00] [INF] [58] Jellyfin.Api.Auth.CustomAuthenticationHandler: "CustomAuthentication" was not authenticated. Failure message: "Invalid token."
[2025-02-17 03:58:43.763 +00:00] [INF] [58] Jellyfin.Api.Auth.CustomAuthenticationHandler: AuthenticationScheme: "CustomAuthentication" was challenged.
[2025-02-17 03:58:53.758 +00:00] [INF] [71] Jellyfin.Api.Auth.CustomAuthenticationHandler: "CustomAuthentication" was not authenticated. Failure message: "Invalid token."
[2025-02-17 03:58:53.758 +00:00] [INF] [71] Jellyfin.Api.Auth.CustomAuthenticationHandler: "CustomAuthentication" was not authenticated. Failure message: "Invalid token."
[2025-02-17 03:58:53.758 +00:00] [INF] [71] Jellyfin.Api.Auth.CustomAuthenticationHandler: AuthenticationScheme: "CustomAuthentication" was challenged.
[2025-02-17 03:59:03.757 +00:00] [INF] [84] Jellyfin.Api.Auth.CustomAuthenticationHandler: "CustomAuthentication" was not authenticated. Failure message: "Invalid token."
[2025-02-17 03:59:03.757 +00:00] [INF] [84] Jellyfin.Api.Auth.CustomAuthenticationHandler: "CustomAuthentication" was not authenticated. Failure message: "Invalid token."
[2025-02-17 03:59:03.757 +00:00] [INF] [84] Jellyfin.Api.Auth.CustomAuthenticationHandler: AuthenticationScheme: "CustomAuthentication" was challenged.
[2025-02-17 03:59:13.769 +00:00] [INF] [64] Jellyfin.Api.Auth.CustomAuthenticationHandler: "CustomAuthentication" was not authenticated. Failure message: "Invalid token."
[2025-02-17 03:59:13.769 +00:00] [INF] [64] Jellyfin.Api.Auth.CustomAuthenticationHandler: "CustomAuthentication" was not authenticated. Failure message: "Invalid token."
[2025-02-17 03:59:13.770 +00:00] [INF] [64] Jellyfin.Api.Auth.CustomAuthenticationHandler: AuthenticationScheme: "CustomAuthentication" was challenged.
[2025-02-17 03:59:23.765 +00:00] [INF] [58] Jellyfin.Api.Auth.CustomAuthenticationHandler: "CustomAuthentication" was not authenticated. Failure message: "Invalid token."
[2025-02-17 03:59:23.765 +00:00] [INF] [58] Jellyfin.Api.Auth.CustomAuthenticationHandler: "CustomAuthentication" was not authenticated. Failure message: "Invalid token."
[2025-02-17 03:59:23.765 +00:00] [INF] [58] Jellyfin.Api.Auth.CustomAuthenticationHandler: AuthenticationScheme: "CustomAuthentication" was challenged.
[2025-02-17 03:59:33.763 +00:00] [INF] [58] Jellyfin.Api.Auth.CustomAuthenticationHandler: "CustomAuthentication" was not authenticated. Failure message: "Invalid token."
[2025-02-17 03:59:33.763 +00:00] [INF] [58] Jellyfin.Api.Auth.CustomAuthenticationHandler: "CustomAuthentication" was not authenticated. Failure message: "Invalid token."
[2025-02-17 03:59:33.763 +00:00] [INF] [58] Jellyfin.Api.Auth.CustomAuthenticationHandler: AuthenticationScheme: "CustomAuthentication" was challenged.
[2025-02-17 03:59:43.777 +00:00] [INF] [84] Jellyfin.Api.Auth.CustomAuthenticationHandler: "CustomAuthentication" was not authenticated. Failure message: "Invalid token."
[2025-02-17 03:59:43.777 +00:00] [INF] [84] Jellyfin.Api.Auth.CustomAuthenticationHandler: "CustomAuthentication" was not authenticated. Failure message: "Invalid token."
[2025-02-17 03:59:43.777 +00:00] [INF] [84] Jellyfin.Api.Auth.CustomAuthenticationHandler: AuthenticationScheme: "CustomAuthentication" was challenged.
[2025-02-17 03:59:53.767 +00:00] [INF] [84] Jellyfin.Api.Auth.CustomAuthenticationHandler: "CustomAuthentication" was not authenticated. Failure message: "Invalid token."
[2025-02-17 03:59:53.767 +00:00] [INF] [84] Jellyfin.Api.Auth.CustomAuthenticationHandler: "CustomAuthentication" was not authenticated. Failure message: "Invalid token."
[2025-02-17 03:59:53.767 +00:00] [INF] [84] Jellyfin.Api.Auth.CustomAuthenticationHandler: AuthenticationScheme: "CustomAuthentication" was challenged.
[2025-02-17 04:00:03.762 +00:00] [INF] [84] Jellyfin.Api.Auth.CustomAuthenticationHandler: "CustomAuthentication" was not authenticated. Failure message: "Invalid token."
[2025-02-17 04:00:03.762 +00:00] [INF] [84] Jellyfin.Api.Auth.CustomAuthenticationHandler: "CustomAuthentication" was not authenticated. Failure message: "Invalid token."
[2025-02-17 04:00:03.762 +00:00] [INF] [84] Jellyfin.Api.Auth.CustomAuthenticationHandler: AuthenticationScheme: "CustomAuthentication" was challenged.
[2025-02-17 04:00:13.760 +00:00] [INF] [58] Jellyfin.Api.Auth.CustomAuthenticationHandler: "CustomAuthentication" was not authenticated. Failure message: "Invalid token."
[2025-02-17 04:00:13.760 +00:00] [INF] [58] Jellyfin.Api.Auth.CustomAuthenticationHandler: "CustomAuthentication" was not authenticated. Failure message: "Invalid token."
[2025-02-17 04:00:13.760 +00:00] [INF] [58] Jellyfin.Api.Auth.CustomAuthenticationHandler: AuthenticationScheme: "CustomAuthentication" was challenged.
[2025-02-17 04:00:23.768 +00:00] [INF] [77] Jellyfin.Api.Auth.CustomAuthenticationHandler: "CustomAuthentication" was not authenticated. Failure message: "Invalid token."
[2025-02-17 04:00:23.768 +00:00] [INF] [77] Jellyfin.Api.Auth.CustomAuthenticationHandler: "CustomAuthentication" was not authenticated. Failure message: "Invalid token."
[2025-02-17 04:00:23.768 +00:00] [INF] [77] Jellyfin.Api.Auth.CustomAuthenticationHandler: AuthenticationScheme: "CustomAuthentication" was challenged.
[2025-02-17 04:00:33.775 +00:00] [INF] [58] Jellyfin.Api.Auth.CustomAuthenticationHandler: "CustomAuthentication" was not authenticated. Failure message: "Invalid token."
[2025-02-17 04:00:33.775 +00:00] [INF] [58] Jellyfin.Api.Auth.CustomAuthenticationHandler: "CustomAuthentication" was not authenticated. Failure message: "Invalid token."
[2025-02-17 04:00:33.775 +00:00] [INF] [58] Jellyfin.Api.Auth.CustomAuthenticationHandler: AuthenticationScheme: "CustomAuthentication" was challenged.
[2025-02-17 04:00:43.774 +00:00] [INF] [84] Jellyfin.Api.Auth.CustomAuthenticationHandler: "CustomAuthentication" was not authenticated. Failure message: "Invalid token."
[2025-02-17 04:00:43.774 +00:00] [INF] [84] Jellyfin.Api.Auth.CustomAuthenticationHandler: "CustomAuthentication" was not authenticated. Failure message: "Invalid token."
[2025-02-17 04:00:43.774 +00:00] [INF] [84] Jellyfin.Api.Auth.CustomAuthenticationHandler: AuthenticationScheme: "CustomAuthentication" was challenged.
[2025-02-17 04:00:53.797 +00:00] [INF] [84] Jellyfin.Api.Auth.CustomAuthenticationHandler: "CustomAuthentication" was not authenticated. Failure message: "Invalid token."
[2025-02-17 04:00:53.797 +00:00] [INF] [84] Jellyfin.Api.Auth.CustomAuthenticationHandler: "CustomAuthentication" was not authenticated. Failure message: "Invalid token."
[2025-02-17 04:00:53.797 +00:00] [INF] [84] Jellyfin.Api.Auth.CustomAuthenticationHandler: AuthenticationScheme: "CustomAuthentication" was challenged.
[2025-02-17 04:00:56.724 +00:00] [INF] [84] Emby.Server.Implementations.Session.SessionWebSocketListener: Sending ForceKeepAlive message to 1 inactive WebSockets.
[2025-02-17 04:01:03.757 +00:00] [INF] [84] Jellyfin.Api.Auth.CustomAuthenticationHandler: "CustomAuthentication" was not authenticated. Failure message: "Invalid token."
[2025-02-17 04:01:03.757 +00:00] [INF] [84] Jellyfin.Api.Auth.CustomAuthenticationHandler: "CustomAuthentication" was not authenticated. Failure message: "Invalid token."
[2025-02-17 04:01:03.757 +00:00] [INF] [84] Jellyfin.Api.Auth.CustomAuthenticationHandler: AuthenticationScheme: "CustomAuthentication" was challenged.
[2025-02-17 04:01:13.762 +00:00] [INF] [84] Jellyfin.Api.Auth.CustomAuthenticationHandler: "CustomAuthentication" was not authenticated. Failure message: "Invalid token."
[2025-02-17 04:01:13.763 +00:00] [INF] [84] Jellyfin.Api.Auth.CustomAuthenticationHandler: "CustomAuthentication" was not authenticated. Failure message: "Invalid token."
[2025-02-17 04:01:13.763 +00:00] [INF] [84] Jellyfin.Api.Auth.CustomAuthenticationHandler: AuthenticationScheme: "CustomAuthentication" was challenged.
[2025-02-17 04:01:23.759 +00:00] [INF] [58] Jellyfin.Api.Auth.CustomAuthenticationHandler: "CustomAuthentication" was not authenticated. Failure message: "Invalid token."
[2025-02-17 04:01:23.759 +00:00] [INF] [58] Jellyfin.Api.Auth.CustomAuthenticationHandler: "CustomAuthentication" was not authenticated. Failure message: "Invalid token."
[2025-02-17 04:01:23.760 +00:00] [INF] [58] Jellyfin.Api.Auth.CustomAuthenticationHandler: AuthenticationScheme: "CustomAuthentication" was challenged.
[2025-02-17 04:01:33.763 +00:00] [INF] [58] Jellyfin.Api.Auth.CustomAuthenticationHandler: "CustomAuthentication" was not authenticated. Failure message: "Invalid token."
[2025-02-17 04:01:33.763 +00:00] [INF] [58] Jellyfin.Api.Auth.CustomAuthenticationHandler: "CustomAuthentication" was not authenticated. Failure message: "Invalid token."
[2025-02-17 04:01:33.763 +00:00] [INF] [58] Jellyfin.Api.Auth.CustomAuthenticationHandler: AuthenticationScheme: "CustomAuthentication" was challenged.
[2025-02-17 04:01:43.769 +00:00] [INF] [84] Jellyfin.Api.Auth.CustomAuthenticationHandler: "CustomAuthentication" was not authenticated. Failure message: "Invalid token."
[2025-02-17 04:01:43.769 +00:00] [INF] [84] Jellyfin.Api.Auth.CustomAuthenticationHandler: "CustomAuthentication" was not authenticated. Failure message: "Invalid token."
[2025-02-17 04:01:43.769 +00:00] [INF] [84] Jellyfin.Api.Auth.CustomAuthenticationHandler: AuthenticationScheme: "CustomAuthentication" was challenged.
[2025-02-17 04:01:53.761 +00:00] [INF] [84] Jellyfin.Api.Auth.CustomAuthenticationHandler: "CustomAuthentication" was not authenticated. Failure message: "Invalid token."
[2025-02-17 04:01:53.762 +00:00] [INF] [84] Jellyfin.Api.Auth.CustomAuthenticationHandler: "CustomAuthentication" was not authenticated. Failure message: "Invalid token."
[2025-02-17 04:01:53.762 +00:00] [INF] [84] Jellyfin.Api.Auth.CustomAuthenticationHandler: AuthenticationScheme: "CustomAuthentication" was challenged.
[2025-02-17 04:02:03.767 +00:00] [INF] [69] Jellyfin.Api.Auth.CustomAuthenticationHandler: "CustomAuthentication" was not authenticated. Failure message: "Invalid token."
[2025-02-17 04:02:03.767 +00:00] [INF] [69] Jellyfin.Api.Auth.CustomAuthenticationHandler: "CustomAuthentication" was not authenticated. Failure message: "Invalid token."
[2025-02-17 04:02:03.767 +00:00] [INF] [69] Jellyfin.Api.Auth.CustomAuthenticationHandler: AuthenticationScheme: "CustomAuthentication" was challenged.
[2025-02-17 04:02:13.780 +00:00] [INF] [14] Jellyfin.Api.Auth.CustomAuthenticationHandler: "CustomAuthentication" was not authenticated. Failure message: "Invalid token."
[2025-02-17 04:02:13.780 +00:00] [INF] [14] Jellyfin.Api.Auth.CustomAuthenticationHandler: "CustomAuthentication" was not authenticated. Failure message: "Invalid token."
[2025-02-17 04:02:13.780 +00:00] [INF] [14] Jellyfin.Api.Auth.CustomAuthenticationHandler: AuthenticationScheme: "CustomAuthentication" was challenged.
[2025-02-17 04:02:23.765 +00:00] [INF] [84] Jellyfin.Api.Auth.CustomAuthenticationHandler: "CustomAuthentication" was not authenticated. Failure message: "Invalid token."
[2025-02-17 04:02:23.766 +00:00] [INF] [84] Jellyfin.Api.Auth.CustomAuthenticationHandler: "CustomAuthentication" was not authenticated. Failure message: "Invalid token."
[2025-02-17 04:02:23.766 +00:00] [INF] [84] Jellyfin.Api.Auth.CustomAuthenticationHandler: AuthenticationScheme: "CustomAuthentication" was challenged.
[2025-02-17 04:02:33.764 +00:00] [INF] [69] Jellyfin.Api.Auth.CustomAuthenticationHandler: "CustomAuthentication" was not authenticated. Failure message: "Invalid token."
[2025-02-17 04:02:33.764 +00:00] [INF] [69] Jellyfin.Api.Auth.CustomAuthenticationHandler: "CustomAuthentication" was not authenticated. Failure message: "Invalid token."
[2025-02-17 04:02:33.764 +00:00] [INF] [69] Jellyfin.Api.Auth.CustomAuthenticationHandler: AuthenticationScheme: "CustomAuthentication" was challenged.
[2025-02-17 04:02:43.757 +00:00] [INF] [14] Jellyfin.Api.Auth.CustomAuthenticationHandler: "CustomAuthentication" was not authenticated. Failure message: "Invalid token."
[2025-02-17 04:02:43.757 +00:00] [INF] [14] Jellyfin.Api.Auth.CustomAuthenticationHandler: "CustomAuthentication" was not authenticated. Failure message: "Invalid token."
[2025-02-17 04:02:43.757 +00:00] [INF] [14] Jellyfin.Api.Auth.CustomAuthenticationHandler: AuthenticationScheme: "CustomAuthentication" was challenged.
[2025-02-17 04:02:53.770 +00:00] [INF] [84] Jellyfin.Api.Auth.CustomAuthenticationHandler: "CustomAuthentication" was not authenticated. Failure message: "Invalid token."
[2025-02-17 04:02:53.770 +00:00] [INF] [84] Jellyfin.Api.Auth.CustomAuthenticationHandler: "CustomAuthentication" was not authenticated. Failure message: "Invalid token."
[2025-02-17 04:02:53.770 +00:00] [INF] [84] Jellyfin.Api.Auth.CustomAuthenticationHandler: AuthenticationScheme: "CustomAuthentication" was challenged.
[2025-02-17 04:03:03.789 +00:00] [INF] [84] Jellyfin.Api.Auth.CustomAuthenticationHandler: "CustomAuthentication" was not authenticated. Failure message: "Invalid token."
[2025-02-17 04:03:03.789 +00:00] [INF] [84] Jellyfin.Api.Auth.CustomAuthenticationHandler: "CustomAuthentication" was not authenticated. Failure message: "Invalid token."
[2025-02-17 04:03:03.789 +00:00] [INF] [84] Jellyfin.Api.Auth.CustomAuthenticationHandler: AuthenticationScheme: "CustomAuthentication" was challenged.
[2025-02-17 04:03:13.758 +00:00] [INF] [14] Jellyfin.Api.Auth.CustomAuthenticationHandler: "CustomAuthentication" was not authenticated. Failure message: "Invalid token."
[2025-02-17 04:03:13.759 +00:00] [INF] [14] Jellyfin.Api.Auth.CustomAuthenticationHandler: "CustomAuthentication" was not authenticated. Failure message: "Invalid token."
[2025-02-17 04:03:13.759 +00:00] [INF] [14] Jellyfin.Api.Auth.CustomAuthenticationHandler: AuthenticationScheme: "CustomAuthentication" was challenged.
[2025-02-17 04:03:23.768 +00:00] [INF] [14] Jellyfin.Api.Auth.CustomAuthenticationHandler: "CustomAuthentication" was not authenticated. Failure message: "Invalid token."
[2025-02-17 04:03:23.768 +00:00] [INF] [14] Jellyfin.Api.Auth.CustomAuthenticationHandler: "CustomAuthentication" was not authenticated. Failure message: "Invalid token."
[2025-02-17 04:03:23.768 +00:00] [INF] [14] Jellyfin.Api.Auth.CustomAuthenticationHandler: AuthenticationScheme: "CustomAuthentication" was challenged.
[2025-02-17 04:03:33.757 +00:00] [INF] [14] Jellyfin.Api.Auth.CustomAuthenticationHandler: "CustomAuthentication" was not authenticated. Failure message: "Invalid token."
[2025-02-17 04:03:33.757 +00:00] [INF] [14] Jellyfin.Api.Auth.CustomAuthenticationHandler: "CustomAuthentication" was not authenticated. Failure message: "Invalid token."
[2025-02-17 04:03:33.758 +00:00] [INF] [14] Jellyfin.Api.Auth.CustomAuthenticationHandler: AuthenticationScheme: "CustomAuthentication" was challenged.
[2025-02-17 04:03:43.762 +00:00] [INF] [14] Jellyfin.Api.Auth.CustomAuthenticationHandler: "CustomAuthentication" was not authenticated. Failure message: "Invalid token."
[2025-02-17 04:03:43.762 +00:00] [INF] [14] Jellyfin.Api.Auth.CustomAuthenticationHandler: "CustomAuthentication" was not authenticated. Failure message: "Invalid token."
[2025-02-17 04:03:43.763 +00:00] [INF] [14] Jellyfin.Api.Auth.CustomAuthenticationHandler: AuthenticationScheme: "CustomAuthentication" was challenged.
[2025-02-17 04:03:44.724 +00:00] [INF] [14] Emby.Server.Implementations.Session.SessionWebSocketListener: Sending ForceKeepAlive message to 1 inactive WebSockets.
[2025-02-17 04:03:53.764 +00:00] [INF] [77] Jellyfin.Api.Auth.CustomAuthenticationHandler: "CustomAuthentication" was not authenticated. Failure message: "Invalid token."
[2025-02-17 04:03:53.764 +00:00] [INF] [77] Jellyfin.Api.Auth.CustomAuthenticationHandler: "CustomAuthentication" was not authenticated. Failure message: "Invalid token."
[2025-02-17 04:03:53.765 +00:00] [INF] [77] Jellyfin.Api.Auth.CustomAuthenticationHandler: AuthenticationScheme: "CustomAuthentication" was challenged.
[2025-02-17 04:04:03.768 +00:00] [INF] [77] Jellyfin.Api.Auth.CustomAuthenticationHandler: "CustomAuthentication" was not authenticated. Failure message: "Invalid token."
[2025-02-17 04:04:03.768 +00:00] [INF] [77] Jellyfin.Api.Auth.CustomAuthenticationHandler: "CustomAuthentication" was not authenticated. Failure message: "Invalid token."
[2025-02-17 04:04:03.769 +00:00] [INF] [77] Jellyfin.Api.Auth.CustomAuthenticationHandler: AuthenticationScheme: "CustomAuthentication" was challenged.
[2025-02-17 04:04:13.763 +00:00] [INF] [14] Jellyfin.Api.Auth.CustomAuthenticationHandler: "CustomAuthentication" was not authenticated. Failure message: "Invalid token."
[2025-02-17 04:04:13.763 +00:00] [INF] [14] Jellyfin.Api.Auth.CustomAuthenticationHandler: "CustomAuthentication" was not authenticated. Failure message: "Invalid token."
[2025-02-17 04:04:13.764 +00:00] [INF] [14] Jellyfin.Api.Auth.CustomAuthenticationHandler: AuthenticationScheme: "CustomAuthentication" was challenged.
[2025-02-17 04:04:23.760 +00:00] [INF] [83] Jellyfin.Api.Auth.CustomAuthenticationHandler: "CustomAuthentication" was not authenticated. Failure message: "Invalid token."
[2025-02-17 04:04:23.760 +00:00] [INF] [83] Jellyfin.Api.Auth.CustomAuthenticationHandler: "CustomAuthentication" was not authenticated. Failure message: "Invalid token."
[2025-02-17 04:04:23.760 +00:00] [INF] [83] Jellyfin.Api.Auth.CustomAuthenticationHandler: AuthenticationScheme: "CustomAuthentication" was challenged.
[2025-02-17 04:04:33.758 +00:00] [INF] [69] Jellyfin.Api.Auth.CustomAuthenticationHandler: "CustomAuthentication" was not authenticated. Failure message: "Invalid token."
[2025-02-17 04:04:33.759 +00:00] [INF] [69] Jellyfin.Api.Auth.CustomAuthenticationHandler: "CustomAuthentication" was not authenticated. Failure message: "Invalid token."
[2025-02-17 04:04:33.759 +00:00] [INF] [69] Jellyfin.Api.Auth.CustomAuthenticationHandler: AuthenticationScheme: "CustomAuthentication" was challenged.
[2025-02-17 04:04:43.764 +00:00] [INF] [69] Jellyfin.Api.Auth.CustomAuthenticationHandler: "CustomAuthentication" was not authenticated. Failure message: "Invalid token."
[2025-02-17 04:04:43.764 +00:00] [INF] [69] Jellyfin.Api.Auth.CustomAuthenticationHandler: "CustomAuthentication" was not authenticated. Failure message: "Invalid token."
[2025-02-17 04:04:43.764 +00:00] [INF] [69] Jellyfin.Api.Auth.CustomAuthenticationHandler: AuthenticationScheme: "CustomAuthentication" was challenged.
[2025-02-17 04:04:53.783 +00:00] [INF] [14] Jellyfin.Api.Auth.CustomAuthenticationHandler: "CustomAuthentication" was not authenticated. Failure message: "Invalid token."
[2025-02-17 04:04:53.783 +00:00] [INF] [14] Jellyfin.Api.Auth.CustomAuthenticationHandler: "CustomAuthentication" was not authenticated. Failure message: "Invalid token."
[2025-02-17 04:04:53.783 +00:00] [INF] [14] Jellyfin.Api.Auth.CustomAuthenticationHandler: AuthenticationScheme: "CustomAuthentication" was challenged.
[2025-02-17 04:05:03.767 +00:00] [INF] [14] Jellyfin.Api.Auth.CustomAuthenticationHandler: "CustomAuthentication" was not authenticated. Failure message: "Invalid token."
[2025-02-17 04:05:03.769 +00:00] [INF] [14] Jellyfin.Api.Auth.CustomAuthenticationHandler: "CustomAuthentication" was not authenticated. Failure message: "Invalid token."
[2025-02-17 04:05:03.770 +00:00] [INF] [14] Jellyfin.Api.Auth.CustomAuthenticationHandler: AuthenticationScheme: "CustomAuthentication" was challenged.
[2025-02-17 04:05:13.766 +00:00] [INF] [14] Jellyfin.Api.Auth.CustomAuthenticationHandler: "CustomAuthentication" was not authenticated. Failure message: "Invalid token."
[2025-02-17 04:05:13.766 +00:00] [INF] [14] Jellyfin.Api.Auth.CustomAuthenticationHandler: "CustomAuthentication" was not authenticated. Failure message: "Invalid token."
[2025-02-17 04:05:13.766 +00:00] [INF] [14] Jellyfin.Api.Auth.CustomAuthenticationHandler: AuthenticationScheme: "CustomAuthentication" was challenged.
[2025-02-17 04:05:23.762 +00:00] [INF] [14] Jellyfin.Api.Auth.CustomAuthenticationHandler: "CustomAuthentication" was not authenticated. Failure message: "Invalid token."
[2025-02-17 04:05:23.764 +00:00] [INF] [14] Jellyfin.Api.Auth.CustomAuthenticationHandler: "CustomAuthentication" was not authenticated. Failure message: "Invalid token."
[2025-02-17 04:05:23.764 +00:00] [INF] [14] Jellyfin.Api.Auth.CustomAuthenticationHandler: AuthenticationScheme: "CustomAuthentication" was challenged.
[2025-02-17 04:05:33.760 +00:00] [INF] [14] Jellyfin.Api.Auth.CustomAuthenticationHandler: "CustomAuthentication" was not authenticated. Failure message: "Invalid token."
[2025-02-17 04:05:33.760 +00:00] [INF] [14] Jellyfin.Api.Auth.CustomAuthenticationHandler: "CustomAuthentication" was not authenticated. Failure message: "Invalid token."
[2025-02-17 04:05:33.760 +00:00] [INF] [14] Jellyfin.Api.Auth.CustomAuthenticationHandler: AuthenticationScheme: "CustomAuthentication" was challenged.
[2025-02-17 04:05:43.770 +00:00] [INF] [14] Jellyfin.Api.Auth.CustomAuthenticationHandler: "CustomAuthentication" was not authenticated. Failure message: "Invalid token."
[2025-02-17 04:05:43.770 +00:00] [INF] [14] Jellyfin.Api.Auth.CustomAuthenticationHandler: "CustomAuthentication" was not authenticated. Failure message: "Invalid token."
[2025-02-17 04:05:43.770 +00:00] [INF] [14] Jellyfin.Api.Auth.CustomAuthenticationHandler: AuthenticationScheme: "CustomAuthentication" was challenged.
[2025-02-17 04:05:53.770 +00:00] [INF] [39] Jellyfin.Api.Auth.CustomAuthenticationHandler: "CustomAuthentication" was not authenticated. Failure message: "Invalid token."
[2025-02-17 04:05:53.771 +00:00] [INF] [39] Jellyfin.Api.Auth.CustomAuthenticationHandler: "CustomAuthentication" was not authenticated. Failure message: "Invalid token."
[2025-02-17 04:05:53.771 +00:00] [INF] [39] Jellyfin.Api.Auth.CustomAuthenticationHandler: AuthenticationScheme: "CustomAuthentication" was challenged.
[2025-02-17 04:06:03.796 +00:00] [INF] [19] Jellyfin.Api.Auth.CustomAuthenticationHandler: "CustomAuthentication" was not authenticated. Failure message: "Invalid token."
[2025-02-17 04:06:03.797 +00:00] [INF] [19] Jellyfin.Api.Auth.CustomAuthenticationHandler: "CustomAuthentication" was not authenticated. Failure message: "Invalid token."
[2025-02-17 04:06:03.797 +00:00] [INF] [19] Jellyfin.Api.Auth.CustomAuthenticationHandler: AuthenticationScheme: "CustomAuthentication" was challenged.
[2025-02-17 04:06:13.760 +00:00] [INF] [14] Jellyfin.Api.Auth.CustomAuthenticationHandler: "CustomAuthentication" was not authenticated. Failure message: "Invalid token."
[2025-02-17 04:06:13.761 +00:00] [INF] [14] Jellyfin.Api.Auth.CustomAuthenticationHandler: "CustomAuthentication" was not authenticated. Failure message: "Invalid token."
[2025-02-17 04:06:13.761 +00:00] [INF] [14] Jellyfin.Api.Auth.CustomAuthenticationHandler: AuthenticationScheme: "CustomAuthentication" was challenged.
[2025-02-17 04:06:23.767 +00:00] [INF] [55] Jellyfin.Api.Auth.CustomAuthenticationHandler: "CustomAuthentication" was not authenticated. Failure message: "Invalid token."
[2025-02-17 04:06:23.767 +00:00] [INF] [55] Jellyfin.Api.Auth.CustomAuthenticationHandler: "CustomAuthentication" was not authenticated. Failure message: "Invalid token."
[2025-02-17 04:06:23.768 +00:00] [INF] [55] Jellyfin.Api.Auth.CustomAuthenticationHandler: AuthenticationScheme: "CustomAuthentication" was challenged.
[2025-02-17 04:06:33.765 +00:00] [INF] [14] Jellyfin.Api.Auth.CustomAuthenticationHandler: "CustomAuthentication" was not authenticated. Failure message: "Invalid token."
[2025-02-17 04:06:33.766 +00:00] [INF] [14] Jellyfin.Api.Auth.CustomAuthenticationHandler: "CustomAuthentication" was not authenticated. Failure message: "Invalid token."
[2025-02-17 04:06:33.766 +00:00] [INF] [14] Jellyfin.Api.Auth.CustomAuthenticationHandler: AuthenticationScheme: "CustomAuthentication" was challenged.
[2025-02-17 04:06:43.760 +00:00] [INF] [57] Jellyfin.Api.Auth.CustomAuthenticationHandler: "CustomAuthentication" was not authenticated. Failure message: "Invalid token."
[2025-02-17 04:06:43.760 +00:00] [INF] [57] Jellyfin.Api.Auth.CustomAuthenticationHandler: "CustomAuthentication" was not authenticated. Failure message: "Invalid token."
[2025-02-17 04:06:43.760 +00:00] [INF] [57] Jellyfin.Api.Auth.CustomAuthenticationHandler: AuthenticationScheme: "CustomAuthentication" was challenged.
[2025-02-17 04:06:53.762 +00:00] [INF] [55] Jellyfin.Api.Auth.CustomAuthenticationHandler: "CustomAuthentication" was not authenticated. Failure message: "Invalid token."
[2025-02-17 04:06:53.763 +00:00] [INF] [55] Jellyfin.Api.Auth.CustomAuthenticationHandler: "CustomAuthentication" was not authenticated. Failure message: "Invalid token."
[2025-02-17 04:06:53.763 +00:00] [INF] [55] Jellyfin.Api.Auth.CustomAuthenticationHandler: AuthenticationScheme: "CustomAuthentication" was challenged.
[2025-02-17 04:07:03.767 +00:00] [INF] [57] Jellyfin.Api.Auth.CustomAuthenticationHandler: "CustomAuthentication" was not authenticated. Failure message: "Invalid token."
[2025-02-17 04:07:03.767 +00:00] [INF] [57] Jellyfin.Api.Auth.CustomAuthenticationHandler: "CustomAuthentication" was not authenticated. Failure message: "Invalid token."
[2025-02-17 04:07:03.767 +00:00] [INF] [57] Jellyfin.Api.Auth.CustomAuthenticationHandler: AuthenticationScheme: "CustomAuthentication" was challenged.
[2025-02-17 04:07:08.724 +00:00] [INF] [55] Emby.Server.Implementations.Session.SessionWebSocketListener: Sending ForceKeepAlive message to 1 inactive WebSockets.
[2025-02-17 04:07:13.774 +00:00] [INF] [57] Jellyfin.Api.Auth.CustomAuthenticationHandler: "CustomAuthentication" was not authenticated. Failure message: "Invalid token."
[2025-02-17 04:07:13.775 +00:00] [INF] [57] Jellyfin.Api.Auth.CustomAuthenticationHandler: "CustomAuthentication" was not authenticated. Failure message: "Invalid token."
[2025-02-17 04:07:13.775 +00:00] [INF] [57] Jellyfin.Api.Auth.CustomAuthenticationHandler: AuthenticationScheme: "CustomAuthentication" was challenged.
[2025-02-17 04:07:23.761 +00:00] [INF] [57] Jellyfin.Api.Auth.CustomAuthenticationHandler: "CustomAuthentication" was not authenticated. Failure message: "Invalid token."
[2025-02-17 04:07:23.762 +00:00] [INF] [57] Jellyfin.Api.Auth.CustomAuthenticationHandler: "CustomAuthentication" was not authenticated. Failure message: "Invalid token."
[2025-02-17 04:07:23.762 +00:00] [INF] [57] Jellyfin.Api.Auth.CustomAuthenticationHandler: AuthenticationScheme: "CustomAuthentication" was challenged.
[2025-02-17 04:07:33.757 +00:00] [INF] [57] Jellyfin.Api.Auth.CustomAuthenticationHandler: "CustomAuthentication" was not authenticated. Failure message: "Invalid token."
[2025-02-17 04:07:33.757 +00:00] [INF] [57] Jellyfin.Api.Auth.CustomAuthenticationHandler: "CustomAuthentication" was not authenticated. Failure message: "Invalid token."
[2025-02-17 04:07:33.757 +00:00] [INF] [57] Jellyfin.Api.Auth.CustomAuthenticationHandler: AuthenticationScheme: "CustomAuthentication" was challenged.
[2025-02-17 04:07:43.762 +00:00] [INF] [14] Jellyfin.Api.Auth.CustomAuthenticationHandler: "CustomAuthentication" was not authenticated. Failure message: "Invalid token."
[2025-02-17 04:07:43.762 +00:00] [INF] [14] Jellyfin.Api.Auth.CustomAuthenticationHandler: "CustomAuthentication" was not authenticated. Failure message: "Invalid token."
[2025-02-17 04:07:43.762 +00:00] [INF] [14] Jellyfin.Api.Auth.CustomAuthenticationHandler: AuthenticationScheme: "CustomAuthentication" was challenged.
[2025-02-17 04:07:53.758 +00:00] [INF] [14] Jellyfin.Api.Auth.CustomAuthenticationHandler: "CustomAuthentication" was not authenticated. Failure message: "Invalid token."
[2025-02-17 04:07:53.759 +00:00] [INF] [14] Jellyfin.Api.Auth.CustomAuthenticationHandler: "CustomAuthentication" was not authenticated. Failure message: "Invalid token."
[2025-02-17 04:07:53.759 +00:00] [INF] [14] Jellyfin.Api.Auth.CustomAuthenticationHandler: AuthenticationScheme: "CustomAuthentication" was challenged.
[2025-02-17 04:08:03.765 +00:00] [INF] [14] Jellyfin.Api.Auth.CustomAuthenticationHandler: "CustomAuthentication" was not authenticated. Failure message: "Invalid token."
[2025-02-17 04:08:03.765 +00:00] [INF] [14] Jellyfin.Api.Auth.CustomAuthenticationHandler: "CustomAuthentication" was not authenticated. Failure message: "Invalid token."
[2025-02-17 04:08:03.765 +00:00] [INF] [14] Jellyfin.Api.Auth.CustomAuthenticationHandler: AuthenticationScheme: "CustomAuthentication" was challenged.
[2025-02-17 04:08:13.774 +00:00] [INF] [14] Jellyfin.Api.Auth.CustomAuthenticationHandler: "CustomAuthentication" was not authenticated. Failure message: "Invalid token."
[2025-02-17 04:08:13.774 +00:00] [INF] [14] Jellyfin.Api.Auth.CustomAuthenticationHandler: "CustomAuthentication" was not authenticated. Failure message: "Invalid token."
[2025-02-17 04:08:13.774 +00:00] [INF] [14] Jellyfin.Api.Auth.CustomAuthenticationHandler: AuthenticationScheme: "CustomAuthentication" was challenged.
[2025-02-17 04:08:23.768 +00:00] [INF] [55] Jellyfin.Api.Auth.CustomAuthenticationHandler: "CustomAuthentication" was not authenticated. Failure message: "Invalid token."
[2025-02-17 04:08:23.769 +00:00] [INF] [55] Jellyfin.Api.Auth.CustomAuthenticationHandler: "CustomAuthentication" was not authenticated. Failure message: "Invalid token."
[2025-02-17 04:08:23.769 +00:00] [INF] [55] Jellyfin.Api.Auth.CustomAuthenticationHandler: AuthenticationScheme: "CustomAuthentication" was challenged.
[2025-02-17 04:08:33.772 +00:00] [INF] [55] Jellyfin.Api.Auth.CustomAuthenticationHandler: "CustomAuthentication" was not authenticated. Failure message: "Invalid token."
[2025-02-17 04:08:33.773 +00:00] [INF] [55] Jellyfin.Api.Auth.CustomAuthenticationHandler: "CustomAuthentication" was not authenticated. Failure message: "Invalid token."
[2025-02-17 04:08:33.773 +00:00] [INF] [55] Jellyfin.Api.Auth.CustomAuthenticationHandler: AuthenticationScheme: "CustomAuthentication" was challenged.
[2025-02-17 04:08:43.759 +00:00] [INF] [14] Jellyfin.Api.Auth.CustomAuthenticationHandler: "CustomAuthentication" was not authenticated. Failure message: "Invalid token."
[2025-02-17 04:08:43.760 +00:00] [INF] [14] Jellyfin.Api.Auth.CustomAuthenticationHandler: "CustomAuthentication" was not authenticated. Failure message: "Invalid token."
[2025-02-17 04:08:43.760 +00:00] [INF] [14] Jellyfin.Api.Auth.CustomAuthenticationHandler: AuthenticationScheme: "CustomAuthentication" was challenged.
[2025-02-17 04:08:53.759 +00:00] [INF] [14] Jellyfin.Api.Auth.CustomAuthenticationHandler: "CustomAuthentication" was not authenticated. Failure message: "Invalid token."
[2025-02-17 04:08:53.759 +00:00] [INF] [14] Jellyfin.Api.Auth.CustomAuthenticationHandler: "CustomAuthentication" was not authenticated. Failure message: "Invalid token."
[2025-02-17 04:08:53.759 +00:00] [INF] [14] Jellyfin.Api.Auth.CustomAuthenticationHandler: AuthenticationScheme: "CustomAuthentication" was challenged.
[2025-02-17 04:09:03.762 +00:00] [INF] [49] Jellyfin.Api.Auth.CustomAuthenticationHandler: "CustomAuthentication" was not authenticated. Failure message: "Invalid token."
[2025-02-17 04:09:03.763 +00:00] [INF] [49] Jellyfin.Api.Auth.CustomAuthenticationHandler: "CustomAuthentication" was not authenticated. Failure message: "Invalid token."
[2025-02-17 04:09:03.763 +00:00] [INF] [49] Jellyfin.Api.Auth.CustomAuthenticationHandler: AuthenticationScheme: "CustomAuthentication" was challenged.
[2025-02-17 04:09:13.758 +00:00] [INF] [14] Jellyfin.Api.Auth.CustomAuthenticationHandler: "CustomAuthentication" was not authenticated. Failure message: "Invalid token."
[2025-02-17 04:09:13.758 +00:00] [INF] [14] Jellyfin.Api.Auth.CustomAuthenticationHandler: "CustomAuthentication" was not authenticated. Failure message: "Invalid token."
[2025-02-17 04:09:13.759 +00:00] [INF] [14] Jellyfin.Api.Auth.CustomAuthenticationHandler: AuthenticationScheme: "CustomAuthentication" was challenged.
[2025-02-17 04:09:23.761 +00:00] [INF] [36] Jellyfin.Api.Auth.CustomAuthenticationHandler: "CustomAuthentication" was not authenticated. Failure message: "Invalid token."
[2025-02-17 04:09:23.761 +00:00] [INF] [36] Jellyfin.Api.Auth.CustomAuthenticationHandler: "CustomAuthentication" was not authenticated. Failure message: "Invalid token."
[2025-02-17 04:09:23.761 +00:00] [INF] [36] Jellyfin.Api.Auth.CustomAuthenticationHandler: AuthenticationScheme: "CustomAuthentication" was challenged.
[2025-02-17 04:09:33.763 +00:00] [INF] [36] Jellyfin.Api.Auth.CustomAuthenticationHandler: "CustomAuthentication" was not authenticated. Failure message: "Invalid token."
[2025-02-17 04:09:33.763 +00:00] [INF] [36] Jellyfin.Api.Auth.CustomAuthenticationHandler: "CustomAuthentication" was not authenticated. Failure message: "Invalid token."
[2025-02-17 04:09:33.763 +00:00] [INF] [36] Jellyfin.Api.Auth.CustomAuthenticationHandler: AuthenticationScheme: "CustomAuthentication" was challenged.
[2025-02-17 04:09:43.760 +00:00] [INF] [49] Jellyfin.Api.Auth.CustomAuthenticationHandler: "CustomAuthentication" was not authenticated. Failure message: "Invalid token."
[2025-02-17 04:09:43.761 +00:00] [INF] [49] Jellyfin.Api.Auth.CustomAuthenticationHandler: "CustomAuthentication" was not authenticated. Failure message: "Invalid token."
[2025-02-17 04:09:43.761 +00:00] [INF] [49] Jellyfin.Api.Auth.CustomAuthenticationHandler: AuthenticationScheme: "CustomAuthentication" was challenged.
[2025-02-17 04:09:53.767 +00:00] [INF] [36] Jellyfin.Api.Auth.CustomAuthenticationHandler: "CustomAuthentication" was not authenticated. Failure message: "Invalid token."
[2025-02-17 04:09:53.768 +00:00] [INF] [36] Jellyfin.Api.Auth.CustomAuthenticationHandler: "CustomAuthentication" was not authenticated. Failure message: "Invalid token."
[2025-02-17 04:09:53.768 +00:00] [INF] [36] Jellyfin.Api.Auth.CustomAuthenticationHandler: AuthenticationScheme: "CustomAuthentication" was challenged.
[2025-02-17 04:09:56.724 +00:00] [INF] [49] Emby.Server.Implementations.Session.SessionWebSocketListener: Sending ForceKeepAlive message to 1 inactive WebSockets.
[2025-02-17 04:10:03.765 +00:00] [INF] [29] Jellyfin.Api.Auth.CustomAuthenticationHandler: "CustomAuthentication" was not authenticated. Failure message: "Invalid token."
[2025-02-17 04:10:03.766 +00:00] [INF] [29] Jellyfin.Api.Auth.CustomAuthenticationHandler: "CustomAuthentication" was not authenticated. Failure message: "Invalid token."
[2025-02-17 04:10:03.766 +00:00] [INF] [29] Jellyfin.Api.Auth.CustomAuthenticationHandler: AuthenticationScheme: "CustomAuthentication" was challenged.
[2025-02-17 04:10:13.759 +00:00] [INF] [10] Jellyfin.Api.Auth.CustomAuthenticationHandler: "CustomAuthentication" was not authenticated. Failure message: "Invalid token."
[2025-02-17 04:10:13.760 +00:00] [INF] [10] Jellyfin.Api.Auth.CustomAuthenticationHandler: "CustomAuthentication" was not authenticated. Failure message: "Invalid token."
[2025-02-17 04:10:13.760 +00:00] [INF] [10] Jellyfin.Api.Auth.CustomAuthenticationHandler: AuthenticationScheme: "CustomAuthentication" was challenged.
[2025-02-17 04:10:23.765 +00:00] [INF] [10] Jellyfin.Api.Auth.CustomAuthenticationHandler: "CustomAuthentication" was not authenticated. Failure message: "Invalid token."
[2025-02-17 04:10:23.766 +00:00] [INF] [10] Jellyfin.Api.Auth.CustomAuthenticationHandler: "CustomAuthentication" was not authenticated. Failure message: "Invalid token."
[2025-02-17 04:10:23.766 +00:00] [INF] [10] Jellyfin.Api.Auth.CustomAuthenticationHandler: AuthenticationScheme: "CustomAuthentication" was challenged.
[2025-02-17 04:10:33.762 +00:00] [INF] [68] Jellyfin.Api.Auth.CustomAuthenticationHandler: "CustomAuthentication" was not authenticated. Failure message: "Invalid token."
[2025-02-17 04:10:33.762 +00:00] [INF] [68] Jellyfin.Api.Auth.CustomAuthenticationHandler: "CustomAuthentication" was not authenticated. Failure message: "Invalid token."
[2025-02-17 04:10:33.762 +00:00] [INF] [68] Jellyfin.Api.Auth.CustomAuthenticationHandler: AuthenticationScheme: "CustomAuthentication" was challenged.
[2025-02-17 04:10:43.762 +00:00] [INF] [36] Jellyfin.Api.Auth.CustomAuthenticationHandler: "CustomAuthentication" was not authenticated. Failure message: "Invalid token."
[2025-02-17 04:10:43.762 +00:00] [INF] [36] Jellyfin.Api.Auth.CustomAuthenticationHandler: "CustomAuthentication" was not authenticated. Failure message: "Invalid token."
[2025-02-17 04:10:43.762 +00:00] [INF] [36] Jellyfin.Api.Auth.CustomAuthenticationHandler: AuthenticationScheme: "CustomAuthentication" was challenged.
[2025-02-17 04:10:53.758 +00:00] [INF] [36] Jellyfin.Api.Auth.CustomAuthenticationHandler: "CustomAuthentication" was not authenticated. Failure message: "Invalid token."
[2025-02-17 04:10:53.758 +00:00] [INF] [36] Jellyfin.Api.Auth.CustomAuthenticationHandler: "CustomAuthentication" was not authenticated. Failure message: "Invalid token."
[2025-02-17 04:10:53.758 +00:00] [INF] [36] Jellyfin.Api.Auth.CustomAuthenticationHandler: AuthenticationScheme: "CustomAuthentication" was challenged.
[2025-02-17 04:11:03.763 +00:00] [INF] [46] Jellyfin.Api.Auth.CustomAuthenticationHandler: "CustomAuthentication" was not authenticated. Failure message: "Invalid token."
[2025-02-17 04:11:03.766 +00:00] [INF] [46] Jellyfin.Api.Auth.CustomAuthenticationHandler: "CustomAuthentication" was not authenticated. Failure message: "Invalid token."
[2025-02-17 04:11:03.767 +00:00] [INF] [46] Jellyfin.Api.Auth.CustomAuthenticationHandler: AuthenticationScheme: "CustomAuthentication" was challenged.
[2025-02-17 04:11:13.796 +00:00] [INF] [10] Jellyfin.Api.Auth.CustomAuthenticationHandler: "CustomAuthentication" was not authenticated. Failure message: "Invalid token."
[2025-02-17 04:11:13.796 +00:00] [INF] [10] Jellyfin.Api.Auth.CustomAuthenticationHandler: "CustomAuthentication" was not authenticated. Failure message: "Invalid token."
[2025-02-17 04:11:13.796 +00:00] [INF] [10] Jellyfin.Api.Auth.CustomAuthenticationHandler: AuthenticationScheme: "CustomAuthentication" was challenged.
[2025-02-17 04:11:23.763 +00:00] [INF] [10] Jellyfin.Api.Auth.CustomAuthenticationHandler: "CustomAuthentication" was not authenticated. Failure message: "Invalid token."
[2025-02-17 04:11:23.763 +00:00] [INF] [10] Jellyfin.Api.Auth.CustomAuthenticationHandler: "CustomAuthentication" was not authenticated. Failure message: "Invalid token."
[2025-02-17 04:11:23.763 +00:00] [INF] [10] Jellyfin.Api.Auth.CustomAuthenticationHandler: AuthenticationScheme: "CustomAuthentication" was challenged.
[2025-02-17 04:11:33.761 +00:00] [INF] [46] Jellyfin.Api.Auth.CustomAuthenticationHandler: "CustomAuthentication" was not authenticated. Failure message: "Invalid token."
[2025-02-17 04:11:33.761 +00:00] [INF] [46] Jellyfin.Api.Auth.CustomAuthenticationHandler: "CustomAuthentication" was not authenticated. Failure message: "Invalid token."
[2025-02-17 04:11:33.761 +00:00] [INF] [46] Jellyfin.Api.Auth.CustomAuthenticationHandler: AuthenticationScheme: "CustomAuthentication" was challenged.
[2025-02-17 04:11:43.758 +00:00] [INF] [73] Jellyfin.Api.Auth.CustomAuthenticationHandler: "CustomAuthentication" was not authenticated. Failure message: "Invalid token."
[2025-02-17 04:11:43.758 +00:00] [INF] [73] Jellyfin.Api.Auth.CustomAuthenticationHandler: "CustomAuthentication" was not authenticated. Failure message: "Invalid token."
[2025-02-17 04:11:43.759 +00:00] [INF] [73] Jellyfin.Api.Auth.CustomAuthenticationHandler: AuthenticationScheme: "CustomAuthentication" was challenged.
[2025-02-17 04:11:53.759 +00:00] [INF] [46] Jellyfin.Api.Auth.CustomAuthenticationHandler: "CustomAuthentication" was not authenticated. Failure message: "Invalid token."
[2025-02-17 04:11:53.759 +00:00] [INF] [46] Jellyfin.Api.Auth.CustomAuthenticationHandler: "CustomAuthentication" was not authenticated. Failure message: "Invalid token."
[2025-02-17 04:11:53.759 +00:00] [INF] [46] Jellyfin.Api.Auth.CustomAuthenticationHandler: AuthenticationScheme: "CustomAuthentication" was challenged.
[2025-02-17 04:12:03.763 +00:00] [INF] [10] Jellyfin.Api.Auth.CustomAuthenticationHandler: "CustomAuthentication" was not authenticated. Failure message: "Invalid token."
[2025-02-17 04:12:03.763 +00:00] [INF] [10] Jellyfin.Api.Auth.CustomAuthenticationHandler: "CustomAuthentication" was not authenticated. Failure message: "Invalid token."
[2025-02-17 04:12:03.763 +00:00] [INF] [10] Jellyfin.Api.Auth.CustomAuthenticationHandler: AuthenticationScheme: "CustomAuthentication" was challenged.
[2025-02-17 04:12:13.756 +00:00] [INF] [10] Jellyfin.Api.Auth.CustomAuthenticationHandler: "CustomAuthentication" was not authenticated. Failure message: "Invalid token."
[2025-02-17 04:12:13.757 +00:00] [INF] [10] Jellyfin.Api.Auth.CustomAuthenticationHandler: "CustomAuthentication" was not authenticated. Failure message: "Invalid token."
[2025-02-17 04:12:13.757 +00:00] [INF] [10] Jellyfin.Api.Auth.CustomAuthenticationHandler: AuthenticationScheme: "CustomAuthentication" was challenged.
[2025-02-17 04:12:23.766 +00:00] [INF] [10] Jellyfin.Api.Auth.CustomAuthenticationHandler: "CustomAuthentication" was not authenticated. Failure message: "Invalid token."
[2025-02-17 04:12:23.766 +00:00] [INF] [10] Jellyfin.Api.Auth.CustomAuthenticationHandler: "CustomAuthentication" was not authenticated. Failure message: "Invalid token."
[2025-02-17 04:12:23.766 +00:00] [INF] [10] Jellyfin.Api.Auth.CustomAuthenticationHandler: AuthenticationScheme: "CustomAuthentication" was challenged.
[2025-02-17 04:12:33.779 +00:00] [INF] [10] Jellyfin.Api.Auth.CustomAuthenticationHandler: "CustomAuthentication" was not authenticated. Failure message: "Invalid token."
[2025-02-17 04:12:33.779 +00:00] [INF] [10] Jellyfin.Api.Auth.CustomAuthenticationHandler: "CustomAuthentication" was not authenticated. Failure message: "Invalid token."
[2025-02-17 04:12:33.779 +00:00] [INF] [10] Jellyfin.Api.Auth.CustomAuthenticationHandler: AuthenticationScheme: "CustomAuthentication" was challenged.
[2025-02-17 04:12:43.758 +00:00] [INF] [46] Jellyfin.Api.Auth.CustomAuthenticationHandler: "CustomAuthentication" was not authenticated. Failure message: "Invalid token."
[2025-02-17 04:12:43.759 +00:00] [INF] [46] Jellyfin.Api.Auth.CustomAuthenticationHandler: "CustomAuthentication" was not authenticated. Failure message: "Invalid token."
[2025-02-17 04:12:43.759 +00:00] [INF] [46] Jellyfin.Api.Auth.CustomAuthenticationHandler: AuthenticationScheme: "CustomAuthentication" was challenged.
[2025-02-17 04:12:44.724 +00:00] [INF] [46] Emby.Server.Implementations.Session.SessionWebSocketListener: Sending ForceKeepAlive message to 1 inactive WebSockets.
[2025-02-17 04:12:53.756 +00:00] [INF] [46] Jellyfin.Api.Auth.CustomAuthenticationHandler: "CustomAuthentication" was not authenticated. Failure message: "Invalid token."
[2025-02-17 04:12:53.756 +00:00] [INF] [46] Jellyfin.Api.Auth.CustomAuthenticationHandler: "CustomAuthentication" was not authenticated. Failure message: "Invalid token."
[2025-02-17 04:12:53.756 +00:00] [INF] [46] Jellyfin.Api.Auth.CustomAuthenticationHandler: AuthenticationScheme: "CustomAuthentication" was challenged.
[2025-02-17 04:13:03.767 +00:00] [INF] [46] Jellyfin.Api.Auth.CustomAuthenticationHandler: "CustomAuthentication" was not authenticated. Failure message: "Invalid token."
[2025-02-17 04:13:03.767 +00:00] [INF] [46] Jellyfin.Api.Auth.CustomAuthenticationHandler: "CustomAuthentication" was not authenticated. Failure message: "Invalid token."
[2025-02-17 04:13:03.767 +00:00] [INF] [46] Jellyfin.Api.Auth.CustomAuthenticationHandler: AuthenticationScheme: "CustomAuthentication" was challenged.
[2025-02-17 04:13:13.761 +00:00] [INF] [46] Jellyfin.Api.Auth.CustomAuthenticationHandler: "CustomAuthentication" was not authenticated. Failure message: "Invalid token."
[2025-02-17 04:13:13.761 +00:00] [INF] [46] Jellyfin.Api.Auth.CustomAuthenticationHandler: "CustomAuthentication" was not authenticated. Failure message: "Invalid token."
[2025-02-17 04:13:13.761 +00:00] [INF] [46] Jellyfin.Api.Auth.CustomAuthenticationHandler: AuthenticationScheme: "CustomAuthentication" was challenged.
[2025-02-17 04:13:23.765 +00:00] [INF] [46] Jellyfin.Api.Auth.CustomAuthenticationHandler: "CustomAuthentication" was not authenticated. Failure message: "Invalid token."
[2025-02-17 04:13:23.766 +00:00] [INF] [46] Jellyfin.Api.Auth.CustomAuthenticationHandler: "CustomAuthentication" was not authenticated. Failure message: "Invalid token."
[2025-02-17 04:13:23.766 +00:00] [INF] [46] Jellyfin.Api.Auth.CustomAuthenticationHandler: AuthenticationScheme: "CustomAuthentication" was challenged.
[2025-02-17 04:13:33.758 +00:00] [INF] [23] Jellyfin.Api.Auth.CustomAuthenticationHandler: "CustomAuthentication" was not authenticated. Failure message: "Invalid token."
[2025-02-17 04:13:33.758 +00:00] [INF] [23] Jellyfin.Api.Auth.CustomAuthenticationHandler: "CustomAuthentication" was not authenticated. Failure message: "Invalid token."
[2025-02-17 04:13:33.758 +00:00] [INF] [23] Jellyfin.Api.Auth.CustomAuthenticationHandler: AuthenticationScheme: "CustomAuthentication" was challenged.
[2025-02-17 04:13:43.794 +00:00] [INF] [46] Jellyfin.Api.Auth.CustomAuthenticationHandler: "CustomAuthentication" was not authenticated. Failure message: "Invalid token."
[2025-02-17 04:13:43.794 +00:00] [INF] [46] Jellyfin.Api.Auth.CustomAuthenticationHandler: "CustomAuthentication" was not authenticated. Failure message: "Invalid token."
[2025-02-17 04:13:43.794 +00:00] [INF] [46] Jellyfin.Api.Auth.CustomAuthenticationHandler: AuthenticationScheme: "CustomAuthentication" was challenged.
[2025-02-17 04:13:53.759 +00:00] [INF] [46] Jellyfin.Api.Auth.CustomAuthenticationHandler: "CustomAuthentication" was not authenticated. Failure message: "Invalid token."
[2025-02-17 04:13:53.759 +00:00] [INF] [46] Jellyfin.Api.Auth.CustomAuthenticationHandler: "CustomAuthentication" was not authenticated. Failure message: "Invalid token."
[2025-02-17 04:13:53.759 +00:00] [INF] [46] Jellyfin.Api.Auth.CustomAuthenticationHandler: AuthenticationScheme: "CustomAuthentication" was challenged.
[2025-02-17 04:14:03.762 +00:00] [INF] [10] Jellyfin.Api.Auth.CustomAuthenticationHandler: "CustomAuthentication" was not authenticated. Failure message: "Invalid token."
[2025-02-17 04:14:03.762 +00:00] [INF] [10] Jellyfin.Api.Auth.CustomAuthenticationHandler: "CustomAuthentication" was not authenticated. Failure message: "Invalid token."
[2025-02-17 04:14:03.762 +00:00] [INF] [10] Jellyfin.Api.Auth.CustomAuthenticationHandler: AuthenticationScheme: "CustomAuthentication" was challenged.
[2025-02-17 04:14:13.782 +00:00] [INF] [49] Jellyfin.Api.Auth.CustomAuthenticationHandler: "CustomAuthentication" was not authenticated. Failure message: "Invalid token."
[2025-02-17 04:14:13.782 +00:00] [INF] [49] Jellyfin.Api.Auth.CustomAuthenticationHandler: "CustomAuthentication" was not authenticated. Failure message: "Invalid token."
[2025-02-17 04:14:13.782 +00:00] [INF] [49] Jellyfin.Api.Auth.CustomAuthenticationHandler: AuthenticationScheme: "CustomAuthentication" was challenged.
[2025-02-17 04:14:23.769 +00:00] [INF] [49] Jellyfin.Api.Auth.CustomAuthenticationHandler: "CustomAuthentication" was not authenticated. Failure message: "Invalid token."
[2025-02-17 04:14:23.769 +00:00] [INF] [49] Jellyfin.Api.Auth.CustomAuthenticationHandler: "CustomAuthentication" was not authenticated. Failure message: "Invalid token."
[2025-02-17 04:14:23.769 +00:00] [INF] [49] Jellyfin.Api.Auth.CustomAuthenticationHandler: AuthenticationScheme: "CustomAuthentication" was challenged.
[2025-02-17 04:14:33.761 +00:00] [INF] [46] Jellyfin.Api.Auth.CustomAuthenticationHandler: "CustomAuthentication" was not authenticated. Failure message: "Invalid token."
[2025-02-17 04:14:33.761 +00:00] [INF] [46] Jellyfin.Api.Auth.CustomAuthenticationHandler: "CustomAuthentication" was not authenticated. Failure message: "Invalid token."
[2025-02-17 04:14:33.761 +00:00] [INF] [46] Jellyfin.Api.Auth.CustomAuthenticationHandler: AuthenticationScheme: "CustomAuthentication" was challenged.
[2025-02-17 04:14:43.760 +00:00] [INF] [49] Jellyfin.Api.Auth.CustomAuthenticationHandler: "CustomAuthentication" was not authenticated. Failure message: "Invalid token."
[2025-02-17 04:14:43.760 +00:00] [INF] [49] Jellyfin.Api.Auth.CustomAuthenticationHandler: "CustomAuthentication" was not authenticated. Failure message: "Invalid token."
[2025-02-17 04:14:43.761 +00:00] [INF] [49] Jellyfin.Api.Auth.CustomAuthenticationHandler: AuthenticationScheme: "CustomAuthentication" was challenged.
[2025-02-17 04:14:53.764 +00:00] [INF] [33] Jellyfin.Api.Auth.CustomAuthenticationHandler: "CustomAuthentication" was not authenticated. Failure message: "Invalid token."
[2025-02-17 04:14:53.764 +00:00] [INF] [33] Jellyfin.Api.Auth.CustomAuthenticationHandler: "CustomAuthentication" was not authenticated. Failure message: "Invalid token."
[2025-02-17 04:14:53.764 +00:00] [INF] [33] Jellyfin.Api.Auth.CustomAuthenticationHandler: AuthenticationScheme: "CustomAuthentication" was challenged.
[2025-02-17 04:15:03.774 +00:00] [INF] [33] Jellyfin.Api.Auth.CustomAuthenticationHandler: "CustomAuthentication" was not authenticated. Failure message: "Invalid token."
[2025-02-17 04:15:03.774 +00:00] [INF] [33] Jellyfin.Api.Auth.CustomAuthenticationHandler: "CustomAuthentication" was not authenticated. Failure message: "Invalid token."
[2025-02-17 04:15:03.774 +00:00] [INF] [33] Jellyfin.Api.Auth.CustomAuthenticationHandler: AuthenticationScheme: "CustomAuthentication" was challenged.
[2025-02-17 04:15:13.767 +00:00] [INF] [10] Jellyfin.Api.Auth.CustomAuthenticationHandler: "CustomAuthentication" was not authenticated. Failure message: "Invalid token."
[2025-02-17 04:15:13.767 +00:00] [INF] [10] Jellyfin.Api.Auth.CustomAuthenticationHandler: "CustomAuthentication" was not authenticated. Failure message: "Invalid token."
[2025-02-17 04:15:13.767 +00:00] [INF] [10] Jellyfin.Api.Auth.CustomAuthenticationHandler: AuthenticationScheme: "CustomAuthentication" was challenged.
[2025-02-17 04:15:23.758 +00:00] [INF] [33] Jellyfin.Api.Auth.CustomAuthenticationHandler: "CustomAuthentication" was not authenticated. Failure message: "Invalid token."
[2025-02-17 04:15:23.758 +00:00] [INF] [33] Jellyfin.Api.Auth.CustomAuthenticationHandler: "CustomAuthentication" was not authenticated. Failure message: "Invalid token."
[2025-02-17 04:15:23.758 +00:00] [INF] [33] Jellyfin.Api.Auth.CustomAuthenticationHandler: AuthenticationScheme: "CustomAuthentication" was challenged.
[2025-02-17 04:15:33.759 +00:00] [INF] [33] Jellyfin.Api.Auth.CustomAuthenticationHandler: "CustomAuthentication" was not authenticated. Failure message: "Invalid token."
[2025-02-17 04:15:33.759 +00:00] [INF] [33] Jellyfin.Api.Auth.CustomAuthenticationHandler: "CustomAuthentication" was not authenticated. Failure message: "Invalid token."
[2025-02-17 04:15:33.759 +00:00] [INF] [33] Jellyfin.Api.Auth.CustomAuthenticationHandler: AuthenticationScheme: "CustomAuthentication" was challenged.
[2025-02-17 04:15:43.773 +00:00] [INF] [33] Jellyfin.Api.Auth.CustomAuthenticationHandler: "CustomAuthentication" was not authenticated. Failure message: "Invalid token."
[2025-02-17 04:15:43.773 +00:00] [INF] [33] Jellyfin.Api.Auth.CustomAuthenticationHandler: "CustomAuthentication" was not authenticated. Failure message: "Invalid token."
[2025-02-17 04:15:43.773 +00:00] [INF] [33] Jellyfin.Api.Auth.CustomAuthenticationHandler: AuthenticationScheme: "CustomAuthentication" was challenged.
[2025-02-17 04:15:53.764 +00:00] [INF] [10] Jellyfin.Api.Auth.CustomAuthenticationHandler: "CustomAuthentication" was not authenticated. Failure message: "Invalid token."
[2025-02-17 04:15:53.764 +00:00] [INF] [10] Jellyfin.Api.Auth.CustomAuthenticationHandler: "CustomAuthentication" was not authenticated. Failure message: "Invalid token."
[2025-02-17 04:15:53.764 +00:00] [INF] [10] Jellyfin.Api.Auth.CustomAuthenticationHandler: AuthenticationScheme: "CustomAuthentication" was challenged.
[2025-02-17 04:16:03.758 +00:00] [INF] [19] Jellyfin.Api.Auth.CustomAuthenticationHandler: "CustomAuthentication" was not authenticated. Failure message: "Invalid token."
[2025-02-17 04:16:03.758 +00:00] [INF] [19] Jellyfin.Api.Auth.CustomAuthenticationHandler: "CustomAuthentication" was not authenticated. Failure message: "Invalid token."
[2025-02-17 04:16:03.758 +00:00] [INF] [19] Jellyfin.Api.Auth.CustomAuthenticationHandler: AuthenticationScheme: "CustomAuthentication" was challenged.
[2025-02-17 04:16:08.724 +00:00] [INF] [19] Emby.Server.Implementations.Session.SessionWebSocketListener: Sending ForceKeepAlive message to 1 inactive WebSockets.
[2025-02-17 04:16:13.768 +00:00] [INF] [10] Jellyfin.Api.Auth.CustomAuthenticationHandler: "CustomAuthentication" was not authenticated. Failure message: "Invalid token."
[2025-02-17 04:16:13.769 +00:00] [INF] [10] Jellyfin.Api.Auth.CustomAuthenticationHandler: "CustomAuthentication" was not authenticated. Failure message: "Invalid token."
[2025-02-17 04:16:13.769 +00:00] [INF] [10] Jellyfin.Api.Auth.CustomAuthenticationHandler: AuthenticationScheme: "CustomAuthentication" was challenged.
[2025-02-17 04:16:23.809 +00:00] [INF] [33] Jellyfin.Api.Auth.CustomAuthenticationHandler: "CustomAuthentication" was not authenticated. Failure message: "Invalid token."
[2025-02-17 04:16:23.809 +00:00] [INF] [33] Jellyfin.Api.Auth.CustomAuthenticationHandler: "CustomAuthentication" was not authenticated. Failure message: "Invalid token."
[2025-02-17 04:16:23.809 +00:00] [INF] [33] Jellyfin.Api.Auth.CustomAuthenticationHandler: AuthenticationScheme: "CustomAuthentication" was challenged.
[2025-02-17 04:16:33.764 +00:00] [INF] [33] Jellyfin.Api.Auth.CustomAuthenticationHandler: "CustomAuthentication" was not authenticated. Failure message: "Invalid token."
[2025-02-17 04:16:33.764 +00:00] [INF] [33] Jellyfin.Api.Auth.CustomAuthenticationHandler: "CustomAuthentication" was not authenticated. Failure message: "Invalid token."
[2025-02-17 04:16:33.764 +00:00] [INF] [33] Jellyfin.Api.Auth.CustomAuthenticationHandler: AuthenticationScheme: "CustomAuthentication" was challenged.
[2025-02-17 04:16:43.765 +00:00] [INF] [53] Jellyfin.Api.Auth.CustomAuthenticationHandler: "CustomAuthentication" was not authenticated. Failure message: "Invalid token."
[2025-02-17 04:16:43.765 +00:00] [INF] [53] Jellyfin.Api.Auth.CustomAuthenticationHandler: "CustomAuthentication" was not authenticated. Failure message: "Invalid token."
[2025-02-17 04:16:43.766 +00:00] [INF] [53] Jellyfin.Api.Auth.CustomAuthenticationHandler: AuthenticationScheme: "CustomAuthentication" was challenged.
[2025-02-17 04:16:53.771 +00:00] [INF] [33] Jellyfin.Api.Auth.CustomAuthenticationHandler: "CustomAuthentication" was not authenticated. Failure message: "Invalid token."
[2025-02-17 04:16:53.772 +00:00] [INF] [33] Jellyfin.Api.Auth.CustomAuthenticationHandler: "CustomAuthentication" was not authenticated. Failure message: "Invalid token."
[2025-02-17 04:16:53.772 +00:00] [INF] [33] Jellyfin.Api.Auth.CustomAuthenticationHandler: AuthenticationScheme: "CustomAuthentication" was challenged.
[2025-02-17 04:17:03.760 +00:00] [INF] [53] Jellyfin.Api.Auth.CustomAuthenticationHandler: "CustomAuthentication" was not authenticated. Failure message: "Invalid token."
[2025-02-17 04:17:03.760 +00:00] [INF] [53] Jellyfin.Api.Auth.CustomAuthenticationHandler: "CustomAuthentication" was not authenticated. Failure message: "Invalid token."
[2025-02-17 04:17:03.761 +00:00] [INF] [53] Jellyfin.Api.Auth.CustomAuthenticationHandler: AuthenticationScheme: "CustomAuthentication" was challenged.
[2025-02-17 04:17:13.760 +00:00] [INF] [30] Jellyfin.Api.Auth.CustomAuthenticationHandler: "CustomAuthentication" was not authenticated. Failure message: "Invalid token."
[2025-02-17 04:17:13.760 +00:00] [INF] [30] Jellyfin.Api.Auth.CustomAuthenticationHandler: "CustomAuthentication" was not authenticated. Failure message: "Invalid token."
[2025-02-17 04:17:13.760 +00:00] [INF] [30] Jellyfin.Api.Auth.CustomAuthenticationHandler: AuthenticationScheme: "CustomAuthentication" was challenged.
[2025-02-17 04:17:23.781 +00:00] [INF] [34] Jellyfin.Api.Auth.CustomAuthenticationHandler: "CustomAuthentication" was not authenticated. Failure message: "Invalid token."
[2025-02-17 04:17:23.782 +00:00] [INF] [34] Jellyfin.Api.Auth.CustomAuthenticationHandler: "CustomAuthentication" was not authenticated. Failure message: "Invalid token."
[2025-02-17 04:17:23.782 +00:00] [INF] [34] Jellyfin.Api.Auth.CustomAuthenticationHandler: AuthenticationScheme: "CustomAuthentication" was challenged.
[2025-02-17 04:17:33.770 +00:00] [INF] [34] Jellyfin.Api.Auth.CustomAuthenticationHandler: "CustomAuthentication" was not authenticated. Failure message: "Invalid token."
[2025-02-17 04:17:33.770 +00:00] [INF] [34] Jellyfin.Api.Auth.CustomAuthenticationHandler: "CustomAuthentication" was not authenticated. Failure message: "Invalid token."
[2025-02-17 04:17:33.770 +00:00] [INF] [34] Jellyfin.Api.Auth.CustomAuthenticationHandler: AuthenticationScheme: "CustomAuthentication" was challenged.
[2025-02-17 04:17:43.760 +00:00] [INF] [30] Jellyfin.Api.Auth.CustomAuthenticationHandler: "CustomAuthentication" was not authenticated. Failure message: "Invalid token."
[2025-02-17 04:17:43.760 +00:00] [INF] [30] Jellyfin.Api.Auth.CustomAuthenticationHandler: "CustomAuthentication" was not authenticated. Failure message: "Invalid token."
[2025-02-17 04:17:43.761 +00:00] [INF] [30] Jellyfin.Api.Auth.CustomAuthenticationHandler: AuthenticationScheme: "CustomAuthentication" was challenged.
[2025-02-17 04:17:53.760 +00:00] [INF] [33] Jellyfin.Api.Auth.CustomAuthenticationHandler: "CustomAuthentication" was not authenticated. Failure message: "Invalid token."
[2025-02-17 04:17:53.760 +00:00] [INF] [33] Jellyfin.Api.Auth.CustomAuthenticationHandler: "CustomAuthentication" was not authenticated. Failure message: "Invalid token."
[2025-02-17 04:17:53.762 +00:00] [INF] [33] Jellyfin.Api.Auth.CustomAuthenticationHandler: AuthenticationScheme: "CustomAuthentication" was challenged.
[2025-02-17 04:18:03.770 +00:00] [INF] [51] Jellyfin.Api.Auth.CustomAuthenticationHandler: "CustomAuthentication" was not authenticated. Failure message: "Invalid token."
[2025-02-17 04:18:03.770 +00:00] [INF] [51] Jellyfin.Api.Auth.CustomAuthenticationHandler: "CustomAuthentication" was not authenticated. Failure message: "Invalid token."
[2025-02-17 04:18:03.770 +00:00] [INF] [51] Jellyfin.Api.Auth.CustomAuthenticationHandler: AuthenticationScheme: "CustomAuthentication" was challenged.
[2025-02-17 04:18:13.768 +00:00] [INF] [51] Jellyfin.Api.Auth.CustomAuthenticationHandler: "CustomAuthentication" was not authenticated. Failure message: "Invalid token."
[2025-02-17 04:18:13.768 +00:00] [INF] [51] Jellyfin.Api.Auth.CustomAuthenticationHandler: "CustomAuthentication" was not authenticated. Failure message: "Invalid token."
[2025-02-17 04:18:13.768 +00:00] [INF] [51] Jellyfin.Api.Auth.CustomAuthenticationHandler: AuthenticationScheme: "CustomAuthentication" was challenged.
[2025-02-17 04:18:23.763 +00:00] [INF] [34] Jellyfin.Api.Auth.CustomAuthenticationHandler: "CustomAuthentication" was not authenticated. Failure message: "Invalid token."
[2025-02-17 04:18:23.763 +00:00] [INF] [34] Jellyfin.Api.Auth.CustomAuthenticationHandler: "CustomAuthentication" was not authenticated. Failure message: "Invalid token."
[2025-02-17 04:18:23.764 +00:00] [INF] [34] Jellyfin.Api.Auth.CustomAuthenticationHandler: AuthenticationScheme: "CustomAuthentication" was challenged.
[2025-02-17 04:18:33.762 +00:00] [INF] [34] Jellyfin.Api.Auth.CustomAuthenticationHandler: "CustomAuthentication" was not authenticated. Failure message: "Invalid token."
[2025-02-17 04:18:33.762 +00:00] [INF] [34] Jellyfin.Api.Auth.CustomAuthenticationHandler: "CustomAuthentication" was not authenticated. Failure message: "Invalid token."
[2025-02-17 04:18:33.762 +00:00] [INF] [34] Jellyfin.Api.Auth.CustomAuthenticationHandler: AuthenticationScheme: "CustomAuthentication" was challenged.
[2025-02-17 04:18:43.761 +00:00] [INF] [51] Jellyfin.Api.Auth.CustomAuthenticationHandler: "CustomAuthentication" was not authenticated. Failure message: "Invalid token."
[2025-02-17 04:18:43.761 +00:00] [INF] [51] Jellyfin.Api.Auth.CustomAuthenticationHandler: "CustomAuthentication" was not authenticated. Failure message: "Invalid token."
[2025-02-17 04:18:43.761 +00:00] [INF] [51] Jellyfin.Api.Auth.CustomAuthenticationHandler: AuthenticationScheme: "CustomAuthentication" was challenged.
[2025-02-17 04:18:53.767 +00:00] [INF] [16] Jellyfin.Api.Auth.CustomAuthenticationHandler: "CustomAuthentication" was not authenticated. Failure message: "Invalid token."
[2025-02-17 04:18:53.768 +00:00] [INF] [16] Jellyfin.Api.Auth.CustomAuthenticationHandler: "CustomAuthentication" was not authenticated. Failure message: "Invalid token."
[2025-02-17 04:18:53.768 +00:00] [INF] [16] Jellyfin.Api.Auth.CustomAuthenticationHandler: AuthenticationScheme: "CustomAuthentication" was challenged.
[2025-02-17 04:18:56.724 +00:00] [INF] [51] Emby.Server.Implementations.Session.SessionWebSocketListener: Sending ForceKeepAlive message to 1 inactive WebSockets.
[2025-02-17 04:19:03.762 +00:00] [INF] [16] Jellyfin.Api.Auth.CustomAuthenticationHandler: "CustomAuthentication" was not authenticated. Failure message: "Invalid token."
[2025-02-17 04:19:03.762 +00:00] [INF] [16] Jellyfin.Api.Auth.CustomAuthenticationHandler: "CustomAuthentication" was not authenticated. Failure message: "Invalid token."
[2025-02-17 04:19:03.762 +00:00] [INF] [16] Jellyfin.Api.Auth.CustomAuthenticationHandler: AuthenticationScheme: "CustomAuthentication" was challenged.
[2025-02-17 04:19:13.763 +00:00] [INF] [51] Jellyfin.Api.Auth.CustomAuthenticationHandler: "CustomAuthentication" was not authenticated. Failure message: "Invalid token."
[2025-02-17 04:19:13.763 +00:00] [INF] [51] Jellyfin.Api.Auth.CustomAuthenticationHandler: "CustomAuthentication" was not authenticated. Failure message: "Invalid token."
[2025-02-17 04:19:13.763 +00:00] [INF] [51] Jellyfin.Api.Auth.CustomAuthenticationHandler: AuthenticationScheme: "CustomAuthentication" was challenged.
[2025-02-17 04:19:23.765 +00:00] [INF] [43] Jellyfin.Api.Auth.CustomAuthenticationHandler: "CustomAuthentication" was not authenticated. Failure message: "Invalid token."
[2025-02-17 04:19:23.765 +00:00] [INF] [43] Jellyfin.Api.Auth.CustomAuthenticationHandler: "CustomAuthentication" was not authenticated. Failure message: "Invalid token."
[2025-02-17 04:19:23.765 +00:00] [INF] [43] Jellyfin.Api.Auth.CustomAuthenticationHandler: AuthenticationScheme: "CustomAuthentication" was challenged.
[2025-02-17 04:19:33.763 +00:00] [INF] [51] Jellyfin.Api.Auth.CustomAuthenticationHandler: "CustomAuthentication" was not authenticated. Failure message: "Invalid token."
[2025-02-17 04:19:33.763 +00:00] [INF] [51] Jellyfin.Api.Auth.CustomAuthenticationHandler: "CustomAuthentication" was not authenticated. Failure message: "Invalid token."
[2025-02-17 04:19:33.763 +00:00] [INF] [51] Jellyfin.Api.Auth.CustomAuthenticationHandler: AuthenticationScheme: "CustomAuthentication" was challenged.
[2025-02-17 04:19:43.761 +00:00] [INF] [51] Jellyfin.Api.Auth.CustomAuthenticationHandler: "CustomAuthentication" was not authenticated. Failure message: "Invalid token."
[2025-02-17 04:19:43.761 +00:00] [INF] [51] Jellyfin.Api.Auth.CustomAuthenticationHandler: "CustomAuthentication" was not authenticated. Failure message: "Invalid token."
[2025-02-17 04:19:43.762 +00:00] [INF] [51] Jellyfin.Api.Auth.CustomAuthenticationHandler: AuthenticationScheme: "CustomAuthentication" was challenged.
[2025-02-17 04:19:53.769 +00:00] [INF] [16] Jellyfin.Api.Auth.CustomAuthenticationHandler: "CustomAuthentication" was not authenticated. Failure message: "Invalid token."
[2025-02-17 04:19:53.769 +00:00] [INF] [16] Jellyfin.Api.Auth.CustomAuthenticationHandler: "CustomAuthentication" was not authenticated. Failure message: "Invalid token."
[2025-02-17 04:19:53.769 +00:00] [INF] [16] Jellyfin.Api.Auth.CustomAuthenticationHandler: AuthenticationScheme: "CustomAuthentication" was challenged.
[2025-02-17 04:20:03.772 +00:00] [INF] [43] Jellyfin.Api.Auth.CustomAuthenticationHandler: "CustomAuthentication" was not authenticated. Failure message: "Invalid token."
[2025-02-17 04:20:03.772 +00:00] [INF] [43] Jellyfin.Api.Auth.CustomAuthenticationHandler: "CustomAuthentication" was not authenticated. Failure message: "Invalid token."
[2025-02-17 04:20:03.772 +00:00] [INF] [43] Jellyfin.Api.Auth.CustomAuthenticationHandler: AuthenticationScheme: "CustomAuthentication" was challenged.
[2025-02-17 04:20:07.790 +00:00] [WRN] [56] Emby.Server.Implementations.HttpServer.WebSocketConnection: WS "2405:acc0:1306:528:f5d3:34f1:d9c2:f5c3" error receiving data: "The remote party closed the WebSocket connection without completing the close handshake."
[2025-02-17 04:20:07.798 +00:00] [INF] [56] Emby.Server.Implementations.HttpServer.WebSocketManager: WS "2405:acc0:1306:528:f5d3:34f1:d9c2:f5c3" closed
[2025-02-17 04:20:13.764 +00:00] [INF] [30] Jellyfin.Api.Auth.CustomAuthenticationHandler: "CustomAuthentication" was not authenticated. Failure message: "Invalid token."
[2025-02-17 04:20:13.764 +00:00] [INF] [30] Jellyfin.Api.Auth.CustomAuthenticationHandler: "CustomAuthentication" was not authenticated. Failure message: "Invalid token."
[2025-02-17 04:20:13.764 +00:00] [INF] [30] Jellyfin.Api.Auth.CustomAuthenticationHandler: AuthenticationScheme: "CustomAuthentication" was challenged.
[2025-02-17 04:20:23.768 +00:00] [INF] [56] Jellyfin.Api.Auth.CustomAuthenticationHandler: "CustomAuthentication" was not authenticated. Failure message: "Invalid token."
[2025-02-17 04:20:23.768 +00:00] [INF] [56] Jellyfin.Api.Auth.CustomAuthenticationHandler: "CustomAuthentication" was not authenticated. Failure message: "Invalid token."
[2025-02-17 04:20:23.768 +00:00] [INF] [56] Jellyfin.Api.Auth.CustomAuthenticationHandler: AuthenticationScheme: "CustomAuthentication" was challenged.
[2025-02-17 04:20:33.776 +00:00] [INF] [56] Jellyfin.Api.Auth.CustomAuthenticationHandler: "CustomAuthentication" was not authenticated. Failure message: "Invalid token."
[2025-02-17 04:20:33.776 +00:00] [INF] [56] Jellyfin.Api.Auth.CustomAuthenticationHandler: "CustomAuthentication" was not authenticated. Failure message: "Invalid token."
[2025-02-17 04:20:33.776 +00:00] [INF] [56] Jellyfin.Api.Auth.CustomAuthenticationHandler: AuthenticationScheme: "CustomAuthentication" was challenged.
[2025-02-17 04:20:43.769 +00:00] [INF] [16] Jellyfin.Api.Auth.CustomAuthenticationHandler: "CustomAuthentication" was not authenticated. Failure message: "Invalid token."
[2025-02-17 04:20:43.769 +00:00] [INF] [16] Jellyfin.Api.Auth.CustomAuthenticationHandler: "CustomAuthentication" was not authenticated. Failure message: "Invalid token."
[2025-02-17 04:20:43.769 +00:00] [INF] [16] Jellyfin.Api.Auth.CustomAuthenticationHandler: AuthenticationScheme: "CustomAuthentication" was challenged.
[2025-02-17 04:20:53.764 +00:00] [INF] [16] Jellyfin.Api.Auth.CustomAuthenticationHandler: "CustomAuthentication" was not authenticated. Failure message: "Invalid token."
[2025-02-17 04:20:53.764 +00:00] [INF] [16] Jellyfin.Api.Auth.CustomAuthenticationHandler: "CustomAuthentication" was not authenticated. Failure message: "Invalid token."
[2025-02-17 04:20:53.764 +00:00] [INF] [16] Jellyfin.Api.Auth.CustomAuthenticationHandler: AuthenticationScheme: "CustomAuthentication" was challenged.
[2025-02-17 04:21:03.767 +00:00] [INF] [16] Jellyfin.Api.Auth.CustomAuthenticationHandler: "CustomAuthentication" was not authenticated. Failure message: "Invalid token."
[2025-02-17 04:21:03.768 +00:00] [INF] [16] Jellyfin.Api.Auth.CustomAuthenticationHandler: "CustomAuthentication" was not authenticated. Failure message: "Invalid token."
[2025-02-17 04:21:03.768 +00:00] [INF] [16] Jellyfin.Api.Auth.CustomAuthenticationHandler: AuthenticationScheme: "CustomAuthentication" was challenged.
[2025-02-17 04:21:13.760 +00:00] [INF] [16] Jellyfin.Api.Auth.CustomAuthenticationHandler: "CustomAuthentication" was not authenticated. Failure message: "Invalid token."
[2025-02-17 04:21:13.760 +00:00] [INF] [16] Jellyfin.Api.Auth.CustomAuthenticationHandler: "CustomAuthentication" was not authenticated. Failure message: "Invalid token."
[2025-02-17 04:21:13.760 +00:00] [INF] [16] Jellyfin.Api.Auth.CustomAuthenticationHandler: AuthenticationScheme: "CustomAuthentication" was challenged.
[2025-02-17 04:21:23.767 +00:00] [INF] [16] Jellyfin.Api.Auth.CustomAuthenticationHandler: "CustomAuthentication" was not authenticated. Failure message: "Invalid token."
[2025-02-17 04:21:23.767 +00:00] [INF] [16] Jellyfin.Api.Auth.CustomAuthenticationHandler: "CustomAuthentication" was not authenticated. Failure message: "Invalid token."
[2025-02-17 04:21:23.767 +00:00] [INF] [16] Jellyfin.Api.Auth.CustomAuthenticationHandler: AuthenticationScheme: "CustomAuthentication" was challenged.
[2025-02-17 04:21:33.801 +00:00] [INF] [55] Jellyfin.Api.Auth.CustomAuthenticationHandler: "CustomAuthentication" was not authenticated. Failure message: "Invalid token."
[2025-02-17 04:21:33.802 +00:00] [INF] [55] Jellyfin.Api.Auth.CustomAuthenticationHandler: "CustomAuthentication" was not authenticated. Failure message: "Invalid token."
[2025-02-17 04:21:33.802 +00:00] [INF] [55] Jellyfin.Api.Auth.CustomAuthenticationHandler: AuthenticationScheme: "CustomAuthentication" was challenged.
[2025-02-17 04:21:43.764 +00:00] [INF] [16] Jellyfin.Api.Auth.CustomAuthenticationHandler: "CustomAuthentication" was not authenticated. Failure message: "Invalid token."
[2025-02-17 04:21:43.764 +00:00] [INF] [16] Jellyfin.Api.Auth.CustomAuthenticationHandler: "CustomAuthentication" was not authenticated. Failure message: "Invalid token."
[2025-02-17 04:21:43.764 +00:00] [INF] [16] Jellyfin.Api.Auth.CustomAuthenticationHandler: AuthenticationScheme: "CustomAuthentication" was challenged.
[2025-02-17 04:21:53.767 +00:00] [INF] [57] Jellyfin.Api.Auth.CustomAuthenticationHandler: "CustomAuthentication" was not authenticated. Failure message: "Invalid token."
[2025-02-17 04:21:53.768 +00:00] [INF] [57] Jellyfin.Api.Auth.CustomAuthenticationHandler: "CustomAuthentication" was not authenticated. Failure message: "Invalid token."
[2025-02-17 04:21:53.769 +00:00] [INF] [57] Jellyfin.Api.Auth.CustomAuthenticationHandler: AuthenticationScheme: "CustomAuthentication" was challenged.
[2025-02-17 04:22:03.762 +00:00] [INF] [55] Jellyfin.Api.Auth.CustomAuthenticationHandler: "CustomAuthentication" was not authenticated. Failure message: "Invalid token."
[2025-02-17 04:22:03.762 +00:00] [INF] [55] Jellyfin.Api.Auth.CustomAuthenticationHandler: "CustomAuthentication" was not authenticated. Failure message: "Invalid token."
[2025-02-17 04:22:03.762 +00:00] [INF] [55] Jellyfin.Api.Auth.CustomAuthenticationHandler: AuthenticationScheme: "CustomAuthentication" was challenged.
[2025-02-17 04:22:13.760 +00:00] [INF] [16] Jellyfin.Api.Auth.CustomAuthenticationHandler: "CustomAuthentication" was not authenticated. Failure message: "Invalid token."
[2025-02-17 04:22:13.760 +00:00] [INF] [16] Jellyfin.Api.Auth.CustomAuthenticationHandler: "CustomAuthentication" was not authenticated. Failure message: "Invalid token."
[2025-02-17 04:22:13.760 +00:00] [INF] [16] Jellyfin.Api.Auth.CustomAuthenticationHandler: AuthenticationScheme: "CustomAuthentication" was challenged.
[2025-02-17 04:22:23.765 +00:00] [INF] [19] Jellyfin.Api.Auth.CustomAuthenticationHandler: "CustomAuthentication" was not authenticated. Failure message: "Invalid token."
[2025-02-17 04:22:23.766 +00:00] [INF] [19] Jellyfin.Api.Auth.CustomAuthenticationHandler: "CustomAuthentication" was not authenticated. Failure message: "Invalid token."
[2025-02-17 04:22:23.766 +00:00] [INF] [19] Jellyfin.Api.Auth.CustomAuthenticationHandler: AuthenticationScheme: "CustomAuthentication" was challenged.
[2025-02-17 04:22:33.759 +00:00] [INF] [16] Jellyfin.Api.Auth.CustomAuthenticationHandler: "CustomAuthentication" was not authenticated. Failure message: "Invalid token."
[2025-02-17 04:22:33.759 +00:00] [INF] [16] Jellyfin.Api.Auth.CustomAuthenticationHandler: "CustomAuthentication" was not authenticated. Failure message: "Invalid token."
[2025-02-17 04:22:33.759 +00:00] [INF] [16] Jellyfin.Api.Auth.CustomAuthenticationHandler: AuthenticationScheme: "CustomAuthentication" was challenged.
[2025-02-17 04:22:43.778 +00:00] [INF] [16] Jellyfin.Api.Auth.CustomAuthenticationHandler: "CustomAuthentication" was not authenticated. Failure message: "Invalid token."
[2025-02-17 04:22:43.778 +00:00] [INF] [16] Jellyfin.Api.Auth.CustomAuthenticationHandler: "CustomAuthentication" was not authenticated. Failure message: "Invalid token."
[2025-02-17 04:22:43.778 +00:00] [INF] [16] Jellyfin.Api.Auth.CustomAuthenticationHandler: AuthenticationScheme: "CustomAuthentication" was challenged.
[2025-02-17 04:22:53.767 +00:00] [INF] [19] Jellyfin.Api.Auth.CustomAuthenticationHandler: "CustomAuthentication" was not authenticated. Failure message: "Invalid token."
[2025-02-17 04:22:53.767 +00:00] [INF] [19] Jellyfin.Api.Auth.CustomAuthenticationHandler: "CustomAuthentication" was not authenticated. Failure message: "Invalid token."
[2025-02-17 04:22:53.767 +00:00] [INF] [19] Jellyfin.Api.Auth.CustomAuthenticationHandler: AuthenticationScheme: "CustomAuthentication" was challenged.
[2025-02-17 04:23:03.761 +00:00] [INF] [55] Jellyfin.Api.Auth.CustomAuthenticationHandler: "CustomAuthentication" was not authenticated. Failure message: "Invalid token."
[2025-02-17 04:23:03.761 +00:00] [INF] [55] Jellyfin.Api.Auth.CustomAuthenticationHandler: "CustomAuthentication" was not authenticated. Failure message: "Invalid token."
[2025-02-17 04:23:03.761 +00:00] [INF] [55] Jellyfin.Api.Auth.CustomAuthenticationHandler: AuthenticationScheme: "CustomAuthentication" was challenged.
[2025-02-17 04:23:13.763 +00:00] [INF] [19] Jellyfin.Api.Auth.CustomAuthenticationHandler: "CustomAuthentication" was not authenticated. Failure message: "Invalid token."
[2025-02-17 04:23:13.763 +00:00] [INF] [19] Jellyfin.Api.Auth.CustomAuthenticationHandler: "CustomAuthentication" was not authenticated. Failure message: "Invalid token."
[2025-02-17 04:23:13.763 +00:00] [INF] [19] Jellyfin.Api.Auth.CustomAuthenticationHandler: AuthenticationScheme: "CustomAuthentication" was challenged.
[2025-02-17 04:23:23.763 +00:00] [INF] [49] Jellyfin.Api.Auth.CustomAuthenticationHandler: "CustomAuthentication" was not authenticated. Failure message: "Invalid token."
[2025-02-17 04:23:23.764 +00:00] [INF] [49] Jellyfin.Api.Auth.CustomAuthenticationHandler: "CustomAuthentication" was not authenticated. Failure message: "Invalid token."
[2025-02-17 04:23:23.764 +00:00] [INF] [49] Jellyfin.Api.Auth.CustomAuthenticationHandler: AuthenticationScheme: "CustomAuthentication" was challenged.
[2025-02-17 04:23:33.765 +00:00] [INF] [49] Jellyfin.Api.Auth.CustomAuthenticationHandler: "CustomAuthentication" was not authenticated. Failure message: "Invalid token."
[2025-02-17 04:23:33.766 +00:00] [INF] [49] Jellyfin.Api.Auth.CustomAuthenticationHandler: "CustomAuthentication" was not authenticated. Failure message: "Invalid token."
[2025-02-17 04:23:33.766 +00:00] [INF] [49] Jellyfin.Api.Auth.CustomAuthenticationHandler: AuthenticationScheme: "CustomAuthentication" was challenged.
[2025-02-17 04:23:43.793 +00:00] [INF] [19] Jellyfin.Api.Auth.CustomAuthenticationHandler: "CustomAuthentication" was not authenticated. Failure message: "Invalid token."
[2025-02-17 04:23:43.793 +00:00] [INF] [19] Jellyfin.Api.Auth.CustomAuthenticationHandler: "CustomAuthentication" was not authenticated. Failure message: "Invalid token."
[2025-02-17 04:23:43.793 +00:00] [INF] [19] Jellyfin.Api.Auth.CustomAuthenticationHandler: AuthenticationScheme: "CustomAuthentication" was challenged.
[2025-02-17 04:23:53.805 +00:00] [INF] [16] Jellyfin.Api.Auth.CustomAuthenticationHandler: "CustomAuthentication" was not authenticated. Failure message: "Invalid token."
[2025-02-17 04:23:53.805 +00:00] [INF] [16] Jellyfin.Api.Auth.CustomAuthenticationHandler: "CustomAuthentication" was not authenticated. Failure message: "Invalid token."
[2025-02-17 04:23:53.805 +00:00] [INF] [16] Jellyfin.Api.Auth.CustomAuthenticationHandler: AuthenticationScheme: "CustomAuthentication" was challenged.
[2025-02-17 04:24:03.763 +00:00] [INF] [23] Jellyfin.Api.Auth.CustomAuthenticationHandler: "CustomAuthentication" was not authenticated. Failure message: "Invalid token."
[2025-02-17 04:24:03.763 +00:00] [INF] [23] Jellyfin.Api.Auth.CustomAuthenticationHandler: "CustomAuthentication" was not authenticated. Failure message: "Invalid token."
[2025-02-17 04:24:03.763 +00:00] [INF] [23] Jellyfin.Api.Auth.CustomAuthenticationHandler: AuthenticationScheme: "CustomAuthentication" was challenged.
[2025-02-17 04:24:13.762 +00:00] [INF] [16] Jellyfin.Api.Auth.CustomAuthenticationHandler: "CustomAuthentication" was not authenticated. Failure message: "Invalid token."
[2025-02-17 04:24:13.762 +00:00] [INF] [16] Jellyfin.Api.Auth.CustomAuthenticationHandler: "CustomAuthentication" was not authenticated. Failure message: "Invalid token."
[2025-02-17 04:24:13.762 +00:00] [INF] [16] Jellyfin.Api.Auth.CustomAuthenticationHandler: AuthenticationScheme: "CustomAuthentication" was challenged.
[2025-02-17 04:24:23.762 +00:00] [INF] [49] Jellyfin.Api.Auth.CustomAuthenticationHandler: "CustomAuthentication" was not authenticated. Failure message: "Invalid token."
[2025-02-17 04:24:23.763 +00:00] [INF] [49] Jellyfin.Api.Auth.CustomAuthenticationHandler: "CustomAuthentication" was not authenticated. Failure message: "Invalid token."
[2025-02-17 04:24:23.763 +00:00] [INF] [49] Jellyfin.Api.Auth.CustomAuthenticationHandler: AuthenticationScheme: "CustomAuthentication" was challenged.
[2025-02-17 04:24:33.768 +00:00] [INF] [23] Jellyfin.Api.Auth.CustomAuthenticationHandler: "CustomAuthentication" was not authenticated. Failure message: "Invalid token."
[2025-02-17 04:24:33.768 +00:00] [INF] [23] Jellyfin.Api.Auth.CustomAuthenticationHandler: "CustomAuthentication" was not authenticated. Failure message: "Invalid token."
[2025-02-17 04:24:33.768 +00:00] [INF] [23] Jellyfin.Api.Auth.CustomAuthenticationHandler: AuthenticationScheme: "CustomAuthentication" was challenged.
[2025-02-17 04:24:43.773 +00:00] [INF] [33] Jellyfin.Api.Auth.CustomAuthenticationHandler: "CustomAuthentication" was not authenticated. Failure message: "Invalid token."
[2025-02-17 04:24:43.773 +00:00] [INF] [33] Jellyfin.Api.Auth.CustomAuthenticationHandler: "CustomAuthentication" was not authenticated. Failure message: "Invalid token."
[2025-02-17 04:24:43.773 +00:00] [INF] [33] Jellyfin.Api.Auth.CustomAuthenticationHandler: AuthenticationScheme: "CustomAuthentication" was challenged.
[2025-02-17 04:24:53.763 +00:00] [INF] [33] Jellyfin.Api.Auth.CustomAuthenticationHandler: "CustomAuthentication" was not authenticated. Failure message: "Invalid token."
[2025-02-17 04:24:53.763 +00:00] [INF] [33] Jellyfin.Api.Auth.CustomAuthenticationHandler: "CustomAuthentication" was not authenticated. Failure message: "Invalid token."
[2025-02-17 04:24:53.763 +00:00] [INF] [33] Jellyfin.Api.Auth.CustomAuthenticationHandler: AuthenticationScheme: "CustomAuthentication" was challenged.
[2025-02-17 04:25:03.764 +00:00] [INF] [33] Jellyfin.Api.Auth.CustomAuthenticationHandler: "CustomAuthentication" was not authenticated. Failure message: "Invalid token."
[2025-02-17 04:25:03.764 +00:00] [INF] [33] Jellyfin.Api.Auth.CustomAuthenticationHandler: "CustomAuthentication" was not authenticated. Failure message: "Invalid token."
[2025-02-17 04:25:03.764 +00:00] [INF] [33] Jellyfin.Api.Auth.CustomAuthenticationHandler: AuthenticationScheme: "CustomAuthentication" was challenged.
[2025-02-17 04:25:13.775 +00:00] [INF] [49] Jellyfin.Api.Auth.CustomAuthenticationHandler: "CustomAuthentication" was not authenticated. Failure message: "Invalid token."
[2025-02-17 04:25:13.775 +00:00] [INF] [49] Jellyfin.Api.Auth.CustomAuthenticationHandler: "CustomAuthentication" was not authenticated. Failure message: "Invalid token."
[2025-02-17 04:25:13.775 +00:00] [INF] [49] Jellyfin.Api.Auth.CustomAuthenticationHandler: AuthenticationScheme: "CustomAuthentication" was challenged.
[2025-02-17 04:25:23.761 +00:00] [INF] [33] Jellyfin.Api.Auth.CustomAuthenticationHandler: "CustomAuthentication" was not authenticated. Failure message: "Invalid token."
[2025-02-17 04:25:23.761 +00:00] [INF] [33] Jellyfin.Api.Auth.CustomAuthenticationHandler: "CustomAuthentication" was not authenticated. Failure message: "Invalid token."
[2025-02-17 04:25:23.761 +00:00] [INF] [33] Jellyfin.Api.Auth.CustomAuthenticationHandler: AuthenticationScheme: "CustomAuthentication" was challenged.
[2025-02-17 04:25:33.766 +00:00] [INF] [29] Jellyfin.Api.Auth.CustomAuthenticationHandler: "CustomAuthentication" was not authenticated. Failure message: "Invalid token."
[2025-02-17 04:25:33.767 +00:00] [INF] [29] Jellyfin.Api.Auth.CustomAuthenticationHandler: "CustomAuthentication" was not authenticated. Failure message: "Invalid token."
[2025-02-17 04:25:33.767 +00:00] [INF] [29] Jellyfin.Api.Auth.CustomAuthenticationHandler: AuthenticationScheme: "CustomAuthentication" was challenged.
[2025-02-17 04:25:43.758 +00:00] [INF] [29] Jellyfin.Api.Auth.CustomAuthenticationHandler: "CustomAuthentication" was not authenticated. Failure message: "Invalid token."
[2025-02-17 04:25:43.758 +00:00] [INF] [29] Jellyfin.Api.Auth.CustomAuthenticationHandler: "CustomAuthentication" was not authenticated. Failure message: "Invalid token."
[2025-02-17 04:25:43.758 +00:00] [INF] [29] Jellyfin.Api.Auth.CustomAuthenticationHandler: AuthenticationScheme: "CustomAuthentication" was challenged.
[2025-02-17 04:25:53.765 +00:00] [INF] [49] Jellyfin.Api.Auth.CustomAuthenticationHandler: "CustomAuthentication" was not authenticated. Failure message: "Invalid token."
[2025-02-17 04:25:53.765 +00:00] [INF] [49] Jellyfin.Api.Auth.CustomAuthenticationHandler: "CustomAuthentication" was not authenticated. Failure message: "Invalid token."
[2025-02-17 04:25:53.765 +00:00] [INF] [49] Jellyfin.Api.Auth.CustomAuthenticationHandler: AuthenticationScheme: "CustomAuthentication" was challenged.
[2025-02-17 04:26:03.766 +00:00] [INF] [29] Jellyfin.Api.Auth.CustomAuthenticationHandler: "CustomAuthentication" was not authenticated. Failure message: "Invalid token."
[2025-02-17 04:26:03.767 +00:00] [INF] [29] Jellyfin.Api.Auth.CustomAuthenticationHandler: "CustomAuthentication" was not authenticated. Failure message: "Invalid token."
[2025-02-17 04:26:03.767 +00:00] [INF] [29] Jellyfin.Api.Auth.CustomAuthenticationHandler: AuthenticationScheme: "CustomAuthentication" was challenged.
[2025-02-17 04:26:13.770 +00:00] [INF] [49] Jellyfin.Api.Auth.CustomAuthenticationHandler: "CustomAuthentication" was not authenticated. Failure message: "Invalid token."
[2025-02-17 04:26:13.770 +00:00] [INF] [49] Jellyfin.Api.Auth.CustomAuthenticationHandler: "CustomAuthentication" was not authenticated. Failure message: "Invalid token."
[2025-02-17 04:26:13.770 +00:00] [INF] [49] Jellyfin.Api.Auth.CustomAuthenticationHandler: AuthenticationScheme: "CustomAuthentication" was challenged.
[2025-02-17 04:26:23.764 +00:00] [INF] [33] Jellyfin.Api.Auth.CustomAuthenticationHandler: "CustomAuthentication" was not authenticated. Failure message: "Invalid token."
[2025-02-17 04:26:23.764 +00:00] [INF] [33] Jellyfin.Api.Auth.CustomAuthenticationHandler: "CustomAuthentication" was not authenticated. Failure message: "Invalid token."
[2025-02-17 04:26:23.764 +00:00] [INF] [33] Jellyfin.Api.Auth.CustomAuthenticationHandler: AuthenticationScheme: "CustomAuthentication" was challenged.
[2025-02-17 04:26:33.770 +00:00] [INF] [33] Jellyfin.Api.Auth.CustomAuthenticationHandler: "CustomAuthentication" was not authenticated. Failure message: "Invalid token."
[2025-02-17 04:26:33.770 +00:00] [INF] [33] Jellyfin.Api.Auth.CustomAuthenticationHandler: "CustomAuthentication" was not authenticated. Failure message: "Invalid token."
[2025-02-17 04:26:33.770 +00:00] [INF] [33] Jellyfin.Api.Auth.CustomAuthenticationHandler: AuthenticationScheme: "CustomAuthentication" was challenged.
[2025-02-17 04:26:43.804 +00:00] [INF] [29] Jellyfin.Api.Auth.CustomAuthenticationHandler: "CustomAuthentication" was not authenticated. Failure message: "Invalid token."
[2025-02-17 04:26:43.804 +00:00] [INF] [29] Jellyfin.Api.Auth.CustomAuthenticationHandler: "CustomAuthentication" was not authenticated. Failure message: "Invalid token."
[2025-02-17 04:26:43.804 +00:00] [INF] [29] Jellyfin.Api.Auth.CustomAuthenticationHandler: AuthenticationScheme: "CustomAuthentication" was challenged.
[2025-02-17 04:26:53.764 +00:00] [INF] [33] Jellyfin.Api.Auth.CustomAuthenticationHandler: "CustomAuthentication" was not authenticated. Failure message: "Invalid token."
[2025-02-17 04:26:53.765 +00:00] [INF] [33] Jellyfin.Api.Auth.CustomAuthenticationHandler: "CustomAuthentication" was not authenticated. Failure message: "Invalid token."
[2025-02-17 04:26:53.765 +00:00] [INF] [33] Jellyfin.Api.Auth.CustomAuthenticationHandler: AuthenticationScheme: "CustomAuthentication" was challenged.
[2025-02-17 04:27:03.762 +00:00] [INF] [29] Jellyfin.Api.Auth.CustomAuthenticationHandler: "CustomAuthentication" was not authenticated. Failure message: "Invalid token."
[2025-02-17 04:27:03.762 +00:00] [INF] [29] Jellyfin.Api.Auth.CustomAuthenticationHandler: "CustomAuthentication" was not authenticated. Failure message: "Invalid token."
[2025-02-17 04:27:03.762 +00:00] [INF] [29] Jellyfin.Api.Auth.CustomAuthenticationHandler: AuthenticationScheme: "CustomAuthentication" was challenged.
[2025-02-17 04:27:13.760 +00:00] [INF] [49] Jellyfin.Api.Auth.CustomAuthenticationHandler: "CustomAuthentication" was not authenticated. Failure message: "Invalid token."
[2025-02-17 04:27:13.761 +00:00] [INF] [49] Jellyfin.Api.Auth.CustomAuthenticationHandler: "CustomAuthentication" was not authenticated. Failure message: "Invalid token."
[2025-02-17 04:27:13.761 +00:00] [INF] [49] Jellyfin.Api.Auth.CustomAuthenticationHandler: AuthenticationScheme: "CustomAuthentication" was challenged.
[2025-02-17 04:27:23.768 +00:00] [INF] [29] Jellyfin.Api.Auth.CustomAuthenticationHandler: "CustomAuthentication" was not authenticated. Failure message: "Invalid token."
[2025-02-17 04:27:23.768 +00:00] [INF] [29] Jellyfin.Api.Auth.CustomAuthenticationHandler: "CustomAuthentication" was not authenticated. Failure message: "Invalid token."
[2025-02-17 04:27:23.768 +00:00] [INF] [29] Jellyfin.Api.Auth.CustomAuthenticationHandler: AuthenticationScheme: "CustomAuthentication" was challenged.
[2025-02-17 04:27:33.762 +00:00] [INF] [55] Jellyfin.Api.Auth.CustomAuthenticationHandler: "CustomAuthentication" was not authenticated. Failure message: "Invalid token."
[2025-02-17 04:27:33.762 +00:00] [INF] [55] Jellyfin.Api.Auth.CustomAuthenticationHandler: "CustomAuthentication" was not authenticated. Failure message: "Invalid token."
[2025-02-17 04:27:33.762 +00:00] [INF] [55] Jellyfin.Api.Auth.CustomAuthenticationHandler: AuthenticationScheme: "CustomAuthentication" was challenged.
[2025-02-17 04:27:43.763 +00:00] [INF] [55] Jellyfin.Api.Auth.CustomAuthenticationHandler: "CustomAuthentication" was not authenticated. Failure message: "Invalid token."
[2025-02-17 04:27:43.763 +00:00] [INF] [55] Jellyfin.Api.Auth.CustomAuthenticationHandler: "CustomAuthentication" was not authenticated. Failure message: "Invalid token."
[2025-02-17 04:27:43.763 +00:00] [INF] [55] Jellyfin.Api.Auth.CustomAuthenticationHandler: AuthenticationScheme: "CustomAuthentication" was challenged.
[2025-02-17 04:27:53.767 +00:00] [INF] [55] Jellyfin.Api.Auth.CustomAuthenticationHandler: "CustomAuthentication" was not authenticated. Failure message: "Invalid token."
[2025-02-17 04:27:53.767 +00:00] [INF] [55] Jellyfin.Api.Auth.CustomAuthenticationHandler: "CustomAuthentication" was not authenticated. Failure message: "Invalid token."
[2025-02-17 04:27:53.767 +00:00] [INF] [55] Jellyfin.Api.Auth.CustomAuthenticationHandler: AuthenticationScheme: "CustomAuthentication" was challenged.
[2025-02-17 04:28:03.760 +00:00] [INF] [55] Jellyfin.Api.Auth.CustomAuthenticationHandler: "CustomAuthentication" was not authenticated. Failure message: "Invalid token."
[2025-02-17 04:28:03.760 +00:00] [INF] [55] Jellyfin.Api.Auth.CustomAuthenticationHandler: "CustomAuthentication" was not authenticated. Failure message: "Invalid token."
[2025-02-17 04:28:03.760 +00:00] [INF] [55] Jellyfin.Api.Auth.CustomAuthenticationHandler: AuthenticationScheme: "CustomAuthentication" was challenged.
[2025-02-17 04:28:13.771 +00:00] [INF] [55] Jellyfin.Api.Auth.CustomAuthenticationHandler: "CustomAuthentication" was not authenticated. Failure message: "Invalid token."
[2025-02-17 04:28:13.771 +00:00] [INF] [55] Jellyfin.Api.Auth.CustomAuthenticationHandler: "CustomAuthentication" was not authenticated. Failure message: "Invalid token."
[2025-02-17 04:28:13.771 +00:00] [INF] [55] Jellyfin.Api.Auth.CustomAuthenticationHandler: AuthenticationScheme: "CustomAuthentication" was challenged.
[2025-02-17 04:28:23.763 +00:00] [INF] [57] Jellyfin.Api.Auth.CustomAuthenticationHandler: "CustomAuthentication" was not authenticated. Failure message: "Invalid token."
[2025-02-17 04:28:23.763 +00:00] [INF] [57] Jellyfin.Api.Auth.CustomAuthenticationHandler: "CustomAuthentication" was not authenticated. Failure message: "Invalid token."
[2025-02-17 04:28:23.763 +00:00] [INF] [57] Jellyfin.Api.Auth.CustomAuthenticationHandler: AuthenticationScheme: "CustomAuthentication" was challenged.
[2025-02-17 04:28:33.763 +00:00] [INF] [46] Jellyfin.Api.Auth.CustomAuthenticationHandler: "CustomAuthentication" was not authenticated. Failure message: "Invalid token."
[2025-02-17 04:28:33.763 +00:00] [INF] [46] Jellyfin.Api.Auth.CustomAuthenticationHandler: "CustomAuthentication" was not authenticated. Failure message: "Invalid token."
[2025-02-17 04:28:33.763 +00:00] [INF] [46] Jellyfin.Api.Auth.CustomAuthenticationHandler: AuthenticationScheme: "CustomAuthentication" was challenged.
[2025-02-17 04:28:43.768 +00:00] [INF] [46] Jellyfin.Api.Auth.CustomAuthenticationHandler: "CustomAuthentication" was not authenticated. Failure message: "Invalid token."
[2025-02-17 04:28:43.768 +00:00] [INF] [46] Jellyfin.Api.Auth.CustomAuthenticationHandler: "CustomAuthentication" was not authenticated. Failure message: "Invalid token."
[2025-02-17 04:28:43.768 +00:00] [INF] [46] Jellyfin.Api.Auth.CustomAuthenticationHandler: AuthenticationScheme: "CustomAuthentication" was challenged.
[2025-02-17 04:28:53.781 +00:00] [INF] [46] Jellyfin.Api.Auth.CustomAuthenticationHandler: "CustomAuthentication" was not authenticated. Failure message: "Invalid token."
[2025-02-17 04:28:53.781 +00:00] [INF] [46] Jellyfin.Api.Auth.CustomAuthenticationHandler: "CustomAuthentication" was not authenticated. Failure message: "Invalid token."
[2025-02-17 04:28:53.781 +00:00] [INF] [46] Jellyfin.Api.Auth.CustomAuthenticationHandler: AuthenticationScheme: "CustomAuthentication" was challenged.
[2025-02-17 04:29:03.759 +00:00] [INF] [46] Jellyfin.Api.Auth.CustomAuthenticationHandler: "CustomAuthentication" was not authenticated. Failure message: "Invalid token."
[2025-02-17 04:29:03.759 +00:00] [INF] [46] Jellyfin.Api.Auth.CustomAuthenticationHandler: "CustomAuthentication" was not authenticated. Failure message: "Invalid token."
[2025-02-17 04:29:03.759 +00:00] [INF] [46] Jellyfin.Api.Auth.CustomAuthenticationHandler: AuthenticationScheme: "CustomAuthentication" was challenged.
[2025-02-17 04:29:13.756 +00:00] [INF] [73] Jellyfin.Api.Auth.CustomAuthenticationHandler: "CustomAuthentication" was not authenticated. Failure message: "Invalid token."
[2025-02-17 04:29:13.756 +00:00] [INF] [73] Jellyfin.Api.Auth.CustomAuthenticationHandler: "CustomAuthentication" was not authenticated. Failure message: "Invalid token."
[2025-02-17 04:29:13.756 +00:00] [INF] [73] Jellyfin.Api.Auth.CustomAuthenticationHandler: AuthenticationScheme: "CustomAuthentication" was challenged.
[2025-02-17 04:29:23.761 +00:00] [INF] [73] Jellyfin.Api.Auth.CustomAuthenticationHandler: "CustomAuthentication" was not authenticated. Failure message: "Invalid token."
[2025-02-17 04:29:23.761 +00:00] [INF] [73] Jellyfin.Api.Auth.CustomAuthenticationHandler: "CustomAuthentication" was not authenticated. Failure message: "Invalid token."
[2025-02-17 04:29:23.761 +00:00] [INF] [73] Jellyfin.Api.Auth.CustomAuthenticationHandler: AuthenticationScheme: "CustomAuthentication" was challenged.
[2025-02-17 04:29:33.767 +00:00] [INF] [57] Jellyfin.Api.Auth.CustomAuthenticationHandler: "CustomAuthentication" was not authenticated. Failure message: "Invalid token."
[2025-02-17 04:29:33.767 +00:00] [INF] [57] Jellyfin.Api.Auth.CustomAuthenticationHandler: "CustomAuthentication" was not authenticated. Failure message: "Invalid token."
[2025-02-17 04:29:33.767 +00:00] [INF] [57] Jellyfin.Api.Auth.CustomAuthenticationHandler: AuthenticationScheme: "CustomAuthentication" was challenged.
[2025-02-17 04:29:43.759 +00:00] [INF] [73] Jellyfin.Api.Auth.CustomAuthenticationHandler: "CustomAuthentication" was not authenticated. Failure message: "Invalid token."
[2025-02-17 04:29:43.760 +00:00] [INF] [73] Jellyfin.Api.Auth.CustomAuthenticationHandler: "CustomAuthentication" was not authenticated. Failure message: "Invalid token."
[2025-02-17 04:29:43.760 +00:00] [INF] [73] Jellyfin.Api.Auth.CustomAuthenticationHandler: AuthenticationScheme: "CustomAuthentication" was challenged.
[2025-02-17 04:29:53.766 +00:00] [INF] [73] Jellyfin.Api.Auth.CustomAuthenticationHandler: "CustomAuthentication" was not authenticated. Failure message: "Invalid token."
[2025-02-17 04:29:53.766 +00:00] [INF] [73] Jellyfin.Api.Auth.CustomAuthenticationHandler: "CustomAuthentication" was not authenticated. Failure message: "Invalid token."
[2025-02-17 04:29:53.766 +00:00] [INF] [73] Jellyfin.Api.Auth.CustomAuthenticationHandler: AuthenticationScheme: "CustomAuthentication" was challenged.
[2025-02-17 04:30:03.761 +00:00] [INF] [57] Jellyfin.Api.Auth.CustomAuthenticationHandler: "CustomAuthentication" was not authenticated. Failure message: "Invalid token."
[2025-02-17 04:30:03.761 +00:00] [INF] [57] Jellyfin.Api.Auth.CustomAuthenticationHandler: "CustomAuthentication" was not authenticated. Failure message: "Invalid token."
[2025-02-17 04:30:03.762 +00:00] [INF] [57] Jellyfin.Api.Auth.CustomAuthenticationHandler: AuthenticationScheme: "CustomAuthentication" was challenged.
[2025-02-17 04:30:13.759 +00:00] [INF] [55] Jellyfin.Api.Auth.CustomAuthenticationHandler: "CustomAuthentication" was not authenticated. Failure message: "Invalid token."
[2025-02-17 04:30:13.759 +00:00] [INF] [55] Jellyfin.Api.Auth.CustomAuthenticationHandler: "CustomAuthentication" was not authenticated. Failure message: "Invalid token."
[2025-02-17 04:30:13.759 +00:00] [INF] [55] Jellyfin.Api.Auth.CustomAuthenticationHandler: AuthenticationScheme: "CustomAuthentication" was challenged.
[2025-02-17 04:30:23.765 +00:00] [INF] [25] Jellyfin.Api.Auth.CustomAuthenticationHandler: "CustomAuthentication" was not authenticated. Failure message: "Invalid token."
[2025-02-17 04:30:23.765 +00:00] [INF] [25] Jellyfin.Api.Auth.CustomAuthenticationHandler: "CustomAuthentication" was not authenticated. Failure message: "Invalid token."
[2025-02-17 04:30:23.766 +00:00] [INF] [25] Jellyfin.Api.Auth.CustomAuthenticationHandler: AuthenticationScheme: "CustomAuthentication" was challenged.
[2025-02-17 04:30:33.765 +00:00] [INF] [25] Jellyfin.Api.Auth.CustomAuthenticationHandler: "CustomAuthentication" was not authenticated. Failure message: "Invalid token."
[2025-02-17 04:30:33.765 +00:00] [INF] [25] Jellyfin.Api.Auth.CustomAuthenticationHandler: "CustomAuthentication" was not authenticated. Failure message: "Invalid token."
[2025-02-17 04:30:33.765 +00:00] [INF] [25] Jellyfin.Api.Auth.CustomAuthenticationHandler: AuthenticationScheme: "CustomAuthentication" was challenged.
[2025-02-17 04:30:43.762 +00:00] [INF] [57] Jellyfin.Api.Auth.CustomAuthenticationHandler: "CustomAuthentication" was not authenticated. Failure message: "Invalid token."
[2025-02-17 04:30:43.762 +00:00] [INF] [57] Jellyfin.Api.Auth.CustomAuthenticationHandler: "CustomAuthentication" was not authenticated. Failure message: "Invalid token."
[2025-02-17 04:30:43.762 +00:00] [INF] [57] Jellyfin.Api.Auth.CustomAuthenticationHandler: AuthenticationScheme: "CustomAuthentication" was challenged.
[2025-02-17 04:30:53.763 +00:00] [INF] [57] Jellyfin.Api.Auth.CustomAuthenticationHandler: "CustomAuthentication" was not authenticated. Failure message: "Invalid token."
[2025-02-17 04:30:53.763 +00:00] [INF] [57] Jellyfin.Api.Auth.CustomAuthenticationHandler: "CustomAuthentication" was not authenticated. Failure message: "Invalid token."
[2025-02-17 04:30:53.763 +00:00] [INF] [57] Jellyfin.Api.Auth.CustomAuthenticationHandler: AuthenticationScheme: "CustomAuthentication" was challenged.
[2025-02-17 04:31:03.765 +00:00] [INF] [57] Jellyfin.Api.Auth.CustomAuthenticationHandler: "CustomAuthentication" was not authenticated. Failure message: "Invalid token."
[2025-02-17 04:31:03.766 +00:00] [INF] [57] Jellyfin.Api.Auth.CustomAuthenticationHandler: "CustomAuthentication" was not authenticated. Failure message: "Invalid token."
[2025-02-17 04:31:03.766 +00:00] [INF] [57] Jellyfin.Api.Auth.CustomAuthenticationHandler: AuthenticationScheme: "CustomAuthentication" was challenged.
[2025-02-17 04:31:13.760 +00:00] [INF] [19] Jellyfin.Api.Auth.CustomAuthenticationHandler: "CustomAuthentication" was not authenticated. Failure message: "Invalid token."
[2025-02-17 04:31:13.760 +00:00] [INF] [19] Jellyfin.Api.Auth.CustomAuthenticationHandler: "CustomAuthentication" was not authenticated. Failure message: "Invalid token."
[2025-02-17 04:31:13.760 +00:00] [INF] [19] Jellyfin.Api.Auth.CustomAuthenticationHandler: AuthenticationScheme: "CustomAuthentication" was challenged.
[2025-02-17 04:31:23.767 +00:00] [INF] [46] Jellyfin.Api.Auth.CustomAuthenticationHandler: "CustomAuthentication" was not authenticated. Failure message: "Invalid token."
[2025-02-17 04:31:23.768 +00:00] [INF] [46] Jellyfin.Api.Auth.CustomAuthenticationHandler: "CustomAuthentication" was not authenticated. Failure message: "Invalid token."
[2025-02-17 04:31:23.768 +00:00] [INF] [46] Jellyfin.Api.Auth.CustomAuthenticationHandler: AuthenticationScheme: "CustomAuthentication" was challenged.
[2025-02-17 04:31:33.764 +00:00] [INF] [46] Jellyfin.Api.Auth.CustomAuthenticationHandler: "CustomAuthentication" was not authenticated. Failure message: "Invalid token."
[2025-02-17 04:31:33.764 +00:00] [INF] [46] Jellyfin.Api.Auth.CustomAuthenticationHandler: "CustomAuthentication" was not authenticated. Failure message: "Invalid token."
[2025-02-17 04:31:33.764 +00:00] [INF] [46] Jellyfin.Api.Auth.CustomAuthenticationHandler: AuthenticationScheme: "CustomAuthentication" was challenged.
[2025-02-17 04:31:43.765 +00:00] [INF] [46] Jellyfin.Api.Auth.CustomAuthenticationHandler: "CustomAuthentication" was not authenticated. Failure message: "Invalid token."
[2025-02-17 04:31:43.765 +00:00] [INF] [46] Jellyfin.Api.Auth.CustomAuthenticationHandler: "CustomAuthentication" was not authenticated. Failure message: "Invalid token."
[2025-02-17 04:31:43.765 +00:00] [INF] [46] Jellyfin.Api.Auth.CustomAuthenticationHandler: AuthenticationScheme: "CustomAuthentication" was challenged.
[2025-02-17 04:31:53.800 +00:00] [INF] [46] Jellyfin.Api.Auth.CustomAuthenticationHandler: "CustomAuthentication" was not authenticated. Failure message: "Invalid token."
[2025-02-17 04:31:53.800 +00:00] [INF] [46] Jellyfin.Api.Auth.CustomAuthenticationHandler: "CustomAuthentication" was not authenticated. Failure message: "Invalid token."
[2025-02-17 04:31:53.800 +00:00] [INF] [46] Jellyfin.Api.Auth.CustomAuthenticationHandler: AuthenticationScheme: "CustomAuthentication" was challenged.
[2025-02-17 04:32:03.761 +00:00] [INF] [46] Jellyfin.Api.Auth.CustomAuthenticationHandler: "CustomAuthentication" was not authenticated. Failure message: "Invalid token."
[2025-02-17 04:32:03.761 +00:00] [INF] [46] Jellyfin.Api.Auth.CustomAuthenticationHandler: "CustomAuthentication" was not authenticated. Failure message: "Invalid token."
[2025-02-17 04:32:03.761 +00:00] [INF] [46] Jellyfin.Api.Auth.CustomAuthenticationHandler: AuthenticationScheme: "CustomAuthentication" was challenged.
[2025-02-17 04:32:13.756 +00:00] [INF] [46] Jellyfin.Api.Auth.CustomAuthenticationHandler: "CustomAuthentication" was not authenticated. Failure message: "Invalid token."
[2025-02-17 04:32:13.756 +00:00] [INF] [46] Jellyfin.Api.Auth.CustomAuthenticationHandler: "CustomAuthentication" was not authenticated. Failure message: "Invalid token."
[2025-02-17 04:32:13.756 +00:00] [INF] [46] Jellyfin.Api.Auth.CustomAuthenticationHandler: AuthenticationScheme: "CustomAuthentication" was challenged.
[2025-02-17 04:32:23.757 +00:00] [INF] [19] Jellyfin.Api.Auth.CustomAuthenticationHandler: "CustomAuthentication" was not authenticated. Failure message: "Invalid token."
[2025-02-17 04:32:23.757 +00:00] [INF] [19] Jellyfin.Api.Auth.CustomAuthenticationHandler: "CustomAuthentication" was not authenticated. Failure message: "Invalid token."
[2025-02-17 04:32:23.758 +00:00] [INF] [19] Jellyfin.Api.Auth.CustomAuthenticationHandler: AuthenticationScheme: "CustomAuthentication" was challenged.
[2025-02-17 04:32:33.761 +00:00] [INF] [19] Jellyfin.Api.Auth.CustomAuthenticationHandler: "CustomAuthentication" was not authenticated. Failure message: "Invalid token."
[2025-02-17 04:32:33.761 +00:00] [INF] [19] Jellyfin.Api.Auth.CustomAuthenticationHandler: "CustomAuthentication" was not authenticated. Failure message: "Invalid token."
[2025-02-17 04:32:33.761 +00:00] [INF] [19] Jellyfin.Api.Auth.CustomAuthenticationHandler: AuthenticationScheme: "CustomAuthentication" was challenged.
[2025-02-17 04:32:43.765 +00:00] [INF] [46] Jellyfin.Api.Auth.CustomAuthenticationHandler: "CustomAuthentication" was not authenticated. Failure message: "Invalid token."
[2025-02-17 04:32:43.765 +00:00] [INF] [46] Jellyfin.Api.Auth.CustomAuthenticationHandler: "CustomAuthentication" was not authenticated. Failure message: "Invalid token."
[2025-02-17 04:32:43.765 +00:00] [INF] [46] Jellyfin.Api.Auth.CustomAuthenticationHandler: AuthenticationScheme: "CustomAuthentication" was challenged.
[2025-02-17 04:32:53.759 +00:00] [INF] [57] Jellyfin.Api.Auth.CustomAuthenticationHandler: "CustomAuthentication" was not authenticated. Failure message: "Invalid token."
[2025-02-17 04:32:53.759 +00:00] [INF] [57] Jellyfin.Api.Auth.CustomAuthenticationHandler: "CustomAuthentication" was not authenticated. Failure message: "Invalid token."
[2025-02-17 04:32:53.759 +00:00] [INF] [57] Jellyfin.Api.Auth.CustomAuthenticationHandler: AuthenticationScheme: "CustomAuthentication" was challenged.
[2025-02-17 04:33:03.760 +00:00] [INF] [46] Jellyfin.Api.Auth.CustomAuthenticationHandler: "CustomAuthentication" was not authenticated. Failure message: "Invalid token."
[2025-02-17 04:33:03.760 +00:00] [INF] [46] Jellyfin.Api.Auth.CustomAuthenticationHandler: "CustomAuthentication" was not authenticated. Failure message: "Invalid token."
[2025-02-17 04:33:03.760 +00:00] [INF] [46] Jellyfin.Api.Auth.CustomAuthenticationHandler: AuthenticationScheme: "CustomAuthentication" was challenged.
[2025-02-17 04:33:13.766 +00:00] [INF] [46] Jellyfin.Api.Auth.CustomAuthenticationHandler: "CustomAuthentication" was not authenticated. Failure message: "Invalid token."
[2025-02-17 04:33:13.766 +00:00] [INF] [46] Jellyfin.Api.Auth.CustomAuthenticationHandler: "CustomAuthentication" was not authenticated. Failure message: "Invalid token."
[2025-02-17 04:33:13.767 +00:00] [INF] [46] Jellyfin.Api.Auth.CustomAuthenticationHandler: AuthenticationScheme: "CustomAuthentication" was challenged.
[2025-02-17 04:33:23.760 +00:00] [INF] [66] Jellyfin.Api.Auth.CustomAuthenticationHandler: "CustomAuthentication" was not authenticated. Failure message: "Invalid token."
[2025-02-17 04:33:23.761 +00:00] [INF] [66] Jellyfin.Api.Auth.CustomAuthenticationHandler: "CustomAuthentication" was not authenticated. Failure message: "Invalid token."
[2025-02-17 04:33:23.761 +00:00] [INF] [66] Jellyfin.Api.Auth.CustomAuthenticationHandler: AuthenticationScheme: "CustomAuthentication" was challenged.
[2025-02-17 04:33:33.763 +00:00] [INF] [32] Jellyfin.Api.Auth.CustomAuthenticationHandler: "CustomAuthentication" was not authenticated. Failure message: "Invalid token."
[2025-02-17 04:33:33.763 +00:00] [INF] [32] Jellyfin.Api.Auth.CustomAuthenticationHandler: "CustomAuthentication" was not authenticated. Failure message: "Invalid token."
[2025-02-17 04:33:33.763 +00:00] [INF] [32] Jellyfin.Api.Auth.CustomAuthenticationHandler: AuthenticationScheme: "CustomAuthentication" was challenged.
[2025-02-17 04:33:43.760 +00:00] [INF] [66] Jellyfin.Api.Auth.CustomAuthenticationHandler: "CustomAuthentication" was not authenticated. Failure message: "Invalid token."
[2025-02-17 04:33:43.760 +00:00] [INF] [66] Jellyfin.Api.Auth.CustomAuthenticationHandler: "CustomAuthentication" was not authenticated. Failure message: "Invalid token."
[2025-02-17 04:33:43.760 +00:00] [INF] [66] Jellyfin.Api.Auth.CustomAuthenticationHandler: AuthenticationScheme: "CustomAuthentication" was challenged.
[2025-02-17 04:33:53.761 +00:00] [INF] [32] Jellyfin.Api.Auth.CustomAuthenticationHandler: "CustomAuthentication" was not authenticated. Failure message: "Invalid token."
[2025-02-17 04:33:53.762 +00:00] [INF] [32] Jellyfin.Api.Auth.CustomAuthenticationHandler: "CustomAuthentication" was not authenticated. Failure message: "Invalid token."
[2025-02-17 04:33:53.762 +00:00] [INF] [32] Jellyfin.Api.Auth.CustomAuthenticationHandler: AuthenticationScheme: "CustomAuthentication" was challenged.
[2025-02-17 04:34:03.765 +00:00] [INF] [66] Jellyfin.Api.Auth.CustomAuthenticationHandler: "CustomAuthentication" was not authenticated. Failure message: "Invalid token."
[2025-02-17 04:34:03.765 +00:00] [INF] [66] Jellyfin.Api.Auth.CustomAuthenticationHandler: "CustomAuthentication" was not authenticated. Failure message: "Invalid token."
[2025-02-17 04:34:03.765 +00:00] [INF] [66] Jellyfin.Api.Auth.CustomAuthenticationHandler: AuthenticationScheme: "CustomAuthentication" was challenged.
[2025-02-17 04:34:13.757 +00:00] [INF] [66] Jellyfin.Api.Auth.CustomAuthenticationHandler: "CustomAuthentication" was not authenticated. Failure message: "Invalid token."
[2025-02-17 04:34:13.757 +00:00] [INF] [66] Jellyfin.Api.Auth.CustomAuthenticationHandler: "CustomAuthentication" was not authenticated. Failure message: "Invalid token."
[2025-02-17 04:34:13.757 +00:00] [INF] [66] Jellyfin.Api.Auth.CustomAuthenticationHandler: AuthenticationScheme: "CustomAuthentication" was challenged.
[2025-02-17 04:34:23.761 +00:00] [INF] [65] Jellyfin.Api.Auth.CustomAuthenticationHandler: "CustomAuthentication" was not authenticated. Failure message: "Invalid token."
[2025-02-17 04:34:23.761 +00:00] [INF] [65] Jellyfin.Api.Auth.CustomAuthenticationHandler: "CustomAuthentication" was not authenticated. Failure message: "Invalid token."
[2025-02-17 04:34:23.761 +00:00] [INF] [65] Jellyfin.Api.Auth.CustomAuthenticationHandler: AuthenticationScheme: "CustomAuthentication" was challenged.
[2025-02-17 04:34:33.759 +00:00] [INF] [65] Jellyfin.Api.Auth.CustomAuthenticationHandler: "CustomAuthentication" was not authenticated. Failure message: "Invalid token."
[2025-02-17 04:34:33.759 +00:00] [INF] [65] Jellyfin.Api.Auth.CustomAuthenticationHandler: "CustomAuthentication" was not authenticated. Failure message: "Invalid token."
[2025-02-17 04:34:33.759 +00:00] [INF] [65] Jellyfin.Api.Auth.CustomAuthenticationHandler: AuthenticationScheme: "CustomAuthentication" was challenged.
[2025-02-17 04:34:43.758 +00:00] [INF] [65] Jellyfin.Api.Auth.CustomAuthenticationHandler: "CustomAuthentication" was not authenticated. Failure message: "Invalid token."
[2025-02-17 04:34:43.758 +00:00] [INF] [65] Jellyfin.Api.Auth.CustomAuthenticationHandler: "CustomAuthentication" was not authenticated. Failure message: "Invalid token."
[2025-02-17 04:34:43.758 +00:00] [INF] [65] Jellyfin.Api.Auth.CustomAuthenticationHandler: AuthenticationScheme: "CustomAuthentication" was challenged.
[2025-02-17 04:34:53.760 +00:00] [INF] [65] Jellyfin.Api.Auth.CustomAuthenticationHandler: "CustomAuthentication" was not authenticated. Failure message: "Invalid token."
[2025-02-17 04:34:53.760 +00:00] [INF] [65] Jellyfin.Api.Auth.CustomAuthenticationHandler: "CustomAuthentication" was not authenticated. Failure message: "Invalid token."
[2025-02-17 04:34:53.760 +00:00] [INF] [65] Jellyfin.Api.Auth.CustomAuthenticationHandler: AuthenticationScheme: "CustomAuthentication" was challenged.
[2025-02-17 04:35:03.758 +00:00] [INF] [15] Jellyfin.Api.Auth.CustomAuthenticationHandler: "CustomAuthentication" was not authenticated. Failure message: "Invalid token."
[2025-02-17 04:35:03.759 +00:00] [INF] [15] Jellyfin.Api.Auth.CustomAuthenticationHandler: "CustomAuthentication" was not authenticated. Failure message: "Invalid token."
[2025-02-17 04:35:03.759 +00:00] [INF] [15] Jellyfin.Api.Auth.CustomAuthenticationHandler: AuthenticationScheme: "CustomAuthentication" was challenged.
[2025-02-17 04:35:13.758 +00:00] [INF] [55] Jellyfin.Api.Auth.CustomAuthenticationHandler: "CustomAuthentication" was not authenticated. Failure message: "Invalid token."
[2025-02-17 04:35:13.758 +00:00] [INF] [55] Jellyfin.Api.Auth.CustomAuthenticationHandler: "CustomAuthentication" was not authenticated. Failure message: "Invalid token."
[2025-02-17 04:35:13.758 +00:00] [INF] [55] Jellyfin.Api.Auth.CustomAuthenticationHandler: AuthenticationScheme: "CustomAuthentication" was challenged.
[2025-02-17 04:35:23.759 +00:00] [INF] [66] Jellyfin.Api.Auth.CustomAuthenticationHandler: "CustomAuthentication" was not authenticated. Failure message: "Invalid token."
[2025-02-17 04:35:23.759 +00:00] [INF] [66] Jellyfin.Api.Auth.CustomAuthenticationHandler: "CustomAuthentication" was not authenticated. Failure message: "Invalid token."
[2025-02-17 04:35:23.759 +00:00] [INF] [66] Jellyfin.Api.Auth.CustomAuthenticationHandler: AuthenticationScheme: "CustomAuthentication" was challenged.
[2025-02-17 04:35:33.758 +00:00] [INF] [66] Jellyfin.Api.Auth.CustomAuthenticationHandler: "CustomAuthentication" was not authenticated. Failure message: "Invalid token."
[2025-02-17 04:35:33.759 +00:00] [INF] [66] Jellyfin.Api.Auth.CustomAuthenticationHandler: "CustomAuthentication" was not authenticated. Failure message: "Invalid token."
[2025-02-17 04:35:33.759 +00:00] [INF] [66] Jellyfin.Api.Auth.CustomAuthenticationHandler: AuthenticationScheme: "CustomAuthentication" was challenged.
[2025-02-17 04:35:43.766 +00:00] [INF] [15] Jellyfin.Api.Auth.CustomAuthenticationHandler: "CustomAuthentication" was not authenticated. Failure message: "Invalid token."
[2025-02-17 04:35:43.766 +00:00] [INF] [15] Jellyfin.Api.Auth.CustomAuthenticationHandler: "CustomAuthentication" was not authenticated. Failure message: "Invalid token."
[2025-02-17 04:35:43.766 +00:00] [INF] [15] Jellyfin.Api.Auth.CustomAuthenticationHandler: AuthenticationScheme: "CustomAuthentication" was challenged.
[2025-02-17 04:35:53.763 +00:00] [INF] [15] Jellyfin.Api.Auth.CustomAuthenticationHandler: "CustomAuthentication" was not authenticated. Failure message: "Invalid token."
[2025-02-17 04:35:53.763 +00:00] [INF] [15] Jellyfin.Api.Auth.CustomAuthenticationHandler: "CustomAuthentication" was not authenticated. Failure message: "Invalid token."
[2025-02-17 04:35:53.763 +00:00] [INF] [15] Jellyfin.Api.Auth.CustomAuthenticationHandler: AuthenticationScheme: "CustomAuthentication" was challenged.
[2025-02-17 04:36:03.765 +00:00] [INF] [15] Jellyfin.Api.Auth.CustomAuthenticationHandler: "CustomAuthentication" was not authenticated. Failure message: "Invalid token."
[2025-02-17 04:36:03.765 +00:00] [INF] [15] Jellyfin.Api.Auth.CustomAuthenticationHandler: "CustomAuthentication" was not authenticated. Failure message: "Invalid token."
[2025-02-17 04:36:03.765 +00:00] [INF] [15] Jellyfin.Api.Auth.CustomAuthenticationHandler: AuthenticationScheme: "CustomAuthentication" was challenged.
[2025-02-17 04:36:13.763 +00:00] [INF] [73] Jellyfin.Api.Auth.CustomAuthenticationHandler: "CustomAuthentication" was not authenticated. Failure message: "Invalid token."
[2025-02-17 04:36:13.763 +00:00] [INF] [73] Jellyfin.Api.Auth.CustomAuthenticationHandler: "CustomAuthentication" was not authenticated. Failure message: "Invalid token."
[2025-02-17 04:36:13.763 +00:00] [INF] [73] Jellyfin.Api.Auth.CustomAuthenticationHandler: AuthenticationScheme: "CustomAuthentication" was challenged.
[2025-02-17 04:36:23.761 +00:00] [INF] [66] Jellyfin.Api.Auth.CustomAuthenticationHandler: "CustomAuthentication" was not authenticated. Failure message: "Invalid token."
[2025-02-17 04:36:23.761 +00:00] [INF] [66] Jellyfin.Api.Auth.CustomAuthenticationHandler: "CustomAuthentication" was not authenticated. Failure message: "Invalid token."
[2025-02-17 04:36:23.761 +00:00] [INF] [66] Jellyfin.Api.Auth.CustomAuthenticationHandler: AuthenticationScheme: "CustomAuthentication" was challenged.
[2025-02-17 04:36:33.761 +00:00] [INF] [73] Jellyfin.Api.Auth.CustomAuthenticationHandler: "CustomAuthentication" was not authenticated. Failure message: "Invalid token."
[2025-02-17 04:36:33.761 +00:00] [INF] [73] Jellyfin.Api.Auth.CustomAuthenticationHandler: "CustomAuthentication" was not authenticated. Failure message: "Invalid token."
[2025-02-17 04:36:33.761 +00:00] [INF] [73] Jellyfin.Api.Auth.CustomAuthenticationHandler: AuthenticationScheme: "CustomAuthentication" was challenged.
[2025-02-17 04:36:43.758 +00:00] [INF] [73] Jellyfin.Api.Auth.CustomAuthenticationHandler: "CustomAuthentication" was not authenticated. Failure message: "Invalid token."
[2025-02-17 04:36:43.758 +00:00] [INF] [73] Jellyfin.Api.Auth.CustomAuthenticationHandler: "CustomAuthentication" was not authenticated. Failure message: "Invalid token."
[2025-02-17 04:36:43.759 +00:00] [INF] [73] Jellyfin.Api.Auth.CustomAuthenticationHandler: AuthenticationScheme: "CustomAuthentication" was challenged.
[2025-02-17 04:36:53.754 +00:00] [INF] [73] Jellyfin.Api.Auth.CustomAuthenticationHandler: "CustomAuthentication" was not authenticated. Failure message: "Invalid token."
[2025-02-17 04:36:53.754 +00:00] [INF] [73] Jellyfin.Api.Auth.CustomAuthenticationHandler: "CustomAuthentication" was not authenticated. Failure message: "Invalid token."
[2025-02-17 04:36:53.754 +00:00] [INF] [73] Jellyfin.Api.Auth.CustomAuthenticationHandler: AuthenticationScheme: "CustomAuthentication" was challenged.
[2025-02-17 04:37:03.803 +00:00] [INF] [55] Jellyfin.Api.Auth.CustomAuthenticationHandler: "CustomAuthentication" was not authenticated. Failure message: "Invalid token."
[2025-02-17 04:37:03.804 +00:00] [INF] [55] Jellyfin.Api.Auth.CustomAuthenticationHandler: "CustomAuthentication" was not authenticated. Failure message: "Invalid token."
[2025-02-17 04:37:03.804 +00:00] [INF] [55] Jellyfin.Api.Auth.CustomAuthenticationHandler: AuthenticationScheme: "CustomAuthentication" was challenged.
[2025-02-17 04:37:13.759 +00:00] [INF] [55] Jellyfin.Api.Auth.CustomAuthenticationHandler: "CustomAuthentication" was not authenticated. Failure message: "Invalid token."
[2025-02-17 04:37:13.759 +00:00] [INF] [55] Jellyfin.Api.Auth.CustomAuthenticationHandler: "CustomAuthentication" was not authenticated. Failure message: "Invalid token."
[2025-02-17 04:37:13.759 +00:00] [INF] [55] Jellyfin.Api.Auth.CustomAuthenticationHandler: AuthenticationScheme: "CustomAuthentication" was challenged.
[2025-02-17 04:37:23.759 +00:00] [INF] [55] Jellyfin.Api.Auth.CustomAuthenticationHandler: "CustomAuthentication" was not authenticated. Failure message: "Invalid token."
[2025-02-17 04:37:23.759 +00:00] [INF] [55] Jellyfin.Api.Auth.CustomAuthenticationHandler: "CustomAuthentication" was not authenticated. Failure message: "Invalid token."
[2025-02-17 04:37:23.759 +00:00] [INF] [55] Jellyfin.Api.Auth.CustomAuthenticationHandler: AuthenticationScheme: "CustomAuthentication" was challenged.
[2025-02-17 04:37:33.763 +00:00] [INF] [55] Jellyfin.Api.Auth.CustomAuthenticationHandler: "CustomAuthentication" was not authenticated. Failure message: "Invalid token."
[2025-02-17 04:37:33.763 +00:00] [INF] [55] Jellyfin.Api.Auth.CustomAuthenticationHandler: "CustomAuthentication" was not authenticated. Failure message: "Invalid token."
[2025-02-17 04:37:33.763 +00:00] [INF] [55] Jellyfin.Api.Auth.CustomAuthenticationHandler: AuthenticationScheme: "CustomAuthentication" was challenged.
[2025-02-17 04:37:43.759 +00:00] [INF] [73] Jellyfin.Api.Auth.CustomAuthenticationHandler: "CustomAuthentication" was not authenticated. Failure message: "Invalid token."
[2025-02-17 04:37:43.759 +00:00] [INF] [73] Jellyfin.Api.Auth.CustomAuthenticationHandler: "CustomAuthentication" was not authenticated. Failure message: "Invalid token."
[2025-02-17 04:37:43.759 +00:00] [INF] [73] Jellyfin.Api.Auth.CustomAuthenticationHandler: AuthenticationScheme: "CustomAuthentication" was challenged.
[2025-02-17 04:37:53.759 +00:00] [INF] [45] Jellyfin.Api.Auth.CustomAuthenticationHandler: "CustomAuthentication" was not authenticated. Failure message: "Invalid token."
[2025-02-17 04:37:53.759 +00:00] [INF] [45] Jellyfin.Api.Auth.CustomAuthenticationHandler: "CustomAuthentication" was not authenticated. Failure message: "Invalid token."
[2025-02-17 04:37:53.759 +00:00] [INF] [45] Jellyfin.Api.Auth.CustomAuthenticationHandler: AuthenticationScheme: "CustomAuthentication" was challenged.
[2025-02-17 04:38:03.772 +00:00] [INF] [73] Jellyfin.Api.Auth.CustomAuthenticationHandler: "CustomAuthentication" was not authenticated. Failure message: "Invalid token."
[2025-02-17 04:38:03.773 +00:00] [INF] [73] Jellyfin.Api.Auth.CustomAuthenticationHandler: "CustomAuthentication" was not authenticated. Failure message: "Invalid token."
[2025-02-17 04:38:03.773 +00:00] [INF] [73] Jellyfin.Api.Auth.CustomAuthenticationHandler: AuthenticationScheme: "CustomAuthentication" was challenged.
[2025-02-17 04:38:13.762 +00:00] [INF] [45] Jellyfin.Api.Auth.CustomAuthenticationHandler: "CustomAuthentication" was not authenticated. Failure message: "Invalid token."
[2025-02-17 04:38:13.762 +00:00] [INF] [45] Jellyfin.Api.Auth.CustomAuthenticationHandler: "CustomAuthentication" was not authenticated. Failure message: "Invalid token."
[2025-02-17 04:38:13.762 +00:00] [INF] [45] Jellyfin.Api.Auth.CustomAuthenticationHandler: AuthenticationScheme: "CustomAuthentication" was challenged.
[2025-02-17 04:38:23.756 +00:00] [INF] [45] Jellyfin.Api.Auth.CustomAuthenticationHandler: "CustomAuthentication" was not authenticated. Failure message: "Invalid token."
[2025-02-17 04:38:23.756 +00:00] [INF] [45] Jellyfin.Api.Auth.CustomAuthenticationHandler: "CustomAuthentication" was not authenticated. Failure message: "Invalid token."
[2025-02-17 04:38:23.756 +00:00] [INF] [45] Jellyfin.Api.Auth.CustomAuthenticationHandler: AuthenticationScheme: "CustomAuthentication" was challenged.
[2025-02-17 04:38:33.757 +00:00] [INF] [57] Jellyfin.Api.Auth.CustomAuthenticationHandler: "CustomAuthentication" was not authenticated. Failure message: "Invalid token."
[2025-02-17 04:38:33.758 +00:00] [INF] [57] Jellyfin.Api.Auth.CustomAuthenticationHandler: "CustomAuthentication" was not authenticated. Failure message: "Invalid token."
[2025-02-17 04:38:33.758 +00:00] [INF] [57] Jellyfin.Api.Auth.CustomAuthenticationHandler: AuthenticationScheme: "CustomAuthentication" was challenged.
[2025-02-17 04:38:43.761 +00:00] [INF] [57] Jellyfin.Api.Auth.CustomAuthenticationHandler: "CustomAuthentication" was not authenticated. Failure message: "Invalid token."
[2025-02-17 04:38:43.761 +00:00] [INF] [57] Jellyfin.Api.Auth.CustomAuthenticationHandler: "CustomAuthentication" was not authenticated. Failure message: "Invalid token."
[2025-02-17 04:38:43.761 +00:00] [INF] [57] Jellyfin.Api.Auth.CustomAuthenticationHandler: AuthenticationScheme: "CustomAuthentication" was challenged.
[2025-02-17 04:38:53.755 +00:00] [INF] [45] Jellyfin.Api.Auth.CustomAuthenticationHandler: "CustomAuthentication" was not authenticated. Failure message: "Invalid token."
[2025-02-17 04:38:53.755 +00:00] [INF] [45] Jellyfin.Api.Auth.CustomAuthenticationHandler: "CustomAuthentication" was not authenticated. Failure message: "Invalid token."
[2025-02-17 04:38:53.755 +00:00] [INF] [45] Jellyfin.Api.Auth.CustomAuthenticationHandler: AuthenticationScheme: "CustomAuthentication" was challenged.
[2025-02-17 04:39:03.756 +00:00] [INF] [57] Jellyfin.Api.Auth.CustomAuthenticationHandler: "CustomAuthentication" was not authenticated. Failure message: "Invalid token."
[2025-02-17 04:39:03.756 +00:00] [INF] [57] Jellyfin.Api.Auth.CustomAuthenticationHandler: "CustomAuthentication" was not authenticated. Failure message: "Invalid token."
[2025-02-17 04:39:03.756 +00:00] [INF] [57] Jellyfin.Api.Auth.CustomAuthenticationHandler: AuthenticationScheme: "CustomAuthentication" was challenged.
[2025-02-17 04:39:13.762 +00:00] [INF] [32] Jellyfin.Api.Auth.CustomAuthenticationHandler: "CustomAuthentication" was not authenticated. Failure message: "Invalid token."
[2025-02-17 04:39:13.762 +00:00] [INF] [32] Jellyfin.Api.Auth.CustomAuthenticationHandler: "CustomAuthentication" was not authenticated. Failure message: "Invalid token."
[2025-02-17 04:39:13.762 +00:00] [INF] [32] Jellyfin.Api.Auth.CustomAuthenticationHandler: AuthenticationScheme: "CustomAuthentication" was challenged.
[2025-02-17 04:39:23.752 +00:00] [INF] [57] Jellyfin.Api.Auth.CustomAuthenticationHandler: "CustomAuthentication" was not authenticated. Failure message: "Invalid token."
[2025-02-17 04:39:23.752 +00:00] [INF] [57] Jellyfin.Api.Auth.CustomAuthenticationHandler: "CustomAuthentication" was not authenticated. Failure message: "Invalid token."
[2025-02-17 04:39:23.752 +00:00] [INF] [57] Jellyfin.Api.Auth.CustomAuthenticationHandler: AuthenticationScheme: "CustomAuthentication" was challenged.
[2025-02-17 04:39:33.761 +00:00] [INF] [45] Jellyfin.Api.Auth.CustomAuthenticationHandler: "CustomAuthentication" was not authenticated. Failure message: "Invalid token."
[2025-02-17 04:39:33.762 +00:00] [INF] [45] Jellyfin.Api.Auth.CustomAuthenticationHandler: "CustomAuthentication" was not authenticated. Failure message: "Invalid token."
[2025-02-17 04:39:33.762 +00:00] [INF] [45] Jellyfin.Api.Auth.CustomAuthenticationHandler: AuthenticationScheme: "CustomAuthentication" was challenged.
[2025-02-17 04:39:43.756 +00:00] [INF] [60] Jellyfin.Api.Auth.CustomAuthenticationHandler: "CustomAuthentication" was not authenticated. Failure message: "Invalid token."
[2025-02-17 04:39:43.756 +00:00] [INF] [60] Jellyfin.Api.Auth.CustomAuthenticationHandler: "CustomAuthentication" was not authenticated. Failure message: "Invalid token."
[2025-02-17 04:39:43.756 +00:00] [INF] [60] Jellyfin.Api.Auth.CustomAuthenticationHandler: AuthenticationScheme: "CustomAuthentication" was challenged.
[2025-02-17 04:39:53.760 +00:00] [INF] [45] Jellyfin.Api.Auth.CustomAuthenticationHandler: "CustomAuthentication" was not authenticated. Failure message: "Invalid token."
[2025-02-17 04:39:53.760 +00:00] [INF] [45] Jellyfin.Api.Auth.CustomAuthenticationHandler: "CustomAuthentication" was not authenticated. Failure message: "Invalid token."
[2025-02-17 04:39:53.760 +00:00] [INF] [45] Jellyfin.Api.Auth.CustomAuthenticationHandler: AuthenticationScheme: "CustomAuthentication" was challenged.
[2025-02-17 04:40:03.760 +00:00] [INF] [45] Jellyfin.Api.Auth.CustomAuthenticationHandler: "CustomAuthentication" was not authenticated. Failure message: "Invalid token."
[2025-02-17 04:40:03.760 +00:00] [INF] [45] Jellyfin.Api.Auth.CustomAuthenticationHandler: "CustomAuthentication" was not authenticated. Failure message: "Invalid token."
[2025-02-17 04:40:03.760 +00:00] [INF] [45] Jellyfin.Api.Auth.CustomAuthenticationHandler: AuthenticationScheme: "CustomAuthentication" was challenged.
[2025-02-17 04:40:13.752 +00:00] [INF] [60] Jellyfin.Api.Auth.CustomAuthenticationHandler: "CustomAuthentication" was not authenticated. Failure message: "Invalid token."
[2025-02-17 04:40:13.752 +00:00] [INF] [60] Jellyfin.Api.Auth.CustomAuthenticationHandler: "CustomAuthentication" was not authenticated. Failure message: "Invalid token."
[2025-02-17 04:40:13.752 +00:00] [INF] [60] Jellyfin.Api.Auth.CustomAuthenticationHandler: AuthenticationScheme: "CustomAuthentication" was challenged.
[2025-02-17 04:40:23.756 +00:00] [INF] [32] Jellyfin.Api.Auth.CustomAuthenticationHandler: "CustomAuthentication" was not authenticated. Failure message: "Invalid token."
[2025-02-17 04:40:23.756 +00:00] [INF] [32] Jellyfin.Api.Auth.CustomAuthenticationHandler: "CustomAuthentication" was not authenticated. Failure message: "Invalid token."
[2025-02-17 04:40:23.756 +00:00] [INF] [32] Jellyfin.Api.Auth.CustomAuthenticationHandler: AuthenticationScheme: "CustomAuthentication" was challenged.
[2025-02-17 04:40:33.758 +00:00] [INF] [32] Jellyfin.Api.Auth.CustomAuthenticationHandler: "CustomAuthentication" was not authenticated. Failure message: "Invalid token."
[2025-02-17 04:40:33.758 +00:00] [INF] [32] Jellyfin.Api.Auth.CustomAuthenticationHandler: "CustomAuthentication" was not authenticated. Failure message: "Invalid token."
[2025-02-17 04:40:33.760 +00:00] [INF] [32] Jellyfin.Api.Auth.CustomAuthenticationHandler: AuthenticationScheme: "CustomAuthentication" was challenged.
[2025-02-17 04:40:43.765 +00:00] [INF] [32] Jellyfin.Api.Auth.CustomAuthenticationHandler: "CustomAuthentication" was not authenticated. Failure message: "Invalid token."
[2025-02-17 04:40:43.765 +00:00] [INF] [32] Jellyfin.Api.Auth.CustomAuthenticationHandler: "CustomAuthentication" was not authenticated. Failure message: "Invalid token."
[2025-02-17 04:40:43.765 +00:00] [INF] [32] Jellyfin.Api.Auth.CustomAuthenticationHandler: AuthenticationScheme: "CustomAuthentication" was challenged.
[2025-02-17 04:40:53.782 +00:00] [INF] [32] Jellyfin.Api.Auth.CustomAuthenticationHandler: "CustomAuthentication" was not authenticated. Failure message: "Invalid token."
[2025-02-17 04:40:53.782 +00:00] [INF] [32] Jellyfin.Api.Auth.CustomAuthenticationHandler: "CustomAuthentication" was not authenticated. Failure message: "Invalid token."
[2025-02-17 04:40:53.782 +00:00] [INF] [32] Jellyfin.Api.Auth.CustomAuthenticationHandler: AuthenticationScheme: "CustomAuthentication" was challenged.
[2025-02-17 04:41:03.770 +00:00] [INF] [60] Jellyfin.Api.Auth.CustomAuthenticationHandler: "CustomAuthentication" was not authenticated. Failure message: "Invalid token."
[2025-02-17 04:41:03.770 +00:00] [INF] [60] Jellyfin.Api.Auth.CustomAuthenticationHandler: "CustomAuthentication" was not authenticated. Failure message: "Invalid token."
[2025-02-17 04:41:03.770 +00:00] [INF] [60] Jellyfin.Api.Auth.CustomAuthenticationHandler: AuthenticationScheme: "CustomAuthentication" was challenged.
[2025-02-17 04:41:13.759 +00:00] [INF] [79] Jellyfin.Api.Auth.CustomAuthenticationHandler: "CustomAuthentication" was not authenticated. Failure message: "Invalid token."
[2025-02-17 04:41:13.759 +00:00] [INF] [79] Jellyfin.Api.Auth.CustomAuthenticationHandler: "CustomAuthentication" was not authenticated. Failure message: "Invalid token."
[2025-02-17 04:41:13.760 +00:00] [INF] [79] Jellyfin.Api.Auth.CustomAuthenticationHandler: AuthenticationScheme: "CustomAuthentication" was challenged.
[2025-02-17 04:41:23.757 +00:00] [INF] [60] Jellyfin.Api.Auth.CustomAuthenticationHandler: "CustomAuthentication" was not authenticated. Failure message: "Invalid token."
[2025-02-17 04:41:23.757 +00:00] [INF] [60] Jellyfin.Api.Auth.CustomAuthenticationHandler: "CustomAuthentication" was not authenticated. Failure message: "Invalid token."
[2025-02-17 04:41:23.757 +00:00] [INF] [60] Jellyfin.Api.Auth.CustomAuthenticationHandler: AuthenticationScheme: "CustomAuthentication" was challenged.
[2025-02-17 04:41:33.769 +00:00] [INF] [60] Jellyfin.Api.Auth.CustomAuthenticationHandler: "CustomAuthentication" was not authenticated. Failure message: "Invalid token."
[2025-02-17 04:41:33.769 +00:00] [INF] [60] Jellyfin.Api.Auth.CustomAuthenticationHandler: "CustomAuthentication" was not authenticated. Failure message: "Invalid token."
[2025-02-17 04:41:33.769 +00:00] [INF] [60] Jellyfin.Api.Auth.CustomAuthenticationHandler: AuthenticationScheme: "CustomAuthentication" was challenged.
[2025-02-17 04:41:43.751 +00:00] [INF] [60] Jellyfin.Api.Auth.CustomAuthenticationHandler: "CustomAuthentication" was not authenticated. Failure message: "Invalid token."
[2025-02-17 04:41:43.751 +00:00] [INF] [60] Jellyfin.Api.Auth.CustomAuthenticationHandler: "CustomAuthentication" was not authenticated. Failure message: "Invalid token."
[2025-02-17 04:41:43.751 +00:00] [INF] [60] Jellyfin.Api.Auth.CustomAuthenticationHandler: AuthenticationScheme: "CustomAuthentication" was challenged.
[2025-02-17 04:41:53.758 +00:00] [INF] [24] Jellyfin.Api.Auth.CustomAuthenticationHandler: "CustomAuthentication" was not authenticated. Failure message: "Invalid token."
[2025-02-17 04:41:53.759 +00:00] [INF] [24] Jellyfin.Api.Auth.CustomAuthenticationHandler: "CustomAuthentication" was not authenticated. Failure message: "Invalid token."
[2025-02-17 04:41:53.759 +00:00] [INF] [24] Jellyfin.Api.Auth.CustomAuthenticationHandler: AuthenticationScheme: "CustomAuthentication" was challenged.
[2025-02-17 04:42:03.755 +00:00] [INF] [24] Jellyfin.Api.Auth.CustomAuthenticationHandler: "CustomAuthentication" was not authenticated. Failure message: "Invalid token."
[2025-02-17 04:42:03.756 +00:00] [INF] [24] Jellyfin.Api.Auth.CustomAuthenticationHandler: "CustomAuthentication" was not authenticated. Failure message: "Invalid token."
[2025-02-17 04:42:03.756 +00:00] [INF] [24] Jellyfin.Api.Auth.CustomAuthenticationHandler: AuthenticationScheme: "CustomAuthentication" was challenged.
[2025-02-17 04:42:13.800 +00:00] [INF] [24] Jellyfin.Api.Auth.CustomAuthenticationHandler: "CustomAuthentication" was not authenticated. Failure message: "Invalid token."
[2025-02-17 04:42:13.800 +00:00] [INF] [24] Jellyfin.Api.Auth.CustomAuthenticationHandler: "CustomAuthentication" was not authenticated. Failure message: "Invalid token."
[2025-02-17 04:42:13.800 +00:00] [INF] [24] Jellyfin.Api.Auth.CustomAuthenticationHandler: AuthenticationScheme: "CustomAuthentication" was challenged.
[2025-02-17 04:42:23.753 +00:00] [INF] [50] Jellyfin.Api.Auth.CustomAuthenticationHandler: "CustomAuthentication" was not authenticated. Failure message: "Invalid token."
[2025-02-17 04:42:23.753 +00:00] [INF] [50] Jellyfin.Api.Auth.CustomAuthenticationHandler: "CustomAuthentication" was not authenticated. Failure message: "Invalid token."
[2025-02-17 04:42:23.753 +00:00] [INF] [50] Jellyfin.Api.Auth.CustomAuthenticationHandler: AuthenticationScheme: "CustomAuthentication" was challenged.
[2025-02-17 04:42:33.757 +00:00] [INF] [50] Jellyfin.Api.Auth.CustomAuthenticationHandler: "CustomAuthentication" was not authenticated. Failure message: "Invalid token."
[2025-02-17 04:42:33.757 +00:00] [INF] [50] Jellyfin.Api.Auth.CustomAuthenticationHandler: "CustomAuthentication" was not authenticated. Failure message: "Invalid token."
[2025-02-17 04:42:33.757 +00:00] [INF] [50] Jellyfin.Api.Auth.CustomAuthenticationHandler: AuthenticationScheme: "CustomAuthentication" was challenged.
[2025-02-17 04:42:43.760 +00:00] [INF] [79] Jellyfin.Api.Auth.CustomAuthenticationHandler: "CustomAuthentication" was not authenticated. Failure message: "Invalid token."
[2025-02-17 04:42:43.760 +00:00] [INF] [79] Jellyfin.Api.Auth.CustomAuthenticationHandler: "CustomAuthentication" was not authenticated. Failure message: "Invalid token."
[2025-02-17 04:42:43.760 +00:00] [INF] [79] Jellyfin.Api.Auth.CustomAuthenticationHandler: AuthenticationScheme: "CustomAuthentication" was challenged.
[2025-02-17 04:42:53.750 +00:00] [INF] [79] Jellyfin.Api.Auth.CustomAuthenticationHandler: "CustomAuthentication" was not authenticated. Failure message: "Invalid token."
[2025-02-17 04:42:53.750 +00:00] [INF] [79] Jellyfin.Api.Auth.CustomAuthenticationHandler: "CustomAuthentication" was not authenticated. Failure message: "Invalid token."
[2025-02-17 04:42:53.750 +00:00] [INF] [79] Jellyfin.Api.Auth.CustomAuthenticationHandler: AuthenticationScheme: "CustomAuthentication" was challenged.
[2025-02-17 04:43:03.754 +00:00] [INF] [79] Jellyfin.Api.Auth.CustomAuthenticationHandler: "CustomAuthentication" was not authenticated. Failure message: "Invalid token."
[2025-02-17 04:43:03.754 +00:00] [INF] [79] Jellyfin.Api.Auth.CustomAuthenticationHandler: "CustomAuthentication" was not authenticated. Failure message: "Invalid token."
[2025-02-17 04:43:03.754 +00:00] [INF] [79] Jellyfin.Api.Auth.CustomAuthenticationHandler: AuthenticationScheme: "CustomAuthentication" was challenged.
[2025-02-17 04:43:13.756 +00:00] [INF] [24] Jellyfin.Api.Auth.CustomAuthenticationHandler: "CustomAuthentication" was not authenticated. Failure message: "Invalid token."
[2025-02-17 04:43:13.756 +00:00] [INF] [24] Jellyfin.Api.Auth.CustomAuthenticationHandler: "CustomAuthentication" was not authenticated. Failure message: "Invalid token."
[2025-02-17 04:43:13.756 +00:00] [INF] [24] Jellyfin.Api.Auth.CustomAuthenticationHandler: AuthenticationScheme: "CustomAuthentication" was challenged.
[2025-02-17 04:43:23.757 +00:00] [INF] [79] Jellyfin.Api.Auth.CustomAuthenticationHandler: "CustomAuthentication" was not authenticated. Failure message: "Invalid token."
[2025-02-17 04:43:23.757 +00:00] [INF] [79] Jellyfin.Api.Auth.CustomAuthenticationHandler: "CustomAuthentication" was not authenticated. Failure message: "Invalid token."
[2025-02-17 04:43:23.757 +00:00] [INF] [79] Jellyfin.Api.Auth.CustomAuthenticationHandler: AuthenticationScheme: "CustomAuthentication" was challenged.
[2025-02-17 04:43:33.757 +00:00] [INF] [79] Jellyfin.Api.Auth.CustomAuthenticationHandler: "CustomAuthentication" was not authenticated. Failure message: "Invalid token."
[2025-02-17 04:43:33.757 +00:00] [INF] [79] Jellyfin.Api.Auth.CustomAuthenticationHandler: "CustomAuthentication" was not authenticated. Failure message: "Invalid token."
[2025-02-17 04:43:33.757 +00:00] [INF] [79] Jellyfin.Api.Auth.CustomAuthenticationHandler: AuthenticationScheme: "CustomAuthentication" was challenged.
[2025-02-17 04:43:43.758 +00:00] [INF] [79] Jellyfin.Api.Auth.CustomAuthenticationHandler: "CustomAuthentication" was not authenticated. Failure message: "Invalid token."
[2025-02-17 04:43:43.758 +00:00] [INF] [79] Jellyfin.Api.Auth.CustomAuthenticationHandler: "CustomAuthentication" was not authenticated. Failure message: "Invalid token."
[2025-02-17 04:43:43.758 +00:00] [INF] [79] Jellyfin.Api.Auth.CustomAuthenticationHandler: AuthenticationScheme: "CustomAuthentication" was challenged.
[2025-02-17 04:43:53.758 +00:00] [INF] [24] Jellyfin.Api.Auth.CustomAuthenticationHandler: "CustomAuthentication" was not authenticated. Failure message: "Invalid token."
[2025-02-17 04:43:53.759 +00:00] [INF] [24] Jellyfin.Api.Auth.CustomAuthenticationHandler: "CustomAuthentication" was not authenticated. Failure message: "Invalid token."
[2025-02-17 04:43:53.759 +00:00] [INF] [24] Jellyfin.Api.Auth.CustomAuthenticationHandler: AuthenticationScheme: "CustomAuthentication" was challenged.
[2025-02-17 04:44:03.821 +00:00] [INF] [79] Jellyfin.Api.Auth.CustomAuthenticationHandler: "CustomAuthentication" was not authenticated. Failure message: "Invalid token."
[2025-02-17 04:44:03.821 +00:00] [INF] [79] Jellyfin.Api.Auth.CustomAuthenticationHandler: "CustomAuthentication" was not authenticated. Failure message: "Invalid token."
[2025-02-17 04:44:03.821 +00:00] [INF] [79] Jellyfin.Api.Auth.CustomAuthenticationHandler: AuthenticationScheme: "CustomAuthentication" was challenged.
[2025-02-17 04:44:13.762 +00:00] [INF] [24] Jellyfin.Api.Auth.CustomAuthenticationHandler: "CustomAuthentication" was not authenticated. Failure message: "Invalid token."
[2025-02-17 04:44:13.762 +00:00] [INF] [24] Jellyfin.Api.Auth.CustomAuthenticationHandler: "CustomAuthentication" was not authenticated. Failure message: "Invalid token."
[2025-02-17 04:44:13.763 +00:00] [INF] [24] Jellyfin.Api.Auth.CustomAuthenticationHandler: AuthenticationScheme: "CustomAuthentication" was challenged.
[2025-02-17 04:44:23.754 +00:00] [INF] [24] Jellyfin.Api.Auth.CustomAuthenticationHandler: "CustomAuthentication" was not authenticated. Failure message: "Invalid token."
[2025-02-17 04:44:23.754 +00:00] [INF] [24] Jellyfin.Api.Auth.CustomAuthenticationHandler: "CustomAuthentication" was not authenticated. Failure message: "Invalid token."
[2025-02-17 04:44:23.754 +00:00] [INF] [24] Jellyfin.Api.Auth.CustomAuthenticationHandler: AuthenticationScheme: "CustomAuthentication" was challenged.
[2025-02-17 04:44:33.763 +00:00] [INF] [72] Jellyfin.Api.Auth.CustomAuthenticationHandler: "CustomAuthentication" was not authenticated. Failure message: "Invalid token."
[2025-02-17 04:44:33.763 +00:00] [INF] [72] Jellyfin.Api.Auth.CustomAuthenticationHandler: "CustomAuthentication" was not authenticated. Failure message: "Invalid token."
[2025-02-17 04:44:33.763 +00:00] [INF] [72] Jellyfin.Api.Auth.CustomAuthenticationHandler: AuthenticationScheme: "CustomAuthentication" was challenged.
[2025-02-17 04:44:43.762 +00:00] [INF] [24] Jellyfin.Api.Auth.CustomAuthenticationHandler: "CustomAuthentication" was not authenticated. Failure message: "Invalid token."
[2025-02-17 04:44:43.763 +00:00] [INF] [24] Jellyfin.Api.Auth.CustomAuthenticationHandler: "CustomAuthentication" was not authenticated. Failure message: "Invalid token."
[2025-02-17 04:44:43.763 +00:00] [INF] [24] Jellyfin.Api.Auth.CustomAuthenticationHandler: AuthenticationScheme: "CustomAuthentication" was challenged.
[2025-02-17 04:44:53.753 +00:00] [INF] [72] Jellyfin.Api.Auth.CustomAuthenticationHandler: "CustomAuthentication" was not authenticated. Failure message: "Invalid token."
[2025-02-17 04:44:53.754 +00:00] [INF] [72] Jellyfin.Api.Auth.CustomAuthenticationHandler: "CustomAuthentication" was not authenticated. Failure message: "Invalid token."
[2025-02-17 04:44:53.754 +00:00] [INF] [72] Jellyfin.Api.Auth.CustomAuthenticationHandler: AuthenticationScheme: "CustomAuthentication" was challenged.
[2025-02-17 04:45:03.757 +00:00] [INF] [32] Jellyfin.Api.Auth.CustomAuthenticationHandler: "CustomAuthentication" was not authenticated. Failure message: "Invalid token."
[2025-02-17 04:45:03.758 +00:00] [INF] [32] Jellyfin.Api.Auth.CustomAuthenticationHandler: "CustomAuthentication" was not authenticated. Failure message: "Invalid token."
[2025-02-17 04:45:03.758 +00:00] [INF] [32] Jellyfin.Api.Auth.CustomAuthenticationHandler: AuthenticationScheme: "CustomAuthentication" was challenged.
[2025-02-17 04:45:13.757 +00:00] [INF] [45] Jellyfin.Api.Auth.CustomAuthenticationHandler: "CustomAuthentication" was not authenticated. Failure message: "Invalid token."
[2025-02-17 04:45:13.757 +00:00] [INF] [45] Jellyfin.Api.Auth.CustomAuthenticationHandler: "CustomAuthentication" was not authenticated. Failure message: "Invalid token."
[2025-02-17 04:45:13.757 +00:00] [INF] [45] Jellyfin.Api.Auth.CustomAuthenticationHandler: AuthenticationScheme: "CustomAuthentication" was challenged.
[2025-02-17 04:45:23.759 +00:00] [INF] [32] Jellyfin.Api.Auth.CustomAuthenticationHandler: "CustomAuthentication" was not authenticated. Failure message: "Invalid token."
[2025-02-17 04:45:23.759 +00:00] [INF] [32] Jellyfin.Api.Auth.CustomAuthenticationHandler: "CustomAuthentication" was not authenticated. Failure message: "Invalid token."
[2025-02-17 04:45:23.759 +00:00] [INF] [32] Jellyfin.Api.Auth.CustomAuthenticationHandler: AuthenticationScheme: "CustomAuthentication" was challenged.
[2025-02-17 04:45:33.759 +00:00] [INF] [45] Jellyfin.Api.Auth.CustomAuthenticationHandler: "CustomAuthentication" was not authenticated. Failure message: "Invalid token."
[2025-02-17 04:45:33.759 +00:00] [INF] [45] Jellyfin.Api.Auth.CustomAuthenticationHandler: "CustomAuthentication" was not authenticated. Failure message: "Invalid token."
[2025-02-17 04:45:33.759 +00:00] [INF] [45] Jellyfin.Api.Auth.CustomAuthenticationHandler: AuthenticationScheme: "CustomAuthentication" was challenged.
[2025-02-17 04:45:43.756 +00:00] [INF] [45] Jellyfin.Api.Auth.CustomAuthenticationHandler: "CustomAuthentication" was not authenticated. Failure message: "Invalid token."
[2025-02-17 04:45:43.757 +00:00] [INF] [45] Jellyfin.Api.Auth.CustomAuthenticationHandler: "CustomAuthentication" was not authenticated. Failure message: "Invalid token."
[2025-02-17 04:45:43.757 +00:00] [INF] [45] Jellyfin.Api.Auth.CustomAuthenticationHandler: AuthenticationScheme: "CustomAuthentication" was challenged.
[2025-02-17 04:45:53.773 +00:00] [INF] [45] Jellyfin.Api.Auth.CustomAuthenticationHandler: "CustomAuthentication" was not authenticated. Failure message: "Invalid token."
[2025-02-17 04:45:53.773 +00:00] [INF] [45] Jellyfin.Api.Auth.CustomAuthenticationHandler: "CustomAuthentication" was not authenticated. Failure message: "Invalid token."
[2025-02-17 04:45:53.773 +00:00] [INF] [45] Jellyfin.Api.Auth.CustomAuthenticationHandler: AuthenticationScheme: "CustomAuthentication" was challenged.
[2025-02-17 04:46:03.761 +00:00] [INF] [45] Jellyfin.Api.Auth.CustomAuthenticationHandler: "CustomAuthentication" was not authenticated. Failure message: "Invalid token."
[2025-02-17 04:46:03.761 +00:00] [INF] [45] Jellyfin.Api.Auth.CustomAuthenticationHandler: "CustomAuthentication" was not authenticated. Failure message: "Invalid token."
[2025-02-17 04:46:03.761 +00:00] [INF] [45] Jellyfin.Api.Auth.CustomAuthenticationHandler: AuthenticationScheme: "CustomAuthentication" was challenged.
[2025-02-17 04:46:13.763 +00:00] [INF] [45] Jellyfin.Api.Auth.CustomAuthenticationHandler: "CustomAuthentication" was not authenticated. Failure message: "Invalid token."
[2025-02-17 04:46:13.764 +00:00] [INF] [45] Jellyfin.Api.Auth.CustomAuthenticationHandler: "CustomAuthentication" was not authenticated. Failure message: "Invalid token."
[2025-02-17 04:46:13.764 +00:00] [INF] [45] Jellyfin.Api.Auth.CustomAuthenticationHandler: AuthenticationScheme: "CustomAuthentication" was challenged.
[2025-02-17 04:46:23.758 +00:00] [INF] [32] Jellyfin.Api.Auth.CustomAuthenticationHandler: "CustomAuthentication" was not authenticated. Failure message: "Invalid token."
[2025-02-17 04:46:23.759 +00:00] [INF] [32] Jellyfin.Api.Auth.CustomAuthenticationHandler: "CustomAuthentication" was not authenticated. Failure message: "Invalid token."
[2025-02-17 04:46:23.759 +00:00] [INF] [32] Jellyfin.Api.Auth.CustomAuthenticationHandler: AuthenticationScheme: "CustomAuthentication" was challenged.
[2025-02-17 04:46:33.759 +00:00] [INF] [32] Jellyfin.Api.Auth.CustomAuthenticationHandler: "CustomAuthentication" was not authenticated. Failure message: "Invalid token."
[2025-02-17 04:46:33.760 +00:00] [INF] [32] Jellyfin.Api.Auth.CustomAuthenticationHandler: "CustomAuthentication" was not authenticated. Failure message: "Invalid token."
[2025-02-17 04:46:33.760 +00:00] [INF] [32] Jellyfin.Api.Auth.CustomAuthenticationHandler: AuthenticationScheme: "CustomAuthentication" was challenged.
[2025-02-17 04:46:43.758 +00:00] [INF] [45] Jellyfin.Api.Auth.CustomAuthenticationHandler: "CustomAuthentication" was not authenticated. Failure message: "Invalid token."
[2025-02-17 04:46:43.758 +00:00] [INF] [45] Jellyfin.Api.Auth.CustomAuthenticationHandler: "CustomAuthentication" was not authenticated. Failure message: "Invalid token."
[2025-02-17 04:46:43.758 +00:00] [INF] [45] Jellyfin.Api.Auth.CustomAuthenticationHandler: AuthenticationScheme: "CustomAuthentication" was challenged.
[2025-02-17 04:46:53.756 +00:00] [INF] [45] Jellyfin.Api.Auth.CustomAuthenticationHandler: "CustomAuthentication" was not authenticated. Failure message: "Invalid token."
[2025-02-17 04:46:53.756 +00:00] [INF] [45] Jellyfin.Api.Auth.CustomAuthenticationHandler: "CustomAuthentication" was not authenticated. Failure message: "Invalid token."
[2025-02-17 04:46:53.756 +00:00] [INF] [45] Jellyfin.Api.Auth.CustomAuthenticationHandler: AuthenticationScheme: "CustomAuthentication" was challenged.
[2025-02-17 04:47:03.761 +00:00] [INF] [24] Jellyfin.Api.Auth.CustomAuthenticationHandler: "CustomAuthentication" was not authenticated. Failure message: "Invalid token."
[2025-02-17 04:47:03.761 +00:00] [INF] [24] Jellyfin.Api.Auth.CustomAuthenticationHandler: "CustomAuthentication" was not authenticated. Failure message: "Invalid token."
[2025-02-17 04:47:03.761 +00:00] [INF] [24] Jellyfin.Api.Auth.CustomAuthenticationHandler: AuthenticationScheme: "CustomAuthentication" was challenged.
[2025-02-17 04:47:13.762 +00:00] [INF] [50] Jellyfin.Api.Auth.CustomAuthenticationHandler: "CustomAuthentication" was not authenticated. Failure message: "Invalid token."
[2025-02-17 04:47:13.763 +00:00] [INF] [50] Jellyfin.Api.Auth.CustomAuthenticationHandler: "CustomAuthentication" was not authenticated. Failure message: "Invalid token."
[2025-02-17 04:47:13.763 +00:00] [INF] [50] Jellyfin.Api.Auth.CustomAuthenticationHandler: AuthenticationScheme: "CustomAuthentication" was challenged.
[2025-02-17 04:47:23.792 +00:00] [INF] [24] Jellyfin.Api.Auth.CustomAuthenticationHandler: "CustomAuthentication" was not authenticated. Failure message: "Invalid token."
[2025-02-17 04:47:23.792 +00:00] [INF] [24] Jellyfin.Api.Auth.CustomAuthenticationHandler: "CustomAuthentication" was not authenticated. Failure message: "Invalid token."
[2025-02-17 04:47:23.792 +00:00] [INF] [24] Jellyfin.Api.Auth.CustomAuthenticationHandler: AuthenticationScheme: "CustomAuthentication" was challenged.
[2025-02-17 04:47:33.756 +00:00] [INF] [24] Jellyfin.Api.Auth.CustomAuthenticationHandler: "CustomAuthentication" was not authenticated. Failure message: "Invalid token."
[2025-02-17 04:47:33.756 +00:00] [INF] [24] Jellyfin.Api.Auth.CustomAuthenticationHandler: "CustomAuthentication" was not authenticated. Failure message: "Invalid token."
[2025-02-17 04:47:33.756 +00:00] [INF] [24] Jellyfin.Api.Auth.CustomAuthenticationHandler: AuthenticationScheme: "CustomAuthentication" was challenged.
[2025-02-17 04:47:43.762 +00:00] [INF] [50] Jellyfin.Api.Auth.CustomAuthenticationHandler: "CustomAuthentication" was not authenticated. Failure message: "Invalid token."
[2025-02-17 04:47:43.762 +00:00] [INF] [50] Jellyfin.Api.Auth.CustomAuthenticationHandler: "CustomAuthentication" was not authenticated. Failure message: "Invalid token."
[2025-02-17 04:47:43.762 +00:00] [INF] [50] Jellyfin.Api.Auth.CustomAuthenticationHandler: AuthenticationScheme: "CustomAuthentication" was challenged.
[2025-02-17 04:47:53.757 +00:00] [INF] [42] Jellyfin.Api.Auth.CustomAuthenticationHandler: "CustomAuthentication" was not authenticated. Failure message: "Invalid token."
[2025-02-17 04:47:53.757 +00:00] [INF] [42] Jellyfin.Api.Auth.CustomAuthenticationHandler: "CustomAuthentication" was not authenticated. Failure message: "Invalid token."
[2025-02-17 04:47:53.757 +00:00] [INF] [42] Jellyfin.Api.Auth.CustomAuthenticationHandler: AuthenticationScheme: "CustomAuthentication" was challenged.
[2025-02-17 04:48:03.757 +00:00] [INF] [24] Jellyfin.Api.Auth.CustomAuthenticationHandler: "CustomAuthentication" was not authenticated. Failure message: "Invalid token."
[2025-02-17 04:48:03.757 +00:00] [INF] [24] Jellyfin.Api.Auth.CustomAuthenticationHandler: "CustomAuthentication" was not authenticated. Failure message: "Invalid token."
[2025-02-17 04:48:03.757 +00:00] [INF] [24] Jellyfin.Api.Auth.CustomAuthenticationHandler: AuthenticationScheme: "CustomAuthentication" was challenged.
[2025-02-17 04:48:13.756 +00:00] [INF] [24] Jellyfin.Api.Auth.CustomAuthenticationHandler: "CustomAuthentication" was not authenticated. Failure message: "Invalid token."
[2025-02-17 04:48:13.756 +00:00] [INF] [24] Jellyfin.Api.Auth.CustomAuthenticationHandler: "CustomAuthentication" was not authenticated. Failure message: "Invalid token."
[2025-02-17 04:48:13.756 +00:00] [INF] [24] Jellyfin.Api.Auth.CustomAuthenticationHandler: AuthenticationScheme: "CustomAuthentication" was challenged.
[2025-02-17 04:48:23.768 +00:00] [INF] [57] Jellyfin.Api.Auth.CustomAuthenticationHandler: "CustomAuthentication" was not authenticated. Failure message: "Invalid token."
[2025-02-17 04:48:23.768 +00:00] [INF] [57] Jellyfin.Api.Auth.CustomAuthenticationHandler: "CustomAuthentication" was not authenticated. Failure message: "Invalid token."
[2025-02-17 04:48:23.768 +00:00] [INF] [57] Jellyfin.Api.Auth.CustomAuthenticationHandler: AuthenticationScheme: "CustomAuthentication" was challenged.
[2025-02-17 04:48:33.775 +00:00] [INF] [57] Jellyfin.Api.Auth.CustomAuthenticationHandler: "CustomAuthentication" was not authenticated. Failure message: "Invalid token."
[2025-02-17 04:48:33.775 +00:00] [INF] [57] Jellyfin.Api.Auth.CustomAuthenticationHandler: "CustomAuthentication" was not authenticated. Failure message: "Invalid token."
[2025-02-17 04:48:33.775 +00:00] [INF] [57] Jellyfin.Api.Auth.CustomAuthenticationHandler: AuthenticationScheme: "CustomAuthentication" was challenged.
[2025-02-17 04:48:43.756 +00:00] [INF] [50] Jellyfin.Api.Auth.CustomAuthenticationHandler: "CustomAuthentication" was not authenticated. Failure message: "Invalid token."
[2025-02-17 04:48:43.756 +00:00] [INF] [50] Jellyfin.Api.Auth.CustomAuthenticationHandler: "CustomAuthentication" was not authenticated. Failure message: "Invalid token."
[2025-02-17 04:48:43.757 +00:00] [INF] [50] Jellyfin.Api.Auth.CustomAuthenticationHandler: AuthenticationScheme: "CustomAuthentication" was challenged.
[2025-02-17 04:48:53.757 +00:00] [INF] [57] Jellyfin.Api.Auth.CustomAuthenticationHandler: "CustomAuthentication" was not authenticated. Failure message: "Invalid token."
[2025-02-17 04:48:53.757 +00:00] [INF] [57] Jellyfin.Api.Auth.CustomAuthenticationHandler: "CustomAuthentication" was not authenticated. Failure message: "Invalid token."
[2025-02-17 04:48:53.757 +00:00] [INF] [57] Jellyfin.Api.Auth.CustomAuthenticationHandler: AuthenticationScheme: "CustomAuthentication" was challenged.
[2025-02-17 04:49:03.755 +00:00] [INF] [73] Jellyfin.Api.Auth.CustomAuthenticationHandler: "CustomAuthentication" was not authenticated. Failure message: "Invalid token."
[2025-02-17 04:49:03.755 +00:00] [INF] [73] Jellyfin.Api.Auth.CustomAuthenticationHandler: "CustomAuthentication" was not authenticated. Failure message: "Invalid token."
[2025-02-17 04:49:03.755 +00:00] [INF] [73] Jellyfin.Api.Auth.CustomAuthenticationHandler: AuthenticationScheme: "CustomAuthentication" was challenged.
[2025-02-17 04:49:13.754 +00:00] [INF] [57] Jellyfin.Api.Auth.CustomAuthenticationHandler: "CustomAuthentication" was not authenticated. Failure message: "Invalid token."
[2025-02-17 04:49:13.754 +00:00] [INF] [57] Jellyfin.Api.Auth.CustomAuthenticationHandler: "CustomAuthentication" was not authenticated. Failure message: "Invalid token."
[2025-02-17 04:49:13.754 +00:00] [INF] [57] Jellyfin.Api.Auth.CustomAuthenticationHandler: AuthenticationScheme: "CustomAuthentication" was challenged.
[2025-02-17 04:49:23.762 +00:00] [INF] [50] Jellyfin.Api.Auth.CustomAuthenticationHandler: "CustomAuthentication" was not authenticated. Failure message: "Invalid token."
[2025-02-17 04:49:23.762 +00:00] [INF] [50] Jellyfin.Api.Auth.CustomAuthenticationHandler: "CustomAuthentication" was not authenticated. Failure message: "Invalid token."
[2025-02-17 04:49:23.763 +00:00] [INF] [50] Jellyfin.Api.Auth.CustomAuthenticationHandler: AuthenticationScheme: "CustomAuthentication" was challenged.
[2025-02-17 04:49:33.753 +00:00] [INF] [50] Jellyfin.Api.Auth.CustomAuthenticationHandler: "CustomAuthentication" was not authenticated. Failure message: "Invalid token."
[2025-02-17 04:49:33.754 +00:00] [INF] [50] Jellyfin.Api.Auth.CustomAuthenticationHandler: "CustomAuthentication" was not authenticated. Failure message: "Invalid token."
[2025-02-17 04:49:33.754 +00:00] [INF] [50] Jellyfin.Api.Auth.CustomAuthenticationHandler: AuthenticationScheme: "CustomAuthentication" was challenged.
[2025-02-17 04:49:43.757 +00:00] [INF] [22] Jellyfin.Api.Auth.CustomAuthenticationHandler: "CustomAuthentication" was not authenticated. Failure message: "Invalid token."
[2025-02-17 04:49:43.757 +00:00] [INF] [22] Jellyfin.Api.Auth.CustomAuthenticationHandler: "CustomAuthentication" was not authenticated. Failure message: "Invalid token."
[2025-02-17 04:49:43.757 +00:00] [INF] [22] Jellyfin.Api.Auth.CustomAuthenticationHandler: AuthenticationScheme: "CustomAuthentication" was challenged.
[2025-02-17 04:49:53.758 +00:00] [INF] [22] Jellyfin.Api.Auth.CustomAuthenticationHandler: "CustomAuthentication" was not authenticated. Failure message: "Invalid token."
[2025-02-17 04:49:53.758 +00:00] [INF] [22] Jellyfin.Api.Auth.CustomAuthenticationHandler: "CustomAuthentication" was not authenticated. Failure message: "Invalid token."
[2025-02-17 04:49:53.759 +00:00] [INF] [22] Jellyfin.Api.Auth.CustomAuthenticationHandler: AuthenticationScheme: "CustomAuthentication" was challenged.
[2025-02-17 04:50:03.759 +00:00] [INF] [20] Jellyfin.Api.Auth.CustomAuthenticationHandler: "CustomAuthentication" was not authenticated. Failure message: "Invalid token."
[2025-02-17 04:50:03.759 +00:00] [INF] [20] Jellyfin.Api.Auth.CustomAuthenticationHandler: "CustomAuthentication" was not authenticated. Failure message: "Invalid token."
[2025-02-17 04:50:03.759 +00:00] [INF] [20] Jellyfin.Api.Auth.CustomAuthenticationHandler: AuthenticationScheme: "CustomAuthentication" was challenged.
[2025-02-17 04:50:13.752 +00:00] [INF] [26] Jellyfin.Api.Auth.CustomAuthenticationHandler: "CustomAuthentication" was not authenticated. Failure message: "Invalid token."
[2025-02-17 04:50:13.752 +00:00] [INF] [26] Jellyfin.Api.Auth.CustomAuthenticationHandler: "CustomAuthentication" was not authenticated. Failure message: "Invalid token."
[2025-02-17 04:50:13.752 +00:00] [INF] [26] Jellyfin.Api.Auth.CustomAuthenticationHandler: AuthenticationScheme: "CustomAuthentication" was challenged.
[2025-02-17 04:50:23.757 +00:00] [INF] [50] Jellyfin.Api.Auth.CustomAuthenticationHandler: "CustomAuthentication" was not authenticated. Failure message: "Invalid token."
[2025-02-17 04:50:23.757 +00:00] [INF] [50] Jellyfin.Api.Auth.CustomAuthenticationHandler: "CustomAuthentication" was not authenticated. Failure message: "Invalid token."
[2025-02-17 04:50:23.757 +00:00] [INF] [50] Jellyfin.Api.Auth.CustomAuthenticationHandler: AuthenticationScheme: "CustomAuthentication" was challenged.
[2025-02-17 04:50:33.751 +00:00] [INF] [20] Jellyfin.Api.Auth.CustomAuthenticationHandler: "CustomAuthentication" was not authenticated. Failure message: "Invalid token."
[2025-02-17 04:50:33.751 +00:00] [INF] [20] Jellyfin.Api.Auth.CustomAuthenticationHandler: "CustomAuthentication" was not authenticated. Failure message: "Invalid token."
[2025-02-17 04:50:33.751 +00:00] [INF] [20] Jellyfin.Api.Auth.CustomAuthenticationHandler: AuthenticationScheme: "CustomAuthentication" was challenged.
[2025-02-17 04:50:43.757 +00:00] [INF] [50] Jellyfin.Api.Auth.CustomAuthenticationHandler: "CustomAuthentication" was not authenticated. Failure message: "Invalid token."
[2025-02-17 04:50:43.757 +00:00] [INF] [50] Jellyfin.Api.Auth.CustomAuthenticationHandler: "CustomAuthentication" was not authenticated. Failure message: "Invalid token."
[2025-02-17 04:50:43.757 +00:00] [INF] [50] Jellyfin.Api.Auth.CustomAuthenticationHandler: AuthenticationScheme: "CustomAuthentication" was challenged.
[2025-02-17 04:50:53.760 +00:00] [INF] [20] Jellyfin.Api.Auth.CustomAuthenticationHandler: "CustomAuthentication" was not authenticated. Failure message: "Invalid token."
[2025-02-17 04:50:53.760 +00:00] [INF] [20] Jellyfin.Api.Auth.CustomAuthenticationHandler: "CustomAuthentication" was not authenticated. Failure message: "Invalid token."
[2025-02-17 04:50:53.760 +00:00] [INF] [20] Jellyfin.Api.Auth.CustomAuthenticationHandler: AuthenticationScheme: "CustomAuthentication" was challenged.
[2025-02-17 04:51:03.758 +00:00] [INF] [26] Jellyfin.Api.Auth.CustomAuthenticationHandler: "CustomAuthentication" was not authenticated. Failure message: "Invalid token."
[2025-02-17 04:51:03.758 +00:00] [INF] [26] Jellyfin.Api.Auth.CustomAuthenticationHandler: "CustomAuthentication" was not authenticated. Failure message: "Invalid token."
[2025-02-17 04:51:03.758 +00:00] [INF] [26] Jellyfin.Api.Auth.CustomAuthenticationHandler: AuthenticationScheme: "CustomAuthentication" was challenged.
[2025-02-17 04:51:13.756 +00:00] [INF] [26] Jellyfin.Api.Auth.CustomAuthenticationHandler: "CustomAuthentication" was not authenticated. Failure message: "Invalid token."
[2025-02-17 04:51:13.756 +00:00] [INF] [26] Jellyfin.Api.Auth.CustomAuthenticationHandler: "CustomAuthentication" was not authenticated. Failure message: "Invalid token."
[2025-02-17 04:51:13.756 +00:00] [INF] [26] Jellyfin.Api.Auth.CustomAuthenticationHandler: AuthenticationScheme: "CustomAuthentication" was challenged.
[2025-02-17 04:51:23.768 +00:00] [INF] [20] Jellyfin.Api.Auth.CustomAuthenticationHandler: "CustomAuthentication" was not authenticated. Failure message: "Invalid token."
[2025-02-17 04:51:23.768 +00:00] [INF] [20] Jellyfin.Api.Auth.CustomAuthenticationHandler: "CustomAuthentication" was not authenticated. Failure message: "Invalid token."
[2025-02-17 04:51:23.768 +00:00] [INF] [20] Jellyfin.Api.Auth.CustomAuthenticationHandler: AuthenticationScheme: "CustomAuthentication" was challenged.
[2025-02-17 04:51:33.756 +00:00] [INF] [26] Jellyfin.Api.Auth.CustomAuthenticationHandler: "CustomAuthentication" was not authenticated. Failure message: "Invalid token."
[2025-02-17 04:51:33.756 +00:00] [INF] [26] Jellyfin.Api.Auth.CustomAuthenticationHandler: "CustomAuthentication" was not authenticated. Failure message: "Invalid token."
[2025-02-17 04:51:33.756 +00:00] [INF] [26] Jellyfin.Api.Auth.CustomAuthenticationHandler: AuthenticationScheme: "CustomAuthentication" was challenged.
[2025-02-17 04:51:43.760 +00:00] [INF] [20] Jellyfin.Api.Auth.CustomAuthenticationHandler: "CustomAuthentication" was not authenticated. Failure message: "Invalid token."
[2025-02-17 04:51:43.760 +00:00] [INF] [20] Jellyfin.Api.Auth.CustomAuthenticationHandler: "CustomAuthentication" was not authenticated. Failure message: "Invalid token."
[2025-02-17 04:51:43.761 +00:00] [INF] [20] Jellyfin.Api.Auth.CustomAuthenticationHandler: AuthenticationScheme: "CustomAuthentication" was challenged.
[2025-02-17 04:51:53.755 +00:00] [INF] [50] Jellyfin.Api.Auth.CustomAuthenticationHandler: "CustomAuthentication" was not authenticated. Failure message: "Invalid token."
[2025-02-17 04:51:53.755 +00:00] [INF] [50] Jellyfin.Api.Auth.CustomAuthenticationHandler: "CustomAuthentication" was not authenticated. Failure message: "Invalid token."
[2025-02-17 04:51:53.755 +00:00] [INF] [50] Jellyfin.Api.Auth.CustomAuthenticationHandler: AuthenticationScheme: "CustomAuthentication" was challenged.
[2025-02-17 04:52:03.763 +00:00] [INF] [20] Jellyfin.Api.Auth.CustomAuthenticationHandler: "CustomAuthentication" was not authenticated. Failure message: "Invalid token."
[2025-02-17 04:52:03.763 +00:00] [INF] [20] Jellyfin.Api.Auth.CustomAuthenticationHandler: "CustomAuthentication" was not authenticated. Failure message: "Invalid token."
[2025-02-17 04:52:03.763 +00:00] [INF] [20] Jellyfin.Api.Auth.CustomAuthenticationHandler: AuthenticationScheme: "CustomAuthentication" was challenged.
[2025-02-17 04:52:13.764 +00:00] [INF] [20] Jellyfin.Api.Auth.CustomAuthenticationHandler: "CustomAuthentication" was not authenticated. Failure message: "Invalid token."
[2025-02-17 04:52:13.764 +00:00] [INF] [20] Jellyfin.Api.Auth.CustomAuthenticationHandler: "CustomAuthentication" was not authenticated. Failure message: "Invalid token."
[2025-02-17 04:52:13.764 +00:00] [INF] [20] Jellyfin.Api.Auth.CustomAuthenticationHandler: AuthenticationScheme: "CustomAuthentication" was challenged.
[2025-02-17 04:52:23.760 +00:00] [INF] [73] Jellyfin.Api.Auth.CustomAuthenticationHandler: "CustomAuthentication" was not authenticated. Failure message: "Invalid token."
[2025-02-17 04:52:23.760 +00:00] [INF] [73] Jellyfin.Api.Auth.CustomAuthenticationHandler: "CustomAuthentication" was not authenticated. Failure message: "Invalid token."
[2025-02-17 04:52:23.760 +00:00] [INF] [73] Jellyfin.Api.Auth.CustomAuthenticationHandler: AuthenticationScheme: "CustomAuthentication" was challenged.
[2025-02-17 04:52:33.790 +00:00] [INF] [50] Jellyfin.Api.Auth.CustomAuthenticationHandler: "CustomAuthentication" was not authenticated. Failure message: "Invalid token."
[2025-02-17 04:52:33.791 +00:00] [INF] [50] Jellyfin.Api.Auth.CustomAuthenticationHandler: "CustomAuthentication" was not authenticated. Failure message: "Invalid token."
[2025-02-17 04:52:33.791 +00:00] [INF] [50] Jellyfin.Api.Auth.CustomAuthenticationHandler: AuthenticationScheme: "CustomAuthentication" was challenged.
[2025-02-17 04:52:43.763 +00:00] [INF] [50] Jellyfin.Api.Auth.CustomAuthenticationHandler: "CustomAuthentication" was not authenticated. Failure message: "Invalid token."
[2025-02-17 04:52:43.763 +00:00] [INF] [50] Jellyfin.Api.Auth.CustomAuthenticationHandler: "CustomAuthentication" was not authenticated. Failure message: "Invalid token."
[2025-02-17 04:52:43.764 +00:00] [INF] [50] Jellyfin.Api.Auth.CustomAuthenticationHandler: AuthenticationScheme: "CustomAuthentication" was challenged.
[2025-02-17 04:52:53.756 +00:00] [INF] [79] Jellyfin.Api.Auth.CustomAuthenticationHandler: "CustomAuthentication" was not authenticated. Failure message: "Invalid token."
[2025-02-17 04:52:53.756 +00:00] [INF] [79] Jellyfin.Api.Auth.CustomAuthenticationHandler: "CustomAuthentication" was not authenticated. Failure message: "Invalid token."
[2025-02-17 04:52:53.756 +00:00] [INF] [79] Jellyfin.Api.Auth.CustomAuthenticationHandler: AuthenticationScheme: "CustomAuthentication" was challenged.
[2025-02-17 04:53:03.751 +00:00] [INF] [79] Jellyfin.Api.Auth.CustomAuthenticationHandler: "CustomAuthentication" was not authenticated. Failure message: "Invalid token."
[2025-02-17 04:53:03.751 +00:00] [INF] [79] Jellyfin.Api.Auth.CustomAuthenticationHandler: "CustomAuthentication" was not authenticated. Failure message: "Invalid token."
[2025-02-17 04:53:03.751 +00:00] [INF] [79] Jellyfin.Api.Auth.CustomAuthenticationHandler: AuthenticationScheme: "CustomAuthentication" was challenged.
[2025-02-17 04:53:13.751 +00:00] [INF] [79] Jellyfin.Api.Auth.CustomAuthenticationHandler: "CustomAuthentication" was not authenticated. Failure message: "Invalid token."
[2025-02-17 04:53:13.751 +00:00] [INF] [79] Jellyfin.Api.Auth.CustomAuthenticationHandler: "CustomAuthentication" was not authenticated. Failure message: "Invalid token."
[2025-02-17 04:53:13.751 +00:00] [INF] [79] Jellyfin.Api.Auth.CustomAuthenticationHandler: AuthenticationScheme: "CustomAuthentication" was challenged.
[2025-02-17 04:53:23.756 +00:00] [INF] [73] Jellyfin.Api.Auth.CustomAuthenticationHandler: "CustomAuthentication" was not authenticated. Failure message: "Invalid token."
[2025-02-17 04:53:23.756 +00:00] [INF] [73] Jellyfin.Api.Auth.CustomAuthenticationHandler: "CustomAuthentication" was not authenticated. Failure message: "Invalid token."
[2025-02-17 04:53:23.756 +00:00] [INF] [73] Jellyfin.Api.Auth.CustomAuthenticationHandler: AuthenticationScheme: "CustomAuthentication" was challenged.
[2025-02-17 04:53:33.766 +00:00] [INF] [79] Jellyfin.Api.Auth.CustomAuthenticationHandler: "CustomAuthentication" was not authenticated. Failure message: "Invalid token."
[2025-02-17 04:53:33.766 +00:00] [INF] [79] Jellyfin.Api.Auth.CustomAuthenticationHandler: "CustomAuthentication" was not authenticated. Failure message: "Invalid token."
[2025-02-17 04:53:33.766 +00:00] [INF] [79] Jellyfin.Api.Auth.CustomAuthenticationHandler: AuthenticationScheme: "CustomAuthentication" was challenged.
[2025-02-17 04:53:43.758 +00:00] [INF] [79] Jellyfin.Api.Auth.CustomAuthenticationHandler: "CustomAuthentication" was not authenticated. Failure message: "Invalid token."
[2025-02-17 04:53:43.758 +00:00] [INF] [79] Jellyfin.Api.Auth.CustomAuthenticationHandler: "CustomAuthentication" was not authenticated. Failure message: "Invalid token."
[2025-02-17 04:53:43.758 +00:00] [INF] [79] Jellyfin.Api.Auth.CustomAuthenticationHandler: AuthenticationScheme: "CustomAuthentication" was challenged.
[2025-02-17 04:53:53.759 +00:00] [INF] [50] Jellyfin.Api.Auth.CustomAuthenticationHandler: "CustomAuthentication" was not authenticated. Failure message: "Invalid token."
[2025-02-17 04:53:53.759 +00:00] [INF] [50] Jellyfin.Api.Auth.CustomAuthenticationHandler: "CustomAuthentication" was not authenticated. Failure message: "Invalid token."
[2025-02-17 04:53:53.759 +00:00] [INF] [50] Jellyfin.Api.Auth.CustomAuthenticationHandler: AuthenticationScheme: "CustomAuthentication" was challenged.
[2025-02-17 04:54:03.758 +00:00] [INF] [73] Jellyfin.Api.Auth.CustomAuthenticationHandler: "CustomAuthentication" was not authenticated. Failure message: "Invalid token."
[2025-02-17 04:54:03.758 +00:00] [INF] [73] Jellyfin.Api.Auth.CustomAuthenticationHandler: "CustomAuthentication" was not authenticated. Failure message: "Invalid token."
[2025-02-17 04:54:03.758 +00:00] [INF] [73] Jellyfin.Api.Auth.CustomAuthenticationHandler: AuthenticationScheme: "CustomAuthentication" was challenged.
[2025-02-17 04:54:13.756 +00:00] [INF] [17] Jellyfin.Api.Auth.CustomAuthenticationHandler: "CustomAuthentication" was not authenticated. Failure message: "Invalid token."
[2025-02-17 04:54:13.756 +00:00] [INF] [17] Jellyfin.Api.Auth.CustomAuthenticationHandler: "CustomAuthentication" was not authenticated. Failure message: "Invalid token."
[2025-02-17 04:54:13.756 +00:00] [INF] [17] Jellyfin.Api.Auth.CustomAuthenticationHandler: AuthenticationScheme: "CustomAuthentication" was challenged.
[2025-02-17 04:54:23.753 +00:00] [INF] [73] Jellyfin.Api.Auth.CustomAuthenticationHandler: "CustomAuthentication" was not authenticated. Failure message: "Invalid token."
[2025-02-17 04:54:23.754 +00:00] [INF] [73] Jellyfin.Api.Auth.CustomAuthenticationHandler: "CustomAuthentication" was not authenticated. Failure message: "Invalid token."
[2025-02-17 04:54:23.754 +00:00] [INF] [73] Jellyfin.Api.Auth.CustomAuthenticationHandler: AuthenticationScheme: "CustomAuthentication" was challenged.
[2025-02-17 04:54:33.799 +00:00] [INF] [50] Jellyfin.Api.Auth.CustomAuthenticationHandler: "CustomAuthentication" was not authenticated. Failure message: "Invalid token."
[2025-02-17 04:54:33.800 +00:00] [INF] [50] Jellyfin.Api.Auth.CustomAuthenticationHandler: "CustomAuthentication" was not authenticated. Failure message: "Invalid token."
[2025-02-17 04:54:33.800 +00:00] [INF] [50] Jellyfin.Api.Auth.CustomAuthenticationHandler: AuthenticationScheme: "CustomAuthentication" was challenged.
[2025-02-17 04:54:43.757 +00:00] [INF] [50] Jellyfin.Api.Auth.CustomAuthenticationHandler: "CustomAuthentication" was not authenticated. Failure message: "Invalid token."
[2025-02-17 04:54:43.757 +00:00] [INF] [50] Jellyfin.Api.Auth.CustomAuthenticationHandler: "CustomAuthentication" was not authenticated. Failure message: "Invalid token."
[2025-02-17 04:54:43.757 +00:00] [INF] [50] Jellyfin.Api.Auth.CustomAuthenticationHandler: AuthenticationScheme: "CustomAuthentication" was challenged.
[2025-02-17 04:54:53.757 +00:00] [INF] [17] Jellyfin.Api.Auth.CustomAuthenticationHandler: "CustomAuthentication" was not authenticated. Failure message: "Invalid token."
[2025-02-17 04:54:53.757 +00:00] [INF] [17] Jellyfin.Api.Auth.CustomAuthenticationHandler: "CustomAuthentication" was not authenticated. Failure message: "Invalid token."
[2025-02-17 04:54:53.759 +00:00] [INF] [17] Jellyfin.Api.Auth.CustomAuthenticationHandler: AuthenticationScheme: "CustomAuthentication" was challenged.
[2025-02-17 04:55:03.787 +00:00] [INF] [50] Jellyfin.Api.Auth.CustomAuthenticationHandler: "CustomAuthentication" was not authenticated. Failure message: "Invalid token."
[2025-02-17 04:55:03.787 +00:00] [INF] [50] Jellyfin.Api.Auth.CustomAuthenticationHandler: "CustomAuthentication" was not authenticated. Failure message: "Invalid token."
[2025-02-17 04:55:03.787 +00:00] [INF] [50] Jellyfin.Api.Auth.CustomAuthenticationHandler: AuthenticationScheme: "CustomAuthentication" was challenged.
[2025-02-17 04:55:13.758 +00:00] [INF] [50] Jellyfin.Api.Auth.CustomAuthenticationHandler: "CustomAuthentication" was not authenticated. Failure message: "Invalid token."
[2025-02-17 04:55:13.759 +00:00] [INF] [50] Jellyfin.Api.Auth.CustomAuthenticationHandler: "CustomAuthentication" was not authenticated. Failure message: "Invalid token."
[2025-02-17 04:55:13.759 +00:00] [INF] [50] Jellyfin.Api.Auth.CustomAuthenticationHandler: AuthenticationScheme: "CustomAuthentication" was challenged.
[2025-02-17 04:55:23.757 +00:00] [INF] [79] Jellyfin.Api.Auth.CustomAuthenticationHandler: "CustomAuthentication" was not authenticated. Failure message: "Invalid token."
[2025-02-17 04:55:23.757 +00:00] [INF] [79] Jellyfin.Api.Auth.CustomAuthenticationHandler: "CustomAuthentication" was not authenticated. Failure message: "Invalid token."
[2025-02-17 04:55:23.757 +00:00] [INF] [79] Jellyfin.Api.Auth.CustomAuthenticationHandler: AuthenticationScheme: "CustomAuthentication" was challenged.
[2025-02-17 04:55:33.754 +00:00] [INF] [26] Jellyfin.Api.Auth.CustomAuthenticationHandler: "CustomAuthentication" was not authenticated. Failure message: "Invalid token."
[2025-02-17 04:55:33.757 +00:00] [INF] [26] Jellyfin.Api.Auth.CustomAuthenticationHandler: "CustomAuthentication" was not authenticated. Failure message: "Invalid token."
[2025-02-17 04:55:33.758 +00:00] [INF] [26] Jellyfin.Api.Auth.CustomAuthenticationHandler: AuthenticationScheme: "CustomAuthentication" was challenged.
[2025-02-17 04:55:43.754 +00:00] [INF] [80] Jellyfin.Api.Auth.CustomAuthenticationHandler: "CustomAuthentication" was not authenticated. Failure message: "Invalid token."
[2025-02-17 04:55:43.755 +00:00] [INF] [80] Jellyfin.Api.Auth.CustomAuthenticationHandler: "CustomAuthentication" was not authenticated. Failure message: "Invalid token."
[2025-02-17 04:55:43.755 +00:00] [INF] [80] Jellyfin.Api.Auth.CustomAuthenticationHandler: AuthenticationScheme: "CustomAuthentication" was challenged.
[2025-02-17 04:55:53.764 +00:00] [INF] [80] Jellyfin.Api.Auth.CustomAuthenticationHandler: "CustomAuthentication" was not authenticated. Failure message: "Invalid token."
[2025-02-17 04:55:53.764 +00:00] [INF] [80] Jellyfin.Api.Auth.CustomAuthenticationHandler: "CustomAuthentication" was not authenticated. Failure message: "Invalid token."
[2025-02-17 04:55:53.765 +00:00] [INF] [80] Jellyfin.Api.Auth.CustomAuthenticationHandler: AuthenticationScheme: "CustomAuthentication" was challenged.
[2025-02-17 04:56:03.756 +00:00] [INF] [20] Jellyfin.Api.Auth.CustomAuthenticationHandler: "CustomAuthentication" was not authenticated. Failure message: "Invalid token."
[2025-02-17 04:56:03.756 +00:00] [INF] [20] Jellyfin.Api.Auth.CustomAuthenticationHandler: "CustomAuthentication" was not authenticated. Failure message: "Invalid token."
[2025-02-17 04:56:03.756 +00:00] [INF] [20] Jellyfin.Api.Auth.CustomAuthenticationHandler: AuthenticationScheme: "CustomAuthentication" was challenged.
[2025-02-17 04:56:13.763 +00:00] [INF] [20] Jellyfin.Api.Auth.CustomAuthenticationHandler: "CustomAuthentication" was not authenticated. Failure message: "Invalid token."
[2025-02-17 04:56:13.763 +00:00] [INF] [20] Jellyfin.Api.Auth.CustomAuthenticationHandler: "CustomAuthentication" was not authenticated. Failure message: "Invalid token."
[2025-02-17 04:56:13.763 +00:00] [INF] [20] Jellyfin.Api.Auth.CustomAuthenticationHandler: AuthenticationScheme: "CustomAuthentication" was challenged.
[2025-02-17 04:56:23.761 +00:00] [INF] [20] Jellyfin.Api.Auth.CustomAuthenticationHandler: "CustomAuthentication" was not authenticated. Failure message: "Invalid token."
[2025-02-17 04:56:23.762 +00:00] [INF] [20] Jellyfin.Api.Auth.CustomAuthenticationHandler: "CustomAuthentication" was not authenticated. Failure message: "Invalid token."
[2025-02-17 04:56:23.762 +00:00] [INF] [20] Jellyfin.Api.Auth.CustomAuthenticationHandler: AuthenticationScheme: "CustomAuthentication" was challenged.
[2025-02-17 04:56:33.755 +00:00] [INF] [26] Jellyfin.Api.Auth.CustomAuthenticationHandler: "CustomAuthentication" was not authenticated. Failure message: "Invalid token."
[2025-02-17 04:56:33.755 +00:00] [INF] [26] Jellyfin.Api.Auth.CustomAuthenticationHandler: "CustomAuthentication" was not authenticated. Failure message: "Invalid token."
[2025-02-17 04:56:33.755 +00:00] [INF] [26] Jellyfin.Api.Auth.CustomAuthenticationHandler: AuthenticationScheme: "CustomAuthentication" was challenged.
[2025-02-17 04:56:43.758 +00:00] [INF] [26] Jellyfin.Api.Auth.CustomAuthenticationHandler: "CustomAuthentication" was not authenticated. Failure message: "Invalid token."
[2025-02-17 04:56:43.758 +00:00] [INF] [26] Jellyfin.Api.Auth.CustomAuthenticationHandler: "CustomAuthentication" was not authenticated. Failure message: "Invalid token."
[2025-02-17 04:56:43.758 +00:00] [INF] [26] Jellyfin.Api.Auth.CustomAuthenticationHandler: AuthenticationScheme: "CustomAuthentication" was challenged.
[2025-02-17 04:56:53.759 +00:00] [INF] [20] Jellyfin.Api.Auth.CustomAuthenticationHandler: "CustomAuthentication" was not authenticated. Failure message: "Invalid token."
[2025-02-17 04:56:53.759 +00:00] [INF] [20] Jellyfin.Api.Auth.CustomAuthenticationHandler: "CustomAuthentication" was not authenticated. Failure message: "Invalid token."
[2025-02-17 04:56:53.759 +00:00] [INF] [20] Jellyfin.Api.Auth.CustomAuthenticationHandler: AuthenticationScheme: "CustomAuthentication" was challenged.
[2025-02-17 04:57:03.762 +00:00] [INF] [62] Jellyfin.Api.Auth.CustomAuthenticationHandler: "CustomAuthentication" was not authenticated. Failure message: "Invalid token."
[2025-02-17 04:57:03.762 +00:00] [INF] [62] Jellyfin.Api.Auth.CustomAuthenticationHandler: "CustomAuthentication" was not authenticated. Failure message: "Invalid token."
[2025-02-17 04:57:03.762 +00:00] [INF] [62] Jellyfin.Api.Auth.CustomAuthenticationHandler: AuthenticationScheme: "CustomAuthentication" was challenged.
[2025-02-17 04:57:13.763 +00:00] [INF] [62] Jellyfin.Api.Auth.CustomAuthenticationHandler: "CustomAuthentication" was not authenticated. Failure message: "Invalid token."
[2025-02-17 04:57:13.763 +00:00] [INF] [62] Jellyfin.Api.Auth.CustomAuthenticationHandler: "CustomAuthentication" was not authenticated. Failure message: "Invalid token."
[2025-02-17 04:57:13.763 +00:00] [INF] [62] Jellyfin.Api.Auth.CustomAuthenticationHandler: AuthenticationScheme: "CustomAuthentication" was challenged.
[2025-02-17 04:57:23.755 +00:00] [INF] [62] Jellyfin.Api.Auth.CustomAuthenticationHandler: "CustomAuthentication" was not authenticated. Failure message: "Invalid token."
[2025-02-17 04:57:23.755 +00:00] [INF] [62] Jellyfin.Api.Auth.CustomAuthenticationHandler: "CustomAuthentication" was not authenticated. Failure message: "Invalid token."
[2025-02-17 04:57:23.756 +00:00] [INF] [62] Jellyfin.Api.Auth.CustomAuthenticationHandler: AuthenticationScheme: "CustomAuthentication" was challenged.
[2025-02-17 04:57:33.763 +00:00] [INF] [26] Jellyfin.Api.Auth.CustomAuthenticationHandler: "CustomAuthentication" was not authenticated. Failure message: "Invalid token."
[2025-02-17 04:57:33.763 +00:00] [INF] [26] Jellyfin.Api.Auth.CustomAuthenticationHandler: "CustomAuthentication" was not authenticated. Failure message: "Invalid token."
[2025-02-17 04:57:33.763 +00:00] [INF] [26] Jellyfin.Api.Auth.CustomAuthenticationHandler: AuthenticationScheme: "CustomAuthentication" was challenged.
[2025-02-17 04:57:43.790 +00:00] [INF] [20] Jellyfin.Api.Auth.CustomAuthenticationHandler: "CustomAuthentication" was not authenticated. Failure message: "Invalid token."
[2025-02-17 04:57:43.790 +00:00] [INF] [20] Jellyfin.Api.Auth.CustomAuthenticationHandler: "CustomAuthentication" was not authenticated. Failure message: "Invalid token."
[2025-02-17 04:57:43.790 +00:00] [INF] [20] Jellyfin.Api.Auth.CustomAuthenticationHandler: AuthenticationScheme: "CustomAuthentication" was challenged.
[2025-02-17 04:57:53.757 +00:00] [INF] [20] Jellyfin.Api.Auth.CustomAuthenticationHandler: "CustomAuthentication" was not authenticated. Failure message: "Invalid token."
[2025-02-17 04:57:53.757 +00:00] [INF] [20] Jellyfin.Api.Auth.CustomAuthenticationHandler: "CustomAuthentication" was not authenticated. Failure message: "Invalid token."
[2025-02-17 04:57:53.758 +00:00] [INF] [20] Jellyfin.Api.Auth.CustomAuthenticationHandler: AuthenticationScheme: "CustomAuthentication" was challenged.
[2025-02-17 04:58:03.758 +00:00] [INF] [20] Jellyfin.Api.Auth.CustomAuthenticationHandler: "CustomAuthentication" was not authenticated. Failure message: "Invalid token."
[2025-02-17 04:58:03.758 +00:00] [INF] [20] Jellyfin.Api.Auth.CustomAuthenticationHandler: "CustomAuthentication" was not authenticated. Failure message: "Invalid token."
[2025-02-17 04:58:03.758 +00:00] [INF] [20] Jellyfin.Api.Auth.CustomAuthenticationHandler: AuthenticationScheme: "CustomAuthentication" was challenged.
[2025-02-17 04:58:13.751 +00:00] [INF] [20] Jellyfin.Api.Auth.CustomAuthenticationHandler: "CustomAuthentication" was not authenticated. Failure message: "Invalid token."
[2025-02-17 04:58:13.752 +00:00] [INF] [20] Jellyfin.Api.Auth.CustomAuthenticationHandler: "CustomAuthentication" was not authenticated. Failure message: "Invalid token."
[2025-02-17 04:58:13.752 +00:00] [INF] [20] Jellyfin.Api.Auth.CustomAuthenticationHandler: AuthenticationScheme: "CustomAuthentication" was challenged.
[2025-02-17 04:58:23.759 +00:00] [INF] [26] Jellyfin.Api.Auth.CustomAuthenticationHandler: "CustomAuthentication" was not authenticated. Failure message: "Invalid token."
[2025-02-17 04:58:23.760 +00:00] [INF] [26] Jellyfin.Api.Auth.CustomAuthenticationHandler: "CustomAuthentication" was not authenticated. Failure message: "Invalid token."
[2025-02-17 04:58:23.760 +00:00] [INF] [26] Jellyfin.Api.Auth.CustomAuthenticationHandler: AuthenticationScheme: "CustomAuthentication" was challenged.
[2025-02-17 04:58:33.756 +00:00] [INF] [26] Jellyfin.Api.Auth.CustomAuthenticationHandler: "CustomAuthentication" was not authenticated. Failure message: "Invalid token."
[2025-02-17 04:58:33.756 +00:00] [INF] [26] Jellyfin.Api.Auth.CustomAuthenticationHandler: "CustomAuthentication" was not authenticated. Failure message: "Invalid token."
[2025-02-17 04:58:33.756 +00:00] [INF] [26] Jellyfin.Api.Auth.CustomAuthenticationHandler: AuthenticationScheme: "CustomAuthentication" was challenged.
[2025-02-17 04:58:43.757 +00:00] [INF] [26] Jellyfin.Api.Auth.CustomAuthenticationHandler: "CustomAuthentication" was not authenticated. Failure message: "Invalid token."
[2025-02-17 04:58:43.757 +00:00] [INF] [26] Jellyfin.Api.Auth.CustomAuthenticationHandler: "CustomAuthentication" was not authenticated. Failure message: "Invalid token."
[2025-02-17 04:58:43.757 +00:00] [INF] [26] Jellyfin.Api.Auth.CustomAuthenticationHandler: AuthenticationScheme: "CustomAuthentication" was challenged.
[2025-02-17 04:58:53.751 +00:00] [INF] [41] Jellyfin.Api.Auth.CustomAuthenticationHandler: "CustomAuthentication" was not authenticated. Failure message: "Invalid token."
[2025-02-17 04:58:53.751 +00:00] [INF] [41] Jellyfin.Api.Auth.CustomAuthenticationHandler: "CustomAuthentication" was not authenticated. Failure message: "Invalid token."
[2025-02-17 04:58:53.751 +00:00] [INF] [41] Jellyfin.Api.Auth.CustomAuthenticationHandler: AuthenticationScheme: "CustomAuthentication" was challenged.
[2025-02-17 04:59:03.773 +00:00] [INF] [20] Jellyfin.Api.Auth.CustomAuthenticationHandler: "CustomAuthentication" was not authenticated. Failure message: "Invalid token."
[2025-02-17 04:59:03.773 +00:00] [INF] [20] Jellyfin.Api.Auth.CustomAuthenticationHandler: "CustomAuthentication" was not authenticated. Failure message: "Invalid token."
[2025-02-17 04:59:03.773 +00:00] [INF] [20] Jellyfin.Api.Auth.CustomAuthenticationHandler: AuthenticationScheme: "CustomAuthentication" was challenged.
[2025-02-17 04:59:13.755 +00:00] [INF] [20] Jellyfin.Api.Auth.CustomAuthenticationHandler: "CustomAuthentication" was not authenticated. Failure message: "Invalid token."
[2025-02-17 04:59:13.756 +00:00] [INF] [20] Jellyfin.Api.Auth.CustomAuthenticationHandler: "CustomAuthentication" was not authenticated. Failure message: "Invalid token."
[2025-02-17 04:59:13.756 +00:00] [INF] [20] Jellyfin.Api.Auth.CustomAuthenticationHandler: AuthenticationScheme: "CustomAuthentication" was challenged.
[2025-02-17 04:59:23.751 +00:00] [INF] [41] Jellyfin.Api.Auth.CustomAuthenticationHandler: "CustomAuthentication" was not authenticated. Failure message: "Invalid token."
[2025-02-17 04:59:23.751 +00:00] [INF] [41] Jellyfin.Api.Auth.CustomAuthenticationHandler: "CustomAuthentication" was not authenticated. Failure message: "Invalid token."
[2025-02-17 04:59:23.751 +00:00] [INF] [41] Jellyfin.Api.Auth.CustomAuthenticationHandler: AuthenticationScheme: "CustomAuthentication" was challenged.
[2025-02-17 04:59:33.773 +00:00] [INF] [41] Jellyfin.Api.Auth.CustomAuthenticationHandler: "CustomAuthentication" was not authenticated. Failure message: "Invalid token."
[2025-02-17 04:59:33.774 +00:00] [INF] [41] Jellyfin.Api.Auth.CustomAuthenticationHandler: "CustomAuthentication" was not authenticated. Failure message: "Invalid token."
[2025-02-17 04:59:33.774 +00:00] [INF] [41] Jellyfin.Api.Auth.CustomAuthenticationHandler: AuthenticationScheme: "CustomAuthentication" was challenged.
[2025-02-17 04:59:43.759 +00:00] [INF] [42] Jellyfin.Api.Auth.CustomAuthenticationHandler: "CustomAuthentication" was not authenticated. Failure message: "Invalid token."
[2025-02-17 04:59:43.759 +00:00] [INF] [42] Jellyfin.Api.Auth.CustomAuthenticationHandler: "CustomAuthentication" was not authenticated. Failure message: "Invalid token."
[2025-02-17 04:59:43.759 +00:00] [INF] [42] Jellyfin.Api.Auth.CustomAuthenticationHandler: AuthenticationScheme: "CustomAuthentication" was challenged.
[2025-02-17 04:59:53.755 +00:00] [INF] [42] Jellyfin.Api.Auth.CustomAuthenticationHandler: "CustomAuthentication" was not authenticated. Failure message: "Invalid token."
[2025-02-17 04:59:53.755 +00:00] [INF] [42] Jellyfin.Api.Auth.CustomAuthenticationHandler: "CustomAuthentication" was not authenticated. Failure message: "Invalid token."
[2025-02-17 04:59:53.755 +00:00] [INF] [42] Jellyfin.Api.Auth.CustomAuthenticationHandler: AuthenticationScheme: "CustomAuthentication" was challenged.
[2025-02-17 05:00:03.760 +00:00] [INF] [57] Jellyfin.Api.Auth.CustomAuthenticationHandler: "CustomAuthentication" was not authenticated. Failure message: "Invalid token."
[2025-02-17 05:00:03.760 +00:00] [INF] [57] Jellyfin.Api.Auth.CustomAuthenticationHandler: "CustomAuthentication" was not authenticated. Failure message: "Invalid token."
[2025-02-17 05:00:03.760 +00:00] [INF] [57] Jellyfin.Api.Auth.CustomAuthenticationHandler: AuthenticationScheme: "CustomAuthentication" was challenged.
[2025-02-17 05:00:13.759 +00:00] [INF] [57] Jellyfin.Api.Auth.CustomAuthenticationHandler: "CustomAuthentication" was not authenticated. Failure message: "Invalid token."
[2025-02-17 05:00:13.759 +00:00] [INF] [57] Jellyfin.Api.Auth.CustomAuthenticationHandler: "CustomAuthentication" was not authenticated. Failure message: "Invalid token."
[2025-02-17 05:00:13.759 +00:00] [INF] [57] Jellyfin.Api.Auth.CustomAuthenticationHandler: AuthenticationScheme: "CustomAuthentication" was challenged.
[2025-02-17 05:00:23.771 +00:00] [INF] [45] Jellyfin.Api.Auth.CustomAuthenticationHandler: "CustomAuthentication" was not authenticated. Failure message: "Invalid token."
[2025-02-17 05:00:23.771 +00:00] [INF] [45] Jellyfin.Api.Auth.CustomAuthenticationHandler: "CustomAuthentication" was not authenticated. Failure message: "Invalid token."
[2025-02-17 05:00:23.771 +00:00] [INF] [45] Jellyfin.Api.Auth.CustomAuthenticationHandler: AuthenticationScheme: "CustomAuthentication" was challenged.
[2025-02-17 05:00:33.758 +00:00] [INF] [41] Jellyfin.Api.Auth.CustomAuthenticationHandler: "CustomAuthentication" was not authenticated. Failure message: "Invalid token."
[2025-02-17 05:00:33.759 +00:00] [INF] [41] Jellyfin.Api.Auth.CustomAuthenticationHandler: "CustomAuthentication" was not authenticated. Failure message: "Invalid token."
[2025-02-17 05:00:33.759 +00:00] [INF] [41] Jellyfin.Api.Auth.CustomAuthenticationHandler: AuthenticationScheme: "CustomAuthentication" was challenged.
[2025-02-17 05:00:43.754 +00:00] [INF] [45] Jellyfin.Api.Auth.CustomAuthenticationHandler: "CustomAuthentication" was not authenticated. Failure message: "Invalid token."
[2025-02-17 05:00:43.754 +00:00] [INF] [45] Jellyfin.Api.Auth.CustomAuthenticationHandler: "CustomAuthentication" was not authenticated. Failure message: "Invalid token."
[2025-02-17 05:00:43.755 +00:00] [INF] [45] Jellyfin.Api.Auth.CustomAuthenticationHandler: AuthenticationScheme: "CustomAuthentication" was challenged.
[2025-02-17 05:00:53.757 +00:00] [INF] [22] Jellyfin.Api.Auth.CustomAuthenticationHandler: "CustomAuthentication" was not authenticated. Failure message: "Invalid token."
[2025-02-17 05:00:53.758 +00:00] [INF] [22] Jellyfin.Api.Auth.CustomAuthenticationHandler: "CustomAuthentication" was not authenticated. Failure message: "Invalid token."
[2025-02-17 05:00:53.758 +00:00] [INF] [22] Jellyfin.Api.Auth.CustomAuthenticationHandler: AuthenticationScheme: "CustomAuthentication" was challenged.
[2025-02-17 05:01:03.762 +00:00] [INF] [22] Jellyfin.Api.Auth.CustomAuthenticationHandler: "CustomAuthentication" was not authenticated. Failure message: "Invalid token."
[2025-02-17 05:01:03.763 +00:00] [INF] [22] Jellyfin.Api.Auth.CustomAuthenticationHandler: "CustomAuthentication" was not authenticated. Failure message: "Invalid token."
[2025-02-17 05:01:03.763 +00:00] [INF] [22] Jellyfin.Api.Auth.CustomAuthenticationHandler: AuthenticationScheme: "CustomAuthentication" was challenged.
[2025-02-17 05:01:13.758 +00:00] [INF] [22] Jellyfin.Api.Auth.CustomAuthenticationHandler: "CustomAuthentication" was not authenticated. Failure message: "Invalid token."
[2025-02-17 05:01:13.758 +00:00] [INF] [22] Jellyfin.Api.Auth.CustomAuthenticationHandler: "CustomAuthentication" was not authenticated. Failure message: "Invalid token."
[2025-02-17 05:01:13.758 +00:00] [INF] [22] Jellyfin.Api.Auth.CustomAuthenticationHandler: AuthenticationScheme: "CustomAuthentication" was challenged.
[2025-02-17 05:01:23.752 +00:00] [INF] [41] Jellyfin.Api.Auth.CustomAuthenticationHandler: "CustomAuthentication" was not authenticated. Failure message: "Invalid token."
[2025-02-17 05:01:23.753 +00:00] [INF] [41] Jellyfin.Api.Auth.CustomAuthenticationHandler: "CustomAuthentication" was not authenticated. Failure message: "Invalid token."
[2025-02-17 05:01:23.753 +00:00] [INF] [41] Jellyfin.Api.Auth.CustomAuthenticationHandler: AuthenticationScheme: "CustomAuthentication" was challenged.
[2025-02-17 05:01:33.757 +00:00] [INF] [22] Jellyfin.Api.Auth.CustomAuthenticationHandler: "CustomAuthentication" was not authenticated. Failure message: "Invalid token."
[2025-02-17 05:01:33.757 +00:00] [INF] [22] Jellyfin.Api.Auth.CustomAuthenticationHandler: "CustomAuthentication" was not authenticated. Failure message: "Invalid token."
[2025-02-17 05:01:33.757 +00:00] [INF] [22] Jellyfin.Api.Auth.CustomAuthenticationHandler: AuthenticationScheme: "CustomAuthentication" was challenged.
[2025-02-17 05:01:43.758 +00:00] [INF] [41] Jellyfin.Api.Auth.CustomAuthenticationHandler: "CustomAuthentication" was not authenticated. Failure message: "Invalid token."
[2025-02-17 05:01:43.759 +00:00] [INF] [41] Jellyfin.Api.Auth.CustomAuthenticationHandler: "CustomAuthentication" was not authenticated. Failure message: "Invalid token."
[2025-02-17 05:01:43.759 +00:00] [INF] [41] Jellyfin.Api.Auth.CustomAuthenticationHandler: AuthenticationScheme: "CustomAuthentication" was challenged.
[2025-02-17 05:01:53.760 +00:00] [INF] [41] Jellyfin.Api.Auth.CustomAuthenticationHandler: "CustomAuthentication" was not authenticated. Failure message: "Invalid token."
[2025-02-17 05:01:53.760 +00:00] [INF] [41] Jellyfin.Api.Auth.CustomAuthenticationHandler: "CustomAuthentication" was not authenticated. Failure message: "Invalid token."
[2025-02-17 05:01:53.760 +00:00] [INF] [41] Jellyfin.Api.Auth.CustomAuthenticationHandler: AuthenticationScheme: "CustomAuthentication" was challenged.
[2025-02-17 05:02:03.750 +00:00] [INF] [22] Jellyfin.Api.Auth.CustomAuthenticationHandler: "CustomAuthentication" was not authenticated. Failure message: "Invalid token."
[2025-02-17 05:02:03.750 +00:00] [INF] [22] Jellyfin.Api.Auth.CustomAuthenticationHandler: "CustomAuthentication" was not authenticated. Failure message: "Invalid token."
[2025-02-17 05:02:03.750 +00:00] [INF] [22] Jellyfin.Api.Auth.CustomAuthenticationHandler: AuthenticationScheme: "CustomAuthentication" was challenged.
[2025-02-17 05:02:13.764 +00:00] [INF] [22] Jellyfin.Api.Auth.CustomAuthenticationHandler: "CustomAuthentication" was not authenticated. Failure message: "Invalid token."
[2025-02-17 05:02:13.765 +00:00] [INF] [22] Jellyfin.Api.Auth.CustomAuthenticationHandler: "CustomAuthentication" was not authenticated. Failure message: "Invalid token."
[2025-02-17 05:02:13.765 +00:00] [INF] [22] Jellyfin.Api.Auth.CustomAuthenticationHandler: AuthenticationScheme: "CustomAuthentication" was challenged.
[2025-02-17 05:02:23.755 +00:00] [INF] [22] Jellyfin.Api.Auth.CustomAuthenticationHandler: "CustomAuthentication" was not authenticated. Failure message: "Invalid token."
[2025-02-17 05:02:23.755 +00:00] [INF] [22] Jellyfin.Api.Auth.CustomAuthenticationHandler: "CustomAuthentication" was not authenticated. Failure message: "Invalid token."
[2025-02-17 05:02:23.755 +00:00] [INF] [22] Jellyfin.Api.Auth.CustomAuthenticationHandler: AuthenticationScheme: "CustomAuthentication" was challenged.
[2025-02-17 05:02:33.753 +00:00] [INF] [22] Jellyfin.Api.Auth.CustomAuthenticationHandler: "CustomAuthentication" was not authenticated. Failure message: "Invalid token."
[2025-02-17 05:02:33.753 +00:00] [INF] [22] Jellyfin.Api.Auth.CustomAuthenticationHandler: "CustomAuthentication" was not authenticated. Failure message: "Invalid token."
[2025-02-17 05:02:33.753 +00:00] [INF] [22] Jellyfin.Api.Auth.CustomAuthenticationHandler: AuthenticationScheme: "CustomAuthentication" was challenged.
[2025-02-17 05:02:43.758 +00:00] [INF] [45] Jellyfin.Api.Auth.CustomAuthenticationHandler: "CustomAuthentication" was not authenticated. Failure message: "Invalid token."
[2025-02-17 05:02:43.758 +00:00] [INF] [45] Jellyfin.Api.Auth.CustomAuthenticationHandler: "CustomAuthentication" was not authenticated. Failure message: "Invalid token."
[2025-02-17 05:02:43.758 +00:00] [INF] [45] Jellyfin.Api.Auth.CustomAuthenticationHandler: AuthenticationScheme: "CustomAuthentication" was challenged.
[2025-02-17 05:02:55.860 +00:00] [INF] [45] Jellyfin.Api.Auth.CustomAuthenticationHandler: "CustomAuthentication" was not authenticated. Failure message: "Invalid token."
[2025-02-17 05:02:55.861 +00:00] [INF] [45] Jellyfin.Api.Auth.CustomAuthenticationHandler: "CustomAuthentication" was not authenticated. Failure message: "Invalid token."
[2025-02-17 05:02:55.861 +00:00] [INF] [45] Jellyfin.Api.Auth.CustomAuthenticationHandler: AuthenticationScheme: "CustomAuthentication" was challenged.
[2025-02-17 05:03:05.774 +00:00] [INF] [62] Jellyfin.Api.Auth.CustomAuthenticationHandler: "CustomAuthentication" was not authenticated. Failure message: "Invalid token."
[2025-02-17 05:03:05.774 +00:00] [INF] [62] Jellyfin.Api.Auth.CustomAuthenticationHandler: "CustomAuthentication" was not authenticated. Failure message: "Invalid token."
[2025-02-17 05:03:05.774 +00:00] [INF] [62] Jellyfin.Api.Auth.CustomAuthenticationHandler: AuthenticationScheme: "CustomAuthentication" was challenged.
[2025-02-17 05:03:15.774 +00:00] [INF] [62] Jellyfin.Api.Auth.CustomAuthenticationHandler: "CustomAuthentication" was not authenticated. Failure message: "Invalid token."
[2025-02-17 05:03:15.774 +00:00] [INF] [62] Jellyfin.Api.Auth.CustomAuthenticationHandler: "CustomAuthentication" was not authenticated. Failure message: "Invalid token."
[2025-02-17 05:03:15.774 +00:00] [INF] [62] Jellyfin.Api.Auth.CustomAuthenticationHandler: AuthenticationScheme: "CustomAuthentication" was challenged.
[2025-02-17 05:03:25.762 +00:00] [INF] [20] Jellyfin.Api.Auth.CustomAuthenticationHandler: "CustomAuthentication" was not authenticated. Failure message: "Invalid token."
[2025-02-17 05:03:25.762 +00:00] [INF] [20] Jellyfin.Api.Auth.CustomAuthenticationHandler: "CustomAuthentication" was not authenticated. Failure message: "Invalid token."
[2025-02-17 05:03:25.763 +00:00] [INF] [20] Jellyfin.Api.Auth.CustomAuthenticationHandler: AuthenticationScheme: "CustomAuthentication" was challenged.
[2025-02-17 05:03:35.761 +00:00] [INF] [20] Jellyfin.Api.Auth.CustomAuthenticationHandler: "CustomAuthentication" was not authenticated. Failure message: "Invalid token."
[2025-02-17 05:03:35.762 +00:00] [INF] [20] Jellyfin.Api.Auth.CustomAuthenticationHandler: "CustomAuthentication" was not authenticated. Failure message: "Invalid token."
[2025-02-17 05:03:35.762 +00:00] [INF] [20] Jellyfin.Api.Auth.CustomAuthenticationHandler: AuthenticationScheme: "CustomAuthentication" was challenged.
[2025-02-17 05:03:45.758 +00:00] [INF] [20] Jellyfin.Api.Auth.CustomAuthenticationHandler: "CustomAuthentication" was not authenticated. Failure message: "Invalid token."
[2025-02-17 05:03:45.758 +00:00] [INF] [20] Jellyfin.Api.Auth.CustomAuthenticationHandler: "CustomAuthentication" was not authenticated. Failure message: "Invalid token."
[2025-02-17 05:03:45.758 +00:00] [INF] [20] Jellyfin.Api.Auth.CustomAuthenticationHandler: AuthenticationScheme: "CustomAuthentication" was challenged.
[2025-02-17 05:03:55.763 +00:00] [INF] [22] Jellyfin.Api.Auth.CustomAuthenticationHandler: "CustomAuthentication" was not authenticated. Failure message: "Invalid token."
[2025-02-17 05:03:55.763 +00:00] [INF] [22] Jellyfin.Api.Auth.CustomAuthenticationHandler: "CustomAuthentication" was not authenticated. Failure message: "Invalid token."
[2025-02-17 05:03:55.763 +00:00] [INF] [22] Jellyfin.Api.Auth.CustomAuthenticationHandler: AuthenticationScheme: "CustomAuthentication" was challenged.
[2025-02-17 05:04:05.765 +00:00] [INF] [22] Jellyfin.Api.Auth.CustomAuthenticationHandler: "CustomAuthentication" was not authenticated. Failure message: "Invalid token."
[2025-02-17 05:04:05.765 +00:00] [INF] [22] Jellyfin.Api.Auth.CustomAuthenticationHandler: "CustomAuthentication" was not authenticated. Failure message: "Invalid token."
[2025-02-17 05:04:05.765 +00:00] [INF] [22] Jellyfin.Api.Auth.CustomAuthenticationHandler: AuthenticationScheme: "CustomAuthentication" was challenged.
[2025-02-17 05:04:15.766 +00:00] [INF] [20] Jellyfin.Api.Auth.CustomAuthenticationHandler: "CustomAuthentication" was not authenticated. Failure message: "Invalid token."
[2025-02-17 05:04:15.766 +00:00] [INF] [20] Jellyfin.Api.Auth.CustomAuthenticationHandler: "CustomAuthentication" was not authenticated. Failure message: "Invalid token."
[2025-02-17 05:04:15.766 +00:00] [INF] [20] Jellyfin.Api.Auth.CustomAuthenticationHandler: AuthenticationScheme: "CustomAuthentication" was challenged.
[2025-02-17 05:04:25.759 +00:00] [INF] [62] Jellyfin.Api.Auth.CustomAuthenticationHandler: "CustomAuthentication" was not authenticated. Failure message: "Invalid token."
[2025-02-17 05:04:25.759 +00:00] [INF] [62] Jellyfin.Api.Auth.CustomAuthenticationHandler: "CustomAuthentication" was not authenticated. Failure message: "Invalid token."
[2025-02-17 05:04:25.759 +00:00] [INF] [62] Jellyfin.Api.Auth.CustomAuthenticationHandler: AuthenticationScheme: "CustomAuthentication" was challenged.
[2025-02-17 05:04:35.754 +00:00] [INF] [62] Jellyfin.Api.Auth.CustomAuthenticationHandler: "CustomAuthentication" was not authenticated. Failure message: "Invalid token."
[2025-02-17 05:04:35.754 +00:00] [INF] [62] Jellyfin.Api.Auth.CustomAuthenticationHandler: "CustomAuthentication" was not authenticated. Failure message: "Invalid token."
[2025-02-17 05:04:35.755 +00:00] [INF] [62] Jellyfin.Api.Auth.CustomAuthenticationHandler: AuthenticationScheme: "CustomAuthentication" was challenged.
[2025-02-17 05:04:45.752 +00:00] [INF] [20] Jellyfin.Api.Auth.CustomAuthenticationHandler: "CustomAuthentication" was not authenticated. Failure message: "Invalid token."
[2025-02-17 05:04:45.753 +00:00] [INF] [20] Jellyfin.Api.Auth.CustomAuthenticationHandler: "CustomAuthentication" was not authenticated. Failure message: "Invalid token."
[2025-02-17 05:04:45.753 +00:00] [INF] [20] Jellyfin.Api.Auth.CustomAuthenticationHandler: AuthenticationScheme: "CustomAuthentication" was challenged.
[2025-02-17 05:04:55.755 +00:00] [INF] [62] Jellyfin.Api.Auth.CustomAuthenticationHandler: "CustomAuthentication" was not authenticated. Failure message: "Invalid token."
[2025-02-17 05:04:55.755 +00:00] [INF] [62] Jellyfin.Api.Auth.CustomAuthenticationHandler: "CustomAuthentication" was not authenticated. Failure message: "Invalid token."
[2025-02-17 05:04:55.755 +00:00] [INF] [62] Jellyfin.Api.Auth.CustomAuthenticationHandler: AuthenticationScheme: "CustomAuthentication" was challenged.
[2025-02-17 05:05:05.764 +00:00] [INF] [26] Jellyfin.Api.Auth.CustomAuthenticationHandler: "CustomAuthentication" was not authenticated. Failure message: "Invalid token."
[2025-02-17 05:05:05.764 +00:00] [INF] [26] Jellyfin.Api.Auth.CustomAuthenticationHandler: "CustomAuthentication" was not authenticated. Failure message: "Invalid token."
[2025-02-17 05:05:05.764 +00:00] [INF] [26] Jellyfin.Api.Auth.CustomAuthenticationHandler: AuthenticationScheme: "CustomAuthentication" was challenged.
[2025-02-17 05:05:15.760 +00:00] [INF] [22] Jellyfin.Api.Auth.CustomAuthenticationHandler: "CustomAuthentication" was not authenticated. Failure message: "Invalid token."
[2025-02-17 05:05:15.760 +00:00] [INF] [22] Jellyfin.Api.Auth.CustomAuthenticationHandler: "CustomAuthentication" was not authenticated. Failure message: "Invalid token."
[2025-02-17 05:05:15.761 +00:00] [INF] [22] Jellyfin.Api.Auth.CustomAuthenticationHandler: AuthenticationScheme: "CustomAuthentication" was challenged.
[2025-02-17 05:05:25.749 +00:00] [INF] [22] Jellyfin.Api.Auth.CustomAuthenticationHandler: "CustomAuthentication" was not authenticated. Failure message: "Invalid token."
[2025-02-17 05:05:25.749 +00:00] [INF] [22] Jellyfin.Api.Auth.CustomAuthenticationHandler: "CustomAuthentication" was not authenticated. Failure message: "Invalid token."
[2025-02-17 05:05:25.749 +00:00] [INF] [22] Jellyfin.Api.Auth.CustomAuthenticationHandler: AuthenticationScheme: "CustomAuthentication" was challenged.
[2025-02-17 05:05:35.757 +00:00] [INF] [22] Jellyfin.Api.Auth.CustomAuthenticationHandler: "CustomAuthentication" was not authenticated. Failure message: "Invalid token."
[2025-02-17 05:05:35.757 +00:00] [INF] [22] Jellyfin.Api.Auth.CustomAuthenticationHandler: "CustomAuthentication" was not authenticated. Failure message: "Invalid token."
[2025-02-17 05:05:35.757 +00:00] [INF] [22] Jellyfin.Api.Auth.CustomAuthenticationHandler: AuthenticationScheme: "CustomAuthentication" was challenged.
[2025-02-17 05:05:45.762 +00:00] [INF] [22] Jellyfin.Api.Auth.CustomAuthenticationHandler: "CustomAuthentication" was not authenticated. Failure message: "Invalid token."
[2025-02-17 05:05:45.762 +00:00] [INF] [22] Jellyfin.Api.Auth.CustomAuthenticationHandler: "CustomAuthentication" was not authenticated. Failure message: "Invalid token."
[2025-02-17 05:05:45.762 +00:00] [INF] [22] Jellyfin.Api.Auth.CustomAuthenticationHandler: AuthenticationScheme: "CustomAuthentication" was challenged.
[2025-02-17 05:05:55.756 +00:00] [INF] [22] Jellyfin.Api.Auth.CustomAuthenticationHandler: "CustomAuthentication" was not authenticated. Failure message: "Invalid token."
[2025-02-17 05:05:55.756 +00:00] [INF] [22] Jellyfin.Api.Auth.CustomAuthenticationHandler: "CustomAuthentication" was not authenticated. Failure message: "Invalid token."
[2025-02-17 05:05:55.757 +00:00] [INF] [22] Jellyfin.Api.Auth.CustomAuthenticationHandler: AuthenticationScheme: "CustomAuthentication" was challenged.
[2025-02-17 05:06:05.761 +00:00] [INF] [26] Jellyfin.Api.Auth.CustomAuthenticationHandler: "CustomAuthentication" was not authenticated. Failure message: "Invalid token."
[2025-02-17 05:06:05.761 +00:00] [INF] [26] Jellyfin.Api.Auth.CustomAuthenticationHandler: "CustomAuthentication" was not authenticated. Failure message: "Invalid token."
[2025-02-17 05:06:05.761 +00:00] [INF] [26] Jellyfin.Api.Auth.CustomAuthenticationHandler: AuthenticationScheme: "CustomAuthentication" was challenged.
[2025-02-17 05:06:15.761 +00:00] [INF] [26] Jellyfin.Api.Auth.CustomAuthenticationHandler: "CustomAuthentication" was not authenticated. Failure message: "Invalid token."
[2025-02-17 05:06:15.761 +00:00] [INF] [26] Jellyfin.Api.Auth.CustomAuthenticationHandler: "CustomAuthentication" was not authenticated. Failure message: "Invalid token."
[2025-02-17 05:06:15.761 +00:00] [INF] [26] Jellyfin.Api.Auth.CustomAuthenticationHandler: AuthenticationScheme: "CustomAuthentication" was challenged.
[2025-02-17 05:06:25.764 +00:00] [INF] [24] Jellyfin.Api.Auth.CustomAuthenticationHandler: "CustomAuthentication" was not authenticated. Failure message: "Invalid token."
[2025-02-17 05:06:25.764 +00:00] [INF] [24] Jellyfin.Api.Auth.CustomAuthenticationHandler: "CustomAuthentication" was not authenticated. Failure message: "Invalid token."
[2025-02-17 05:06:25.764 +00:00] [INF] [24] Jellyfin.Api.Auth.CustomAuthenticationHandler: AuthenticationScheme: "CustomAuthentication" was challenged.
[2025-02-17 05:06:35.753 +00:00] [INF] [26] Jellyfin.Api.Auth.CustomAuthenticationHandler: "CustomAuthentication" was not authenticated. Failure message: "Invalid token."
[2025-02-17 05:06:35.753 +00:00] [INF] [26] Jellyfin.Api.Auth.CustomAuthenticationHandler: "CustomAuthentication" was not authenticated. Failure message: "Invalid token."
[2025-02-17 05:06:35.753 +00:00] [INF] [26] Jellyfin.Api.Auth.CustomAuthenticationHandler: AuthenticationScheme: "CustomAuthentication" was challenged.
[2025-02-17 05:06:45.759 +00:00] [INF] [22] Jellyfin.Api.Auth.CustomAuthenticationHandler: "CustomAuthentication" was not authenticated. Failure message: "Invalid token."
[2025-02-17 05:06:45.759 +00:00] [INF] [22] Jellyfin.Api.Auth.CustomAuthenticationHandler: "CustomAuthentication" was not authenticated. Failure message: "Invalid token."
[2025-02-17 05:06:45.759 +00:00] [INF] [22] Jellyfin.Api.Auth.CustomAuthenticationHandler: AuthenticationScheme: "CustomAuthentication" was challenged.
[2025-02-17 05:06:55.756 +00:00] [INF] [24] Jellyfin.Api.Auth.CustomAuthenticationHandler: "CustomAuthentication" was not authenticated. Failure message: "Invalid token."
[2025-02-17 05:06:55.757 +00:00] [INF] [24] Jellyfin.Api.Auth.CustomAuthenticationHandler: "CustomAuthentication" was not authenticated. Failure message: "Invalid token."
[2025-02-17 05:06:55.757 +00:00] [INF] [24] Jellyfin.Api.Auth.CustomAuthenticationHandler: AuthenticationScheme: "CustomAuthentication" was challenged.
[2025-02-17 05:07:05.755 +00:00] [INF] [24] Jellyfin.Api.Auth.CustomAuthenticationHandler: "CustomAuthentication" was not authenticated. Failure message: "Invalid token."
[2025-02-17 05:07:05.755 +00:00] [INF] [24] Jellyfin.Api.Auth.CustomAuthenticationHandler: "CustomAuthentication" was not authenticated. Failure message: "Invalid token."
[2025-02-17 05:07:05.756 +00:00] [INF] [24] Jellyfin.Api.Auth.CustomAuthenticationHandler: AuthenticationScheme: "CustomAuthentication" was challenged.
[2025-02-17 05:07:15.774 +00:00] [INF] [24] Jellyfin.Api.Auth.CustomAuthenticationHandler: "CustomAuthentication" was not authenticated. Failure message: "Invalid token."
[2025-02-17 05:07:15.775 +00:00] [INF] [24] Jellyfin.Api.Auth.CustomAuthenticationHandler: "CustomAuthentication" was not authenticated. Failure message: "Invalid token."
[2025-02-17 05:07:15.775 +00:00] [INF] [24] Jellyfin.Api.Auth.CustomAuthenticationHandler: AuthenticationScheme: "CustomAuthentication" was challenged.
[2025-02-17 05:07:25.751 +00:00] [INF] [26] Jellyfin.Api.Auth.CustomAuthenticationHandler: "CustomAuthentication" was not authenticated. Failure message: "Invalid token."
[2025-02-17 05:07:25.751 +00:00] [INF] [26] Jellyfin.Api.Auth.CustomAuthenticationHandler: "CustomAuthentication" was not authenticated. Failure message: "Invalid token."
[2025-02-17 05:07:25.751 +00:00] [INF] [26] Jellyfin.Api.Auth.CustomAuthenticationHandler: AuthenticationScheme: "CustomAuthentication" was challenged.
[2025-02-17 05:07:35.761 +00:00] [INF] [26] Jellyfin.Api.Auth.CustomAuthenticationHandler: "CustomAuthentication" was not authenticated. Failure message: "Invalid token."
[2025-02-17 05:07:35.762 +00:00] [INF] [26] Jellyfin.Api.Auth.CustomAuthenticationHandler: "CustomAuthentication" was not authenticated. Failure message: "Invalid token."
[2025-02-17 05:07:35.762 +00:00] [INF] [26] Jellyfin.Api.Auth.CustomAuthenticationHandler: AuthenticationScheme: "CustomAuthentication" was challenged.
[2025-02-17 05:07:45.761 +00:00] [INF] [26] Jellyfin.Api.Auth.CustomAuthenticationHandler: "CustomAuthentication" was not authenticated. Failure message: "Invalid token."
[2025-02-17 05:07:45.761 +00:00] [INF] [26] Jellyfin.Api.Auth.CustomAuthenticationHandler: "CustomAuthentication" was not authenticated. Failure message: "Invalid token."
[2025-02-17 05:07:45.761 +00:00] [INF] [26] Jellyfin.Api.Auth.CustomAuthenticationHandler: AuthenticationScheme: "CustomAuthentication" was challenged.
[2025-02-17 05:07:55.762 +00:00] [INF] [60] Jellyfin.Api.Auth.CustomAuthenticationHandler: "CustomAuthentication" was not authenticated. Failure message: "Invalid token."
[2025-02-17 05:07:55.762 +00:00] [INF] [60] Jellyfin.Api.Auth.CustomAuthenticationHandler: "CustomAuthentication" was not authenticated. Failure message: "Invalid token."
[2025-02-17 05:07:55.762 +00:00] [INF] [60] Jellyfin.Api.Auth.CustomAuthenticationHandler: AuthenticationScheme: "CustomAuthentication" was challenged.
[2025-02-17 05:08:05.806 +00:00] [INF] [60] Jellyfin.Api.Auth.CustomAuthenticationHandler: "CustomAuthentication" was not authenticated. Failure message: "Invalid token."
[2025-02-17 05:08:05.807 +00:00] [INF] [60] Jellyfin.Api.Auth.CustomAuthenticationHandler: "CustomAuthentication" was not authenticated. Failure message: "Invalid token."
[2025-02-17 05:08:05.807 +00:00] [INF] [60] Jellyfin.Api.Auth.CustomAuthenticationHandler: AuthenticationScheme: "CustomAuthentication" was challenged.
[2025-02-17 05:08:15.750 +00:00] [INF] [60] Jellyfin.Api.Auth.CustomAuthenticationHandler: "CustomAuthentication" was not authenticated. Failure message: "Invalid token."
[2025-02-17 05:08:15.751 +00:00] [INF] [60] Jellyfin.Api.Auth.CustomAuthenticationHandler: "CustomAuthentication" was not authenticated. Failure message: "Invalid token."
[2025-02-17 05:08:15.751 +00:00] [INF] [60] Jellyfin.Api.Auth.CustomAuthenticationHandler: AuthenticationScheme: "CustomAuthentication" was challenged.
[2025-02-17 05:08:25.749 +00:00] [INF] [60] Jellyfin.Api.Auth.CustomAuthenticationHandler: "CustomAuthentication" was not authenticated. Failure message: "Invalid token."
[2025-02-17 05:08:25.749 +00:00] [INF] [60] Jellyfin.Api.Auth.CustomAuthenticationHandler: "CustomAuthentication" was not authenticated. Failure message: "Invalid token."
[2025-02-17 05:08:25.750 +00:00] [INF] [60] Jellyfin.Api.Auth.CustomAuthenticationHandler: AuthenticationScheme: "CustomAuthentication" was challenged.
[2025-02-17 05:08:35.760 +00:00] [INF] [60] Jellyfin.Api.Auth.CustomAuthenticationHandler: "CustomAuthentication" was not authenticated. Failure message: "Invalid token."
[2025-02-17 05:08:35.760 +00:00] [INF] [60] Jellyfin.Api.Auth.CustomAuthenticationHandler: "CustomAuthentication" was not authenticated. Failure message: "Invalid token."
[2025-02-17 05:08:35.760 +00:00] [INF] [60] Jellyfin.Api.Auth.CustomAuthenticationHandler: AuthenticationScheme: "CustomAuthentication" was challenged.
[2025-02-17 05:08:45.761 +00:00] [INF] [60] Jellyfin.Api.Auth.CustomAuthenticationHandler: "CustomAuthentication" was not authenticated. Failure message: "Invalid token."
[2025-02-17 05:08:45.762 +00:00] [INF] [60] Jellyfin.Api.Auth.CustomAuthenticationHandler: "CustomAuthentication" was not authenticated. Failure message: "Invalid token."
[2025-02-17 05:08:45.762 +00:00] [INF] [60] Jellyfin.Api.Auth.CustomAuthenticationHandler: AuthenticationScheme: "CustomAuthentication" was challenged.
[2025-02-17 05:08:55.752 +00:00] [INF] [60] Jellyfin.Api.Auth.CustomAuthenticationHandler: "CustomAuthentication" was not authenticated. Failure message: "Invalid token."
[2025-02-17 05:08:55.752 +00:00] [INF] [60] Jellyfin.Api.Auth.CustomAuthenticationHandler: "CustomAuthentication" was not authenticated. Failure message: "Invalid token."
[2025-02-17 05:08:55.753 +00:00] [INF] [60] Jellyfin.Api.Auth.CustomAuthenticationHandler: AuthenticationScheme: "CustomAuthentication" was challenged.
[2025-02-17 05:09:05.763 +00:00] [INF] [25] Jellyfin.Api.Auth.CustomAuthenticationHandler: "CustomAuthentication" was not authenticated. Failure message: "Invalid token."
[2025-02-17 05:09:05.764 +00:00] [INF] [25] Jellyfin.Api.Auth.CustomAuthenticationHandler: "CustomAuthentication" was not authenticated. Failure message: "Invalid token."
[2025-02-17 05:09:05.764 +00:00] [INF] [25] Jellyfin.Api.Auth.CustomAuthenticationHandler: AuthenticationScheme: "CustomAuthentication" was challenged.
[2025-02-17 05:09:15.757 +00:00] [INF] [46] Jellyfin.Api.Auth.CustomAuthenticationHandler: "CustomAuthentication" was not authenticated. Failure message: "Invalid token."
[2025-02-17 05:09:15.757 +00:00] [INF] [46] Jellyfin.Api.Auth.CustomAuthenticationHandler: "CustomAuthentication" was not authenticated. Failure message: "Invalid token."
[2025-02-17 05:09:15.757 +00:00] [INF] [46] Jellyfin.Api.Auth.CustomAuthenticationHandler: AuthenticationScheme: "CustomAuthentication" was challenged.
[2025-02-17 05:09:25.762 +00:00] [INF] [46] Jellyfin.Api.Auth.CustomAuthenticationHandler: "CustomAuthentication" was not authenticated. Failure message: "Invalid token."
[2025-02-17 05:09:25.762 +00:00] [INF] [46] Jellyfin.Api.Auth.CustomAuthenticationHandler: "CustomAuthentication" was not authenticated. Failure message: "Invalid token."
[2025-02-17 05:09:25.762 +00:00] [INF] [46] Jellyfin.Api.Auth.CustomAuthenticationHandler: AuthenticationScheme: "CustomAuthentication" was challenged.
[2025-02-17 05:09:35.759 +00:00] [INF] [46] Jellyfin.Api.Auth.CustomAuthenticationHandler: "CustomAuthentication" was not authenticated. Failure message: "Invalid token."
[2025-02-17 05:09:35.759 +00:00] [INF] [46] Jellyfin.Api.Auth.CustomAuthenticationHandler: "CustomAuthentication" was not authenticated. Failure message: "Invalid token."
[2025-02-17 05:09:35.761 +00:00] [INF] [46] Jellyfin.Api.Auth.CustomAuthenticationHandler: AuthenticationScheme: "CustomAuthentication" was challenged.
[2025-02-17 05:09:45.769 +00:00] [INF] [46] Jellyfin.Api.Auth.CustomAuthenticationHandler: "CustomAuthentication" was not authenticated. Failure message: "Invalid token."
[2025-02-17 05:09:45.769 +00:00] [INF] [46] Jellyfin.Api.Auth.CustomAuthenticationHandler: "CustomAuthentication" was not authenticated. Failure message: "Invalid token."
[2025-02-17 05:09:45.769 +00:00] [INF] [46] Jellyfin.Api.Auth.CustomAuthenticationHandler: AuthenticationScheme: "CustomAuthentication" was challenged.
[2025-02-17 05:09:55.757 +00:00] [INF] [15] Jellyfin.Api.Auth.CustomAuthenticationHandler: "CustomAuthentication" was not authenticated. Failure message: "Invalid token."
[2025-02-17 05:09:55.757 +00:00] [INF] [15] Jellyfin.Api.Auth.CustomAuthenticationHandler: "CustomAuthentication" was not authenticated. Failure message: "Invalid token."
[2025-02-17 05:09:55.757 +00:00] [INF] [15] Jellyfin.Api.Auth.CustomAuthenticationHandler: AuthenticationScheme: "CustomAuthentication" was challenged.
[2025-02-17 05:10:05.759 +00:00] [INF] [46] Jellyfin.Api.Auth.CustomAuthenticationHandler: "CustomAuthentication" was not authenticated. Failure message: "Invalid token."
[2025-02-17 05:10:05.759 +00:00] [INF] [46] Jellyfin.Api.Auth.CustomAuthenticationHandler: "CustomAuthentication" was not authenticated. Failure message: "Invalid token."
[2025-02-17 05:10:05.759 +00:00] [INF] [46] Jellyfin.Api.Auth.CustomAuthenticationHandler: AuthenticationScheme: "CustomAuthentication" was challenged.
[2025-02-17 05:10:15.752 +00:00] [INF] [55] Jellyfin.Api.Auth.CustomAuthenticationHandler: "CustomAuthentication" was not authenticated. Failure message: "Invalid token."
[2025-02-17 05:10:15.752 +00:00] [INF] [55] Jellyfin.Api.Auth.CustomAuthenticationHandler: "CustomAuthentication" was not authenticated. Failure message: "Invalid token."
[2025-02-17 05:10:15.752 +00:00] [INF] [55] Jellyfin.Api.Auth.CustomAuthenticationHandler: AuthenticationScheme: "CustomAuthentication" was challenged.
[2025-02-17 05:10:25.756 +00:00] [INF] [25] Jellyfin.Api.Auth.CustomAuthenticationHandler: "CustomAuthentication" was not authenticated. Failure message: "Invalid token."
[2025-02-17 05:10:25.756 +00:00] [INF] [25] Jellyfin.Api.Auth.CustomAuthenticationHandler: "CustomAuthentication" was not authenticated. Failure message: "Invalid token."
[2025-02-17 05:10:25.756 +00:00] [INF] [25] Jellyfin.Api.Auth.CustomAuthenticationHandler: AuthenticationScheme: "CustomAuthentication" was challenged.
[2025-02-17 05:10:35.754 +00:00] [INF] [25] Jellyfin.Api.Auth.CustomAuthenticationHandler: "CustomAuthentication" was not authenticated. Failure message: "Invalid token."
[2025-02-17 05:10:35.754 +00:00] [INF] [25] Jellyfin.Api.Auth.CustomAuthenticationHandler: "CustomAuthentication" was not authenticated. Failure message: "Invalid token."
[2025-02-17 05:10:35.754 +00:00] [INF] [25] Jellyfin.Api.Auth.CustomAuthenticationHandler: AuthenticationScheme: "CustomAuthentication" was challenged.
[2025-02-17 05:10:45.760 +00:00] [INF] [46] Jellyfin.Api.Auth.CustomAuthenticationHandler: "CustomAuthentication" was not authenticated. Failure message: "Invalid token."
[2025-02-17 05:10:45.760 +00:00] [INF] [46] Jellyfin.Api.Auth.CustomAuthenticationHandler: "CustomAuthentication" was not authenticated. Failure message: "Invalid token."
[2025-02-17 05:10:45.760 +00:00] [INF] [46] Jellyfin.Api.Auth.CustomAuthenticationHandler: AuthenticationScheme: "CustomAuthentication" was challenged.
[2025-02-17 05:10:55.770 +00:00] [INF] [25] Jellyfin.Api.Auth.CustomAuthenticationHandler: "CustomAuthentication" was not authenticated. Failure message: "Invalid token."
[2025-02-17 05:10:55.770 +00:00] [INF] [25] Jellyfin.Api.Auth.CustomAuthenticationHandler: "CustomAuthentication" was not authenticated. Failure message: "Invalid token."
[2025-02-17 05:10:55.770 +00:00] [INF] [25] Jellyfin.Api.Auth.CustomAuthenticationHandler: AuthenticationScheme: "CustomAuthentication" was challenged.
[2025-02-17 05:11:05.773 +00:00] [INF] [46] Jellyfin.Api.Auth.CustomAuthenticationHandler: "CustomAuthentication" was not authenticated. Failure message: "Invalid token."
[2025-02-17 05:11:05.773 +00:00] [INF] [46] Jellyfin.Api.Auth.CustomAuthenticationHandler: "CustomAuthentication" was not authenticated. Failure message: "Invalid token."
[2025-02-17 05:11:05.773 +00:00] [INF] [46] Jellyfin.Api.Auth.CustomAuthenticationHandler: AuthenticationScheme: "CustomAuthentication" was challenged.
[2025-02-17 05:11:15.769 +00:00] [INF] [60] Jellyfin.Api.Auth.CustomAuthenticationHandler: "CustomAuthentication" was not authenticated. Failure message: "Invalid token."
[2025-02-17 05:11:15.769 +00:00] [INF] [60] Jellyfin.Api.Auth.CustomAuthenticationHandler: "CustomAuthentication" was not authenticated. Failure message: "Invalid token."
[2025-02-17 05:11:15.769 +00:00] [INF] [60] Jellyfin.Api.Auth.CustomAuthenticationHandler: AuthenticationScheme: "CustomAuthentication" was challenged.
[2025-02-17 05:11:25.759 +00:00] [INF] [25] Jellyfin.Api.Auth.CustomAuthenticationHandler: "CustomAuthentication" was not authenticated. Failure message: "Invalid token."
[2025-02-17 05:11:25.759 +00:00] [INF] [25] Jellyfin.Api.Auth.CustomAuthenticationHandler: "CustomAuthentication" was not authenticated. Failure message: "Invalid token."
[2025-02-17 05:11:25.759 +00:00] [INF] [25] Jellyfin.Api.Auth.CustomAuthenticationHandler: AuthenticationScheme: "CustomAuthentication" was challenged.
[2025-02-17 05:11:35.762 +00:00] [INF] [25] Jellyfin.Api.Auth.CustomAuthenticationHandler: "CustomAuthentication" was not authenticated. Failure message: "Invalid token."
[2025-02-17 05:11:35.762 +00:00] [INF] [25] Jellyfin.Api.Auth.CustomAuthenticationHandler: "CustomAuthentication" was not authenticated. Failure message: "Invalid token."
[2025-02-17 05:11:35.763 +00:00] [INF] [25] Jellyfin.Api.Auth.CustomAuthenticationHandler: AuthenticationScheme: "CustomAuthentication" was challenged.
[2025-02-17 05:11:45.753 +00:00] [INF] [24] Jellyfin.Api.Auth.CustomAuthenticationHandler: "CustomAuthentication" was not authenticated. Failure message: "Invalid token."
[2025-02-17 05:11:45.753 +00:00] [INF] [24] Jellyfin.Api.Auth.CustomAuthenticationHandler: "CustomAuthentication" was not authenticated. Failure message: "Invalid token."
[2025-02-17 05:11:45.753 +00:00] [INF] [24] Jellyfin.Api.Auth.CustomAuthenticationHandler: AuthenticationScheme: "CustomAuthentication" was challenged.
[2025-02-17 05:11:55.767 +00:00] [INF] [25] Jellyfin.Api.Auth.CustomAuthenticationHandler: "CustomAuthentication" was not authenticated. Failure message: "Invalid token."
[2025-02-17 05:11:55.767 +00:00] [INF] [25] Jellyfin.Api.Auth.CustomAuthenticationHandler: "CustomAuthentication" was not authenticated. Failure message: "Invalid token."
[2025-02-17 05:11:55.767 +00:00] [INF] [25] Jellyfin.Api.Auth.CustomAuthenticationHandler: AuthenticationScheme: "CustomAuthentication" was challenged.
[2025-02-17 05:12:05.756 +00:00] [INF] [24] Jellyfin.Api.Auth.CustomAuthenticationHandler: "CustomAuthentication" was not authenticated. Failure message: "Invalid token."
[2025-02-17 05:12:05.757 +00:00] [INF] [24] Jellyfin.Api.Auth.CustomAuthenticationHandler: "CustomAuthentication" was not authenticated. Failure message: "Invalid token."
[2025-02-17 05:12:05.757 +00:00] [INF] [24] Jellyfin.Api.Auth.CustomAuthenticationHandler: AuthenticationScheme: "CustomAuthentication" was challenged.
[2025-02-17 05:12:15.761 +00:00] [INF] [24] Jellyfin.Api.Auth.CustomAuthenticationHandler: "CustomAuthentication" was not authenticated. Failure message: "Invalid token."
[2025-02-17 05:12:15.761 +00:00] [INF] [24] Jellyfin.Api.Auth.CustomAuthenticationHandler: "CustomAuthentication" was not authenticated. Failure message: "Invalid token."
[2025-02-17 05:12:15.761 +00:00] [INF] [24] Jellyfin.Api.Auth.CustomAuthenticationHandler: AuthenticationScheme: "CustomAuthentication" was challenged.
[2025-02-17 05:12:25.774 +00:00] [INF] [24] Jellyfin.Api.Auth.CustomAuthenticationHandler: "CustomAuthentication" was not authenticated. Failure message: "Invalid token."
[2025-02-17 05:12:25.774 +00:00] [INF] [24] Jellyfin.Api.Auth.CustomAuthenticationHandler: "CustomAuthentication" was not authenticated. Failure message: "Invalid token."
[2025-02-17 05:12:25.774 +00:00] [INF] [24] Jellyfin.Api.Auth.CustomAuthenticationHandler: AuthenticationScheme: "CustomAuthentication" was challenged.
[2025-02-17 05:12:35.764 +00:00] [INF] [24] Jellyfin.Api.Auth.CustomAuthenticationHandler: "CustomAuthentication" was not authenticated. Failure message: "Invalid token."
[2025-02-17 05:12:35.765 +00:00] [INF] [24] Jellyfin.Api.Auth.CustomAuthenticationHandler: "CustomAuthentication" was not authenticated. Failure message: "Invalid token."
[2025-02-17 05:12:35.765 +00:00] [INF] [24] Jellyfin.Api.Auth.CustomAuthenticationHandler: AuthenticationScheme: "CustomAuthentication" was challenged.
[2025-02-17 05:12:45.761 +00:00] [INF] [25] Jellyfin.Api.Auth.CustomAuthenticationHandler: "CustomAuthentication" was not authenticated. Failure message: "Invalid token."
[2025-02-17 05:12:45.761 +00:00] [INF] [25] Jellyfin.Api.Auth.CustomAuthenticationHandler: "CustomAuthentication" was not authenticated. Failure message: "Invalid token."
[2025-02-17 05:12:45.761 +00:00] [INF] [25] Jellyfin.Api.Auth.CustomAuthenticationHandler: AuthenticationScheme: "CustomAuthentication" was challenged.
[2025-02-17 05:12:55.761 +00:00] [INF] [24] Jellyfin.Api.Auth.CustomAuthenticationHandler: "CustomAuthentication" was not authenticated. Failure message: "Invalid token."
[2025-02-17 05:12:55.761 +00:00] [INF] [24] Jellyfin.Api.Auth.CustomAuthenticationHandler: "CustomAuthentication" was not authenticated. Failure message: "Invalid token."
[2025-02-17 05:12:55.761 +00:00] [INF] [24] Jellyfin.Api.Auth.CustomAuthenticationHandler: AuthenticationScheme: "CustomAuthentication" was challenged.
[2025-02-17 05:13:05.757 +00:00] [INF] [25] Jellyfin.Api.Auth.CustomAuthenticationHandler: "CustomAuthentication" was not authenticated. Failure message: "Invalid token."
[2025-02-17 05:13:05.757 +00:00] [INF] [25] Jellyfin.Api.Auth.CustomAuthenticationHandler: "CustomAuthentication" was not authenticated. Failure message: "Invalid token."
[2025-02-17 05:13:05.757 +00:00] [INF] [25] Jellyfin.Api.Auth.CustomAuthenticationHandler: AuthenticationScheme: "CustomAuthentication" was challenged.
[2025-02-17 05:13:15.797 +00:00] [INF] [25] Jellyfin.Api.Auth.CustomAuthenticationHandler: "CustomAuthentication" was not authenticated. Failure message: "Invalid token."
[2025-02-17 05:13:15.797 +00:00] [INF] [25] Jellyfin.Api.Auth.CustomAuthenticationHandler: "CustomAuthentication" was not authenticated. Failure message: "Invalid token."
[2025-02-17 05:13:15.797 +00:00] [INF] [25] Jellyfin.Api.Auth.CustomAuthenticationHandler: AuthenticationScheme: "CustomAuthentication" was challenged.
[2025-02-17 05:13:25.753 +00:00] [INF] [25] Jellyfin.Api.Auth.CustomAuthenticationHandler: "CustomAuthentication" was not authenticated. Failure message: "Invalid token."
[2025-02-17 05:13:25.753 +00:00] [INF] [25] Jellyfin.Api.Auth.CustomAuthenticationHandler: "CustomAuthentication" was not authenticated. Failure message: "Invalid token."
[2025-02-17 05:13:25.753 +00:00] [INF] [25] Jellyfin.Api.Auth.CustomAuthenticationHandler: AuthenticationScheme: "CustomAuthentication" was challenged.
[2025-02-17 05:13:35.754 +00:00] [INF] [73] Jellyfin.Api.Auth.CustomAuthenticationHandler: "CustomAuthentication" was not authenticated. Failure message: "Invalid token."
[2025-02-17 05:13:35.754 +00:00] [INF] [73] Jellyfin.Api.Auth.CustomAuthenticationHandler: "CustomAuthentication" was not authenticated. Failure message: "Invalid token."
[2025-02-17 05:13:35.754 +00:00] [INF] [73] Jellyfin.Api.Auth.CustomAuthenticationHandler: AuthenticationScheme: "CustomAuthentication" was challenged.
[2025-02-17 05:13:45.753 +00:00] [INF] [25] Jellyfin.Api.Auth.CustomAuthenticationHandler: "CustomAuthentication" was not authenticated. Failure message: "Invalid token."
[2025-02-17 05:13:45.753 +00:00] [INF] [25] Jellyfin.Api.Auth.CustomAuthenticationHandler: "CustomAuthentication" was not authenticated. Failure message: "Invalid token."
[2025-02-17 05:13:45.753 +00:00] [INF] [25] Jellyfin.Api.Auth.CustomAuthenticationHandler: AuthenticationScheme: "CustomAuthentication" was challenged.
[2025-02-17 05:13:55.755 +00:00] [INF] [26] Jellyfin.Api.Auth.CustomAuthenticationHandler: "CustomAuthentication" was not authenticated. Failure message: "Invalid token."
[2025-02-17 05:13:55.756 +00:00] [INF] [26] Jellyfin.Api.Auth.CustomAuthenticationHandler: "CustomAuthentication" was not authenticated. Failure message: "Invalid token."
[2025-02-17 05:13:55.756 +00:00] [INF] [26] Jellyfin.Api.Auth.CustomAuthenticationHandler: AuthenticationScheme: "CustomAuthentication" was challenged.
[2025-02-17 05:14:05.769 +00:00] [INF] [26] Jellyfin.Api.Auth.CustomAuthenticationHandler: "CustomAuthentication" was not authenticated. Failure message: "Invalid token."
[2025-02-17 05:14:05.769 +00:00] [INF] [26] Jellyfin.Api.Auth.CustomAuthenticationHandler: "CustomAuthentication" was not authenticated. Failure message: "Invalid token."
[2025-02-17 05:14:05.769 +00:00] [INF] [26] Jellyfin.Api.Auth.CustomAuthenticationHandler: AuthenticationScheme: "CustomAuthentication" was challenged.
[2025-02-17 05:14:15.795 +00:00] [INF] [73] Jellyfin.Api.Auth.CustomAuthenticationHandler: "CustomAuthentication" was not authenticated. Failure message: "Invalid token."
[2025-02-17 05:14:15.796 +00:00] [INF] [73] Jellyfin.Api.Auth.CustomAuthenticationHandler: "CustomAuthentication" was not authenticated. Failure message: "Invalid token."
[2025-02-17 05:14:15.796 +00:00] [INF] [73] Jellyfin.Api.Auth.CustomAuthenticationHandler: AuthenticationScheme: "CustomAuthentication" was challenged.
[2025-02-17 05:14:25.755 +00:00] [INF] [60] Jellyfin.Api.Auth.CustomAuthenticationHandler: "CustomAuthentication" was not authenticated. Failure message: "Invalid token."
[2025-02-17 05:14:25.755 +00:00] [INF] [60] Jellyfin.Api.Auth.CustomAuthenticationHandler: "CustomAuthentication" was not authenticated. Failure message: "Invalid token."
[2025-02-17 05:14:25.755 +00:00] [INF] [60] Jellyfin.Api.Auth.CustomAuthenticationHandler: AuthenticationScheme: "CustomAuthentication" was challenged.
[2025-02-17 05:14:35.808 +00:00] [INF] [60] Jellyfin.Api.Auth.CustomAuthenticationHandler: "CustomAuthentication" was not authenticated. Failure message: "Invalid token."
[2025-02-17 05:14:35.808 +00:00] [INF] [60] Jellyfin.Api.Auth.CustomAuthenticationHandler: "CustomAuthentication" was not authenticated. Failure message: "Invalid token."
[2025-02-17 05:14:35.808 +00:00] [INF] [60] Jellyfin.Api.Auth.CustomAuthenticationHandler: AuthenticationScheme: "CustomAuthentication" was challenged.
[2025-02-17 05:14:45.760 +00:00] [INF] [32] Jellyfin.Api.Auth.CustomAuthenticationHandler: "CustomAuthentication" was not authenticated. Failure message: "Invalid token."
[2025-02-17 05:14:45.760 +00:00] [INF] [32] Jellyfin.Api.Auth.CustomAuthenticationHandler: "CustomAuthentication" was not authenticated. Failure message: "Invalid token."
[2025-02-17 05:14:45.760 +00:00] [INF] [32] Jellyfin.Api.Auth.CustomAuthenticationHandler: AuthenticationScheme: "CustomAuthentication" was challenged.
[2025-02-17 05:14:55.764 +00:00] [INF] [65] Jellyfin.Api.Auth.CustomAuthenticationHandler: "CustomAuthentication" was not authenticated. Failure message: "Invalid token."
[2025-02-17 05:14:55.764 +00:00] [INF] [65] Jellyfin.Api.Auth.CustomAuthenticationHandler: "CustomAuthentication" was not authenticated. Failure message: "Invalid token."
[2025-02-17 05:14:55.764 +00:00] [INF] [65] Jellyfin.Api.Auth.CustomAuthenticationHandler: AuthenticationScheme: "CustomAuthentication" was challenged.
[2025-02-17 05:15:05.753 +00:00] [INF] [65] Jellyfin.Api.Auth.CustomAuthenticationHandler: "CustomAuthentication" was not authenticated. Failure message: "Invalid token."
[2025-02-17 05:15:05.753 +00:00] [INF] [65] Jellyfin.Api.Auth.CustomAuthenticationHandler: "CustomAuthentication" was not authenticated. Failure message: "Invalid token."
[2025-02-17 05:15:05.754 +00:00] [INF] [65] Jellyfin.Api.Auth.CustomAuthenticationHandler: AuthenticationScheme: "CustomAuthentication" was challenged.
[2025-02-17 05:15:15.752 +00:00] [INF] [60] Jellyfin.Api.Auth.CustomAuthenticationHandler: "CustomAuthentication" was not authenticated. Failure message: "Invalid token."
[2025-02-17 05:15:15.753 +00:00] [INF] [60] Jellyfin.Api.Auth.CustomAuthenticationHandler: "CustomAuthentication" was not authenticated. Failure message: "Invalid token."
[2025-02-17 05:15:15.753 +00:00] [INF] [60] Jellyfin.Api.Auth.CustomAuthenticationHandler: AuthenticationScheme: "CustomAuthentication" was challenged.
[2025-02-17 05:15:25.756 +00:00] [INF] [60] Jellyfin.Api.Auth.CustomAuthenticationHandler: "CustomAuthentication" was not authenticated. Failure message: "Invalid token."
[2025-02-17 05:15:25.756 +00:00] [INF] [60] Jellyfin.Api.Auth.CustomAuthenticationHandler: "CustomAuthentication" was not authenticated. Failure message: "Invalid token."
[2025-02-17 05:15:25.756 +00:00] [INF] [60] Jellyfin.Api.Auth.CustomAuthenticationHandler: AuthenticationScheme: "CustomAuthentication" was challenged.
[2025-02-17 05:15:35.777 +00:00] [INF] [60] Jellyfin.Api.Auth.CustomAuthenticationHandler: "CustomAuthentication" was not authenticated. Failure message: "Invalid token."
[2025-02-17 05:15:35.778 +00:00] [INF] [60] Jellyfin.Api.Auth.CustomAuthenticationHandler: "CustomAuthentication" was not authenticated. Failure message: "Invalid token."
[2025-02-17 05:15:35.778 +00:00] [INF] [60] Jellyfin.Api.Auth.CustomAuthenticationHandler: AuthenticationScheme: "CustomAuthentication" was challenged.
[2025-02-17 05:15:45.760 +00:00] [INF] [60] Jellyfin.Api.Auth.CustomAuthenticationHandler: "CustomAuthentication" was not authenticated. Failure message: "Invalid token."
[2025-02-17 05:15:45.760 +00:00] [INF] [60] Jellyfin.Api.Auth.CustomAuthenticationHandler: "CustomAuthentication" was not authenticated. Failure message: "Invalid token."
[2025-02-17 05:15:45.760 +00:00] [INF] [60] Jellyfin.Api.Auth.CustomAuthenticationHandler: AuthenticationScheme: "CustomAuthentication" was challenged.
[2025-02-17 05:15:55.758 +00:00] [INF] [65] Jellyfin.Api.Auth.CustomAuthenticationHandler: "CustomAuthentication" was not authenticated. Failure message: "Invalid token."
[2025-02-17 05:15:55.758 +00:00] [INF] [65] Jellyfin.Api.Auth.CustomAuthenticationHandler: "CustomAuthentication" was not authenticated. Failure message: "Invalid token."
[2025-02-17 05:15:55.758 +00:00] [INF] [65] Jellyfin.Api.Auth.CustomAuthenticationHandler: AuthenticationScheme: "CustomAuthentication" was challenged.
[2025-02-17 05:16:05.760 +00:00] [INF] [60] Jellyfin.Api.Auth.CustomAuthenticationHandler: "CustomAuthentication" was not authenticated. Failure message: "Invalid token."
[2025-02-17 05:16:05.760 +00:00] [INF] [60] Jellyfin.Api.Auth.CustomAuthenticationHandler: "CustomAuthentication" was not authenticated. Failure message: "Invalid token."
[2025-02-17 05:16:05.760 +00:00] [INF] [60] Jellyfin.Api.Auth.CustomAuthenticationHandler: AuthenticationScheme: "CustomAuthentication" was challenged.
[2025-02-17 05:16:15.761 +00:00] [INF] [60] Jellyfin.Api.Auth.CustomAuthenticationHandler: "CustomAuthentication" was not authenticated. Failure message: "Invalid token."
[2025-02-17 05:16:15.761 +00:00] [INF] [60] Jellyfin.Api.Auth.CustomAuthenticationHandler: "CustomAuthentication" was not authenticated. Failure message: "Invalid token."
[2025-02-17 05:16:15.761 +00:00] [INF] [60] Jellyfin.Api.Auth.CustomAuthenticationHandler: AuthenticationScheme: "CustomAuthentication" was challenged.
[2025-02-17 05:16:25.754 +00:00] [INF] [32] Jellyfin.Api.Auth.CustomAuthenticationHandler: "CustomAuthentication" was not authenticated. Failure message: "Invalid token."
[2025-02-17 05:16:25.755 +00:00] [INF] [32] Jellyfin.Api.Auth.CustomAuthenticationHandler: "CustomAuthentication" was not authenticated. Failure message: "Invalid token."
[2025-02-17 05:16:25.755 +00:00] [INF] [32] Jellyfin.Api.Auth.CustomAuthenticationHandler: AuthenticationScheme: "CustomAuthentication" was challenged.
[2025-02-17 05:16:35.759 +00:00] [INF] [60] Jellyfin.Api.Auth.CustomAuthenticationHandler: "CustomAuthentication" was not authenticated. Failure message: "Invalid token."
[2025-02-17 05:16:35.759 +00:00] [INF] [60] Jellyfin.Api.Auth.CustomAuthenticationHandler: "CustomAuthentication" was not authenticated. Failure message: "Invalid token."
[2025-02-17 05:16:35.759 +00:00] [INF] [60] Jellyfin.Api.Auth.CustomAuthenticationHandler: AuthenticationScheme: "CustomAuthentication" was challenged.
[2025-02-17 05:16:45.757 +00:00] [INF] [60] Jellyfin.Api.Auth.CustomAuthenticationHandler: "CustomAuthentication" was not authenticated. Failure message: "Invalid token."
[2025-02-17 05:16:45.757 +00:00] [INF] [60] Jellyfin.Api.Auth.CustomAuthenticationHandler: "CustomAuthentication" was not authenticated. Failure message: "Invalid token."
[2025-02-17 05:16:45.758 +00:00] [INF] [60] Jellyfin.Api.Auth.CustomAuthenticationHandler: AuthenticationScheme: "CustomAuthentication" was challenged.
[2025-02-17 05:16:55.758 +00:00] [INF] [60] Jellyfin.Api.Auth.CustomAuthenticationHandler: "CustomAuthentication" was not authenticated. Failure message: "Invalid token."
[2025-02-17 05:16:55.758 +00:00] [INF] [60] Jellyfin.Api.Auth.CustomAuthenticationHandler: "CustomAuthentication" was not authenticated. Failure message: "Invalid token."
[2025-02-17 05:16:55.758 +00:00] [INF] [60] Jellyfin.Api.Auth.CustomAuthenticationHandler: AuthenticationScheme: "CustomAuthentication" was challenged.
[2025-02-17 05:17:05.759 +00:00] [INF] [26] Jellyfin.Api.Auth.CustomAuthenticationHandler: "CustomAuthentication" was not authenticated. Failure message: "Invalid token."
[2025-02-17 05:17:05.760 +00:00] [INF] [26] Jellyfin.Api.Auth.CustomAuthenticationHandler: "CustomAuthentication" was not authenticated. Failure message: "Invalid token."
[2025-02-17 05:17:05.760 +00:00] [INF] [26] Jellyfin.Api.Auth.CustomAuthenticationHandler: AuthenticationScheme: "CustomAuthentication" was challenged.
[2025-02-17 05:17:15.762 +00:00] [INF] [26] Jellyfin.Api.Auth.CustomAuthenticationHandler: "CustomAuthentication" was not authenticated. Failure message: "Invalid token."
[2025-02-17 05:17:15.763 +00:00] [INF] [26] Jellyfin.Api.Auth.CustomAuthenticationHandler: "CustomAuthentication" was not authenticated. Failure message: "Invalid token."
[2025-02-17 05:17:15.763 +00:00] [INF] [26] Jellyfin.Api.Auth.CustomAuthenticationHandler: AuthenticationScheme: "CustomAuthentication" was challenged.
[2025-02-17 05:17:25.790 +00:00] [INF] [60] Jellyfin.Api.Auth.CustomAuthenticationHandler: "CustomAuthentication" was not authenticated. Failure message: "Invalid token."
[2025-02-17 05:17:25.791 +00:00] [INF] [60] Jellyfin.Api.Auth.CustomAuthenticationHandler: "CustomAuthentication" was not authenticated. Failure message: "Invalid token."
[2025-02-17 05:17:25.791 +00:00] [INF] [60] Jellyfin.Api.Auth.CustomAuthenticationHandler: AuthenticationScheme: "CustomAuthentication" was challenged.
[2025-02-17 05:17:35.755 +00:00] [INF] [60] Jellyfin.Api.Auth.CustomAuthenticationHandler: "CustomAuthentication" was not authenticated. Failure message: "Invalid token."
[2025-02-17 05:17:35.755 +00:00] [INF] [60] Jellyfin.Api.Auth.CustomAuthenticationHandler: "CustomAuthentication" was not authenticated. Failure message: "Invalid token."
[2025-02-17 05:17:35.755 +00:00] [INF] [60] Jellyfin.Api.Auth.CustomAuthenticationHandler: AuthenticationScheme: "CustomAuthentication" was challenged.
[2025-02-17 05:17:45.758 +00:00] [INF] [24] Jellyfin.Api.Auth.CustomAuthenticationHandler: "CustomAuthentication" was not authenticated. Failure message: "Invalid token."
[2025-02-17 05:17:45.759 +00:00] [INF] [24] Jellyfin.Api.Auth.CustomAuthenticationHandler: "CustomAuthentication" was not authenticated. Failure message: "Invalid token."
[2025-02-17 05:17:45.759 +00:00] [INF] [24] Jellyfin.Api.Auth.CustomAuthenticationHandler: AuthenticationScheme: "CustomAuthentication" was challenged.
[2025-02-17 05:17:55.764 +00:00] [INF] [24] Jellyfin.Api.Auth.CustomAuthenticationHandler: "CustomAuthentication" was not authenticated. Failure message: "Invalid token."
[2025-02-17 05:17:55.764 +00:00] [INF] [24] Jellyfin.Api.Auth.CustomAuthenticationHandler: "CustomAuthentication" was not authenticated. Failure message: "Invalid token."
[2025-02-17 05:17:55.764 +00:00] [INF] [24] Jellyfin.Api.Auth.CustomAuthenticationHandler: AuthenticationScheme: "CustomAuthentication" was challenged.
[2025-02-17 05:18:05.762 +00:00] [INF] [26] Jellyfin.Api.Auth.CustomAuthenticationHandler: "CustomAuthentication" was not authenticated. Failure message: "Invalid token."
[2025-02-17 05:18:05.762 +00:00] [INF] [26] Jellyfin.Api.Auth.CustomAuthenticationHandler: "CustomAuthentication" was not authenticated. Failure message: "Invalid token."
[2025-02-17 05:18:05.762 +00:00] [INF] [26] Jellyfin.Api.Auth.CustomAuthenticationHandler: AuthenticationScheme: "CustomAuthentication" was challenged.
[2025-02-17 05:18:15.754 +00:00] [INF] [24] Jellyfin.Api.Auth.CustomAuthenticationHandler: "CustomAuthentication" was not authenticated. Failure message: "Invalid token."
[2025-02-17 05:18:15.754 +00:00] [INF] [24] Jellyfin.Api.Auth.CustomAuthenticationHandler: "CustomAuthentication" was not authenticated. Failure message: "Invalid token."
[2025-02-17 05:18:15.754 +00:00] [INF] [24] Jellyfin.Api.Auth.CustomAuthenticationHandler: AuthenticationScheme: "CustomAuthentication" was challenged.
[2025-02-17 05:18:25.790 +00:00] [INF] [19] Jellyfin.Api.Auth.CustomAuthenticationHandler: "CustomAuthentication" was not authenticated. Failure message: "Invalid token."
[2025-02-17 05:18:25.790 +00:00] [INF] [19] Jellyfin.Api.Auth.CustomAuthenticationHandler: "CustomAuthentication" was not authenticated. Failure message: "Invalid token."
[2025-02-17 05:18:25.791 +00:00] [INF] [19] Jellyfin.Api.Auth.CustomAuthenticationHandler: AuthenticationScheme: "CustomAuthentication" was challenged.
[2025-02-17 05:18:35.756 +00:00] [INF] [24] Jellyfin.Api.Auth.CustomAuthenticationHandler: "CustomAuthentication" was not authenticated. Failure message: "Invalid token."
[2025-02-17 05:18:35.756 +00:00] [INF] [24] Jellyfin.Api.Auth.CustomAuthenticationHandler: "CustomAuthentication" was not authenticated. Failure message: "Invalid token."
[2025-02-17 05:18:35.756 +00:00] [INF] [24] Jellyfin.Api.Auth.CustomAuthenticationHandler: AuthenticationScheme: "CustomAuthentication" was challenged.
[2025-02-17 05:18:45.766 +00:00] [INF] [29] Jellyfin.Api.Auth.CustomAuthenticationHandler: "CustomAuthentication" was not authenticated. Failure message: "Invalid token."
[2025-02-17 05:18:45.766 +00:00] [INF] [29] Jellyfin.Api.Auth.CustomAuthenticationHandler: "CustomAuthentication" was not authenticated. Failure message: "Invalid token."
[2025-02-17 05:18:45.766 +00:00] [INF] [29] Jellyfin.Api.Auth.CustomAuthenticationHandler: AuthenticationScheme: "CustomAuthentication" was challenged.
[2025-02-17 05:18:55.766 +00:00] [INF] [24] Jellyfin.Api.Auth.CustomAuthenticationHandler: "CustomAuthentication" was not authenticated. Failure message: "Invalid token."
[2025-02-17 05:18:55.766 +00:00] [INF] [24] Jellyfin.Api.Auth.CustomAuthenticationHandler: "CustomAuthentication" was not authenticated. Failure message: "Invalid token."
[2025-02-17 05:18:55.766 +00:00] [INF] [24] Jellyfin.Api.Auth.CustomAuthenticationHandler: AuthenticationScheme: "CustomAuthentication" was challenged.
[2025-02-17 05:19:05.772 +00:00] [INF] [29] Jellyfin.Api.Auth.CustomAuthenticationHandler: "CustomAuthentication" was not authenticated. Failure message: "Invalid token."
[2025-02-17 05:19:05.772 +00:00] [INF] [29] Jellyfin.Api.Auth.CustomAuthenticationHandler: "CustomAuthentication" was not authenticated. Failure message: "Invalid token."
[2025-02-17 05:19:05.772 +00:00] [INF] [29] Jellyfin.Api.Auth.CustomAuthenticationHandler: AuthenticationScheme: "CustomAuthentication" was challenged.
[2025-02-17 05:19:15.767 +00:00] [INF] [33] Jellyfin.Api.Auth.CustomAuthenticationHandler: "CustomAuthentication" was not authenticated. Failure message: "Invalid token."
[2025-02-17 05:19:15.767 +00:00] [INF] [33] Jellyfin.Api.Auth.CustomAuthenticationHandler: "CustomAuthentication" was not authenticated. Failure message: "Invalid token."
[2025-02-17 05:19:15.767 +00:00] [INF] [33] Jellyfin.Api.Auth.CustomAuthenticationHandler: AuthenticationScheme: "CustomAuthentication" was challenged.
[2025-02-17 05:19:25.757 +00:00] [INF] [23] Jellyfin.Api.Auth.CustomAuthenticationHandler: "CustomAuthentication" was not authenticated. Failure message: "Invalid token."
[2025-02-17 05:19:25.757 +00:00] [INF] [23] Jellyfin.Api.Auth.CustomAuthenticationHandler: "CustomAuthentication" was not authenticated. Failure message: "Invalid token."
[2025-02-17 05:19:25.757 +00:00] [INF] [23] Jellyfin.Api.Auth.CustomAuthenticationHandler: AuthenticationScheme: "CustomAuthentication" was challenged.
[2025-02-17 05:19:35.765 +00:00] [INF] [33] Jellyfin.Api.Auth.CustomAuthenticationHandler: "CustomAuthentication" was not authenticated. Failure message: "Invalid token."
[2025-02-17 05:19:35.765 +00:00] [INF] [33] Jellyfin.Api.Auth.CustomAuthenticationHandler: "CustomAuthentication" was not authenticated. Failure message: "Invalid token."
[2025-02-17 05:19:35.765 +00:00] [INF] [33] Jellyfin.Api.Auth.CustomAuthenticationHandler: AuthenticationScheme: "CustomAuthentication" was challenged.
[2025-02-17 05:19:45.757 +00:00] [INF] [29] Jellyfin.Api.Auth.CustomAuthenticationHandler: "CustomAuthentication" was not authenticated. Failure message: "Invalid token."
[2025-02-17 05:19:45.757 +00:00] [INF] [29] Jellyfin.Api.Auth.CustomAuthenticationHandler: "CustomAuthentication" was not authenticated. Failure message: "Invalid token."
[2025-02-17 05:19:45.758 +00:00] [INF] [29] Jellyfin.Api.Auth.CustomAuthenticationHandler: AuthenticationScheme: "CustomAuthentication" was challenged.
[2025-02-17 05:19:55.755 +00:00] [INF] [29] Jellyfin.Api.Auth.CustomAuthenticationHandler: "CustomAuthentication" was not authenticated. Failure message: "Invalid token."
[2025-02-17 05:19:55.755 +00:00] [INF] [29] Jellyfin.Api.Auth.CustomAuthenticationHandler: "CustomAuthentication" was not authenticated. Failure message: "Invalid token."
[2025-02-17 05:19:55.755 +00:00] [INF] [29] Jellyfin.Api.Auth.CustomAuthenticationHandler: AuthenticationScheme: "CustomAuthentication" was challenged.
[2025-02-17 05:20:05.753 +00:00] [INF] [77] Jellyfin.Api.Auth.CustomAuthenticationHandler: "CustomAuthentication" was not authenticated. Failure message: "Invalid token."
[2025-02-17 05:20:05.753 +00:00] [INF] [77] Jellyfin.Api.Auth.CustomAuthenticationHandler: "CustomAuthentication" was not authenticated. Failure message: "Invalid token."
[2025-02-17 05:20:05.753 +00:00] [INF] [77] Jellyfin.Api.Auth.CustomAuthenticationHandler: AuthenticationScheme: "CustomAuthentication" was challenged.
[2025-02-17 05:20:15.771 +00:00] [INF] [77] Jellyfin.Api.Auth.CustomAuthenticationHandler: "CustomAuthentication" was not authenticated. Failure message: "Invalid token."
[2025-02-17 05:20:15.771 +00:00] [INF] [77] Jellyfin.Api.Auth.CustomAuthenticationHandler: "CustomAuthentication" was not authenticated. Failure message: "Invalid token."
[2025-02-17 05:20:15.771 +00:00] [INF] [77] Jellyfin.Api.Auth.CustomAuthenticationHandler: AuthenticationScheme: "CustomAuthentication" was challenged.
[2025-02-17 05:20:25.761 +00:00] [INF] [23] Jellyfin.Api.Auth.CustomAuthenticationHandler: "CustomAuthentication" was not authenticated. Failure message: "Invalid token."
[2025-02-17 05:20:25.761 +00:00] [INF] [23] Jellyfin.Api.Auth.CustomAuthenticationHandler: "CustomAuthentication" was not authenticated. Failure message: "Invalid token."
[2025-02-17 05:20:25.761 +00:00] [INF] [23] Jellyfin.Api.Auth.CustomAuthenticationHandler: AuthenticationScheme: "CustomAuthentication" was challenged.
[2025-02-17 05:20:35.757 +00:00] [INF] [77] Jellyfin.Api.Auth.CustomAuthenticationHandler: "CustomAuthentication" was not authenticated. Failure message: "Invalid token."
[2025-02-17 05:20:35.757 +00:00] [INF] [77] Jellyfin.Api.Auth.CustomAuthenticationHandler: "CustomAuthentication" was not authenticated. Failure message: "Invalid token."
[2025-02-17 05:20:35.757 +00:00] [INF] [77] Jellyfin.Api.Auth.CustomAuthenticationHandler: AuthenticationScheme: "CustomAuthentication" was challenged.
[2025-02-17 05:20:45.757 +00:00] [INF] [77] Jellyfin.Api.Auth.CustomAuthenticationHandler: "CustomAuthentication" was not authenticated. Failure message: "Invalid token."
[2025-02-17 05:20:45.757 +00:00] [INF] [77] Jellyfin.Api.Auth.CustomAuthenticationHandler: "CustomAuthentication" was not authenticated. Failure message: "Invalid token."
[2025-02-17 05:20:45.757 +00:00] [INF] [77] Jellyfin.Api.Auth.CustomAuthenticationHandler: AuthenticationScheme: "CustomAuthentication" was challenged.
[2025-02-17 05:20:55.761 +00:00] [INF] [53] Jellyfin.Api.Auth.CustomAuthenticationHandler: "CustomAuthentication" was not authenticated. Failure message: "Invalid token."
[2025-02-17 05:20:55.761 +00:00] [INF] [53] Jellyfin.Api.Auth.CustomAuthenticationHandler: "CustomAuthentication" was not authenticated. Failure message: "Invalid token."
[2025-02-17 05:20:55.761 +00:00] [INF] [53] Jellyfin.Api.Auth.CustomAuthenticationHandler: AuthenticationScheme: "CustomAuthentication" was challenged.
[2025-02-17 05:21:05.759 +00:00] [INF] [53] Jellyfin.Api.Auth.CustomAuthenticationHandler: "CustomAuthentication" was not authenticated. Failure message: "Invalid token."
[2025-02-17 05:21:05.759 +00:00] [INF] [53] Jellyfin.Api.Auth.CustomAuthenticationHandler: "CustomAuthentication" was not authenticated. Failure message: "Invalid token."
[2025-02-17 05:21:05.759 +00:00] [INF] [53] Jellyfin.Api.Auth.CustomAuthenticationHandler: AuthenticationScheme: "CustomAuthentication" was challenged.
[2025-02-17 05:21:15.803 +00:00] [INF] [77] Jellyfin.Api.Auth.CustomAuthenticationHandler: "CustomAuthentication" was not authenticated. Failure message: "Invalid token."
[2025-02-17 05:21:15.803 +00:00] [INF] [77] Jellyfin.Api.Auth.CustomAuthenticationHandler: "CustomAuthentication" was not authenticated. Failure message: "Invalid token."
[2025-02-17 05:21:15.803 +00:00] [INF] [77] Jellyfin.Api.Auth.CustomAuthenticationHandler: AuthenticationScheme: "CustomAuthentication" was challenged.
[2025-02-17 05:21:25.753 +00:00] [INF] [53] Jellyfin.Api.Auth.CustomAuthenticationHandler: "CustomAuthentication" was not authenticated. Failure message: "Invalid token."
[2025-02-17 05:21:25.753 +00:00] [INF] [53] Jellyfin.Api.Auth.CustomAuthenticationHandler: "CustomAuthentication" was not authenticated. Failure message: "Invalid token."
[2025-02-17 05:21:25.753 +00:00] [INF] [53] Jellyfin.Api.Auth.CustomAuthenticationHandler: AuthenticationScheme: "CustomAuthentication" was challenged.
[2025-02-17 05:21:35.784 +00:00] [INF] [29] Jellyfin.Api.Auth.CustomAuthenticationHandler: "CustomAuthentication" was not authenticated. Failure message: "Invalid token."
[2025-02-17 05:21:35.784 +00:00] [INF] [29] Jellyfin.Api.Auth.CustomAuthenticationHandler: "CustomAuthentication" was not authenticated. Failure message: "Invalid token."
[2025-02-17 05:21:35.784 +00:00] [INF] [29] Jellyfin.Api.Auth.CustomAuthenticationHandler: AuthenticationScheme: "CustomAuthentication" was challenged.
[2025-02-17 05:21:45.773 +00:00] [INF] [29] Jellyfin.Api.Auth.CustomAuthenticationHandler: "CustomAuthentication" was not authenticated. Failure message: "Invalid token."
[2025-02-17 05:21:45.773 +00:00] [INF] [29] Jellyfin.Api.Auth.CustomAuthenticationHandler: "CustomAuthentication" was not authenticated. Failure message: "Invalid token."
[2025-02-17 05:21:45.773 +00:00] [INF] [29] Jellyfin.Api.Auth.CustomAuthenticationHandler: AuthenticationScheme: "CustomAuthentication" was challenged.
[2025-02-17 05:21:55.763 +00:00] [INF] [43] Jellyfin.Api.Auth.CustomAuthenticationHandler: "CustomAuthentication" was not authenticated. Failure message: "Invalid token."
[2025-02-17 05:21:55.763 +00:00] [INF] [43] Jellyfin.Api.Auth.CustomAuthenticationHandler: "CustomAuthentication" was not authenticated. Failure message: "Invalid token."
[2025-02-17 05:21:55.764 +00:00] [INF] [43] Jellyfin.Api.Auth.CustomAuthenticationHandler: AuthenticationScheme: "CustomAuthentication" was challenged.
[2025-02-17 05:22:05.758 +00:00] [INF] [29] Jellyfin.Api.Auth.CustomAuthenticationHandler: "CustomAuthentication" was not authenticated. Failure message: "Invalid token."
[2025-02-17 05:22:05.759 +00:00] [INF] [29] Jellyfin.Api.Auth.CustomAuthenticationHandler: "CustomAuthentication" was not authenticated. Failure message: "Invalid token."
[2025-02-17 05:22:05.759 +00:00] [INF] [29] Jellyfin.Api.Auth.CustomAuthenticationHandler: AuthenticationScheme: "CustomAuthentication" was challenged.
[2025-02-17 05:22:15.756 +00:00] [INF] [53] Jellyfin.Api.Auth.CustomAuthenticationHandler: "CustomAuthentication" was not authenticated. Failure message: "Invalid token."
[2025-02-17 05:22:15.756 +00:00] [INF] [53] Jellyfin.Api.Auth.CustomAuthenticationHandler: "CustomAuthentication" was not authenticated. Failure message: "Invalid token."
[2025-02-17 05:22:15.756 +00:00] [INF] [53] Jellyfin.Api.Auth.CustomAuthenticationHandler: AuthenticationScheme: "CustomAuthentication" was challenged.
[2025-02-17 05:22:25.767 +00:00] [INF] [43] Jellyfin.Api.Auth.CustomAuthenticationHandler: "CustomAuthentication" was not authenticated. Failure message: "Invalid token."
[2025-02-17 05:22:25.768 +00:00] [INF] [43] Jellyfin.Api.Auth.CustomAuthenticationHandler: "CustomAuthentication" was not authenticated. Failure message: "Invalid token."
[2025-02-17 05:22:25.768 +00:00] [INF] [43] Jellyfin.Api.Auth.CustomAuthenticationHandler: AuthenticationScheme: "CustomAuthentication" was challenged.
[2025-02-17 05:22:35.757 +00:00] [INF] [43] Jellyfin.Api.Auth.CustomAuthenticationHandler: "CustomAuthentication" was not authenticated. Failure message: "Invalid token."
[2025-02-17 05:22:35.757 +00:00] [INF] [43] Jellyfin.Api.Auth.CustomAuthenticationHandler: "CustomAuthentication" was not authenticated. Failure message: "Invalid token."
[2025-02-17 05:22:35.757 +00:00] [INF] [43] Jellyfin.Api.Auth.CustomAuthenticationHandler: AuthenticationScheme: "CustomAuthentication" was challenged.
[2025-02-17 05:22:45.758 +00:00] [INF] [43] Jellyfin.Api.Auth.CustomAuthenticationHandler: "CustomAuthentication" was not authenticated. Failure message: "Invalid token."
[2025-02-17 05:22:45.759 +00:00] [INF] [43] Jellyfin.Api.Auth.CustomAuthenticationHandler: "CustomAuthentication" was not authenticated. Failure message: "Invalid token."
[2025-02-17 05:22:45.759 +00:00] [INF] [43] Jellyfin.Api.Auth.CustomAuthenticationHandler: AuthenticationScheme: "CustomAuthentication" was challenged.
[2025-02-17 05:22:55.756 +00:00] [INF] [43] Jellyfin.Api.Auth.CustomAuthenticationHandler: "CustomAuthentication" was not authenticated. Failure message: "Invalid token."
[2025-02-17 05:22:55.757 +00:00] [INF] [43] Jellyfin.Api.Auth.CustomAuthenticationHandler: "CustomAuthentication" was not authenticated. Failure message: "Invalid token."
[2025-02-17 05:22:55.757 +00:00] [INF] [43] Jellyfin.Api.Auth.CustomAuthenticationHandler: AuthenticationScheme: "CustomAuthentication" was challenged.
[2025-02-17 05:23:05.765 +00:00] [INF] [43] Jellyfin.Api.Auth.CustomAuthenticationHandler: "CustomAuthentication" was not authenticated. Failure message: "Invalid token."
[2025-02-17 05:23:05.766 +00:00] [INF] [43] Jellyfin.Api.Auth.CustomAuthenticationHandler: "CustomAuthentication" was not authenticated. Failure message: "Invalid token."
[2025-02-17 05:23:05.766 +00:00] [INF] [43] Jellyfin.Api.Auth.CustomAuthenticationHandler: AuthenticationScheme: "CustomAuthentication" was challenged.
[2025-02-17 05:23:15.761 +00:00] [INF] [16] Jellyfin.Api.Auth.CustomAuthenticationHandler: "CustomAuthentication" was not authenticated. Failure message: "Invalid token."
[2025-02-17 05:23:15.761 +00:00] [INF] [16] Jellyfin.Api.Auth.CustomAuthenticationHandler: "CustomAuthentication" was not authenticated. Failure message: "Invalid token."
[2025-02-17 05:23:15.761 +00:00] [INF] [16] Jellyfin.Api.Auth.CustomAuthenticationHandler: AuthenticationScheme: "CustomAuthentication" was challenged.
[2025-02-17 05:23:25.754 +00:00] [INF] [51] Jellyfin.Api.Auth.CustomAuthenticationHandler: "CustomAuthentication" was not authenticated. Failure message: "Invalid token."
[2025-02-17 05:23:25.755 +00:00] [INF] [51] Jellyfin.Api.Auth.CustomAuthenticationHandler: "CustomAuthentication" was not authenticated. Failure message: "Invalid token."
[2025-02-17 05:23:25.755 +00:00] [INF] [51] Jellyfin.Api.Auth.CustomAuthenticationHandler: AuthenticationScheme: "CustomAuthentication" was challenged.
[2025-02-17 05:23:35.796 +00:00] [INF] [43] Jellyfin.Api.Auth.CustomAuthenticationHandler: "CustomAuthentication" was not authenticated. Failure message: "Invalid token."
[2025-02-17 05:23:35.797 +00:00] [INF] [43] Jellyfin.Api.Auth.CustomAuthenticationHandler: "CustomAuthentication" was not authenticated. Failure message: "Invalid token."
[2025-02-17 05:23:35.797 +00:00] [INF] [43] Jellyfin.Api.Auth.CustomAuthenticationHandler: AuthenticationScheme: "CustomAuthentication" was challenged.
[2025-02-17 05:23:45.759 +00:00] [INF] [43] Jellyfin.Api.Auth.CustomAuthenticationHandler: "CustomAuthentication" was not authenticated. Failure message: "Invalid token."
[2025-02-17 05:23:45.759 +00:00] [INF] [43] Jellyfin.Api.Auth.CustomAuthenticationHandler: "CustomAuthentication" was not authenticated. Failure message: "Invalid token."
[2025-02-17 05:23:45.759 +00:00] [INF] [43] Jellyfin.Api.Auth.CustomAuthenticationHandler: AuthenticationScheme: "CustomAuthentication" was challenged.
[2025-02-17 05:23:55.759 +00:00] [INF] [43] Jellyfin.Api.Auth.CustomAuthenticationHandler: "CustomAuthentication" was not authenticated. Failure message: "Invalid token."
[2025-02-17 05:23:55.759 +00:00] [INF] [43] Jellyfin.Api.Auth.CustomAuthenticationHandler: "CustomAuthentication" was not authenticated. Failure message: "Invalid token."
[2025-02-17 05:23:55.759 +00:00] [INF] [43] Jellyfin.Api.Auth.CustomAuthenticationHandler: AuthenticationScheme: "CustomAuthentication" was challenged.
[2025-02-17 05:24:05.759 +00:00] [INF] [43] Jellyfin.Api.Auth.CustomAuthenticationHandler: "CustomAuthentication" was not authenticated. Failure message: "Invalid token."
[2025-02-17 05:24:05.759 +00:00] [INF] [43] Jellyfin.Api.Auth.CustomAuthenticationHandler: "CustomAuthentication" was not authenticated. Failure message: "Invalid token."
[2025-02-17 05:24:05.759 +00:00] [INF] [43] Jellyfin.Api.Auth.CustomAuthenticationHandler: AuthenticationScheme: "CustomAuthentication" was challenged.
[2025-02-17 05:24:15.753 +00:00] [INF] [43] Jellyfin.Api.Auth.CustomAuthenticationHandler: "CustomAuthentication" was not authenticated. Failure message: "Invalid token."
[2025-02-17 05:24:15.753 +00:00] [INF] [43] Jellyfin.Api.Auth.CustomAuthenticationHandler: "CustomAuthentication" was not authenticated. Failure message: "Invalid token."
[2025-02-17 05:24:15.753 +00:00] [INF] [43] Jellyfin.Api.Auth.CustomAuthenticationHandler: AuthenticationScheme: "CustomAuthentication" was challenged.
[2025-02-17 05:24:25.757 +00:00] [INF] [43] Jellyfin.Api.Auth.CustomAuthenticationHandler: "CustomAuthentication" was not authenticated. Failure message: "Invalid token."
[2025-02-17 05:24:25.757 +00:00] [INF] [43] Jellyfin.Api.Auth.CustomAuthenticationHandler: "CustomAuthentication" was not authenticated. Failure message: "Invalid token."
[2025-02-17 05:24:25.758 +00:00] [INF] [43] Jellyfin.Api.Auth.CustomAuthenticationHandler: AuthenticationScheme: "CustomAuthentication" was challenged.
[2025-02-17 05:24:35.764 +00:00] [INF] [10] Jellyfin.Api.Auth.CustomAuthenticationHandler: "CustomAuthentication" was not authenticated. Failure message: "Invalid token."
[2025-02-17 05:24:35.764 +00:00] [INF] [10] Jellyfin.Api.Auth.CustomAuthenticationHandler: "CustomAuthentication" was not authenticated. Failure message: "Invalid token."
[2025-02-17 05:24:35.764 +00:00] [INF] [10] Jellyfin.Api.Auth.CustomAuthenticationHandler: AuthenticationScheme: "CustomAuthentication" was challenged.
[2025-02-17 05:24:45.760 +00:00] [INF] [10] Jellyfin.Api.Auth.CustomAuthenticationHandler: "CustomAuthentication" was not authenticated. Failure message: "Invalid token."
[2025-02-17 05:24:45.760 +00:00] [INF] [10] Jellyfin.Api.Auth.CustomAuthenticationHandler: "CustomAuthentication" was not authenticated. Failure message: "Invalid token."
[2025-02-17 05:24:45.760 +00:00] [INF] [10] Jellyfin.Api.Auth.CustomAuthenticationHandler: AuthenticationScheme: "CustomAuthentication" was challenged.
[2025-02-17 05:24:55.771 +00:00] [INF] [43] Jellyfin.Api.Auth.CustomAuthenticationHandler: "CustomAuthentication" was not authenticated. Failure message: "Invalid token."
[2025-02-17 05:24:55.771 +00:00] [INF] [43] Jellyfin.Api.Auth.CustomAuthenticationHandler: "CustomAuthentication" was not authenticated. Failure message: "Invalid token."
[2025-02-17 05:24:55.771 +00:00] [INF] [43] Jellyfin.Api.Auth.CustomAuthenticationHandler: AuthenticationScheme: "CustomAuthentication" was challenged.
[2025-02-17 05:25:05.869 +00:00] [INF] [10] Jellyfin.Api.Auth.CustomAuthenticationHandler: "CustomAuthentication" was not authenticated. Failure message: "Invalid token."
[2025-02-17 05:25:05.869 +00:00] [INF] [10] Jellyfin.Api.Auth.CustomAuthenticationHandler: "CustomAuthentication" was not authenticated. Failure message: "Invalid token."
[2025-02-17 05:25:05.869 +00:00] [INF] [10] Jellyfin.Api.Auth.CustomAuthenticationHandler: AuthenticationScheme: "CustomAuthentication" was challenged.
[2025-02-17 05:25:15.759 +00:00] [INF] [16] Jellyfin.Api.Auth.CustomAuthenticationHandler: "CustomAuthentication" was not authenticated. Failure message: "Invalid token."
[2025-02-17 05:25:15.760 +00:00] [INF] [16] Jellyfin.Api.Auth.CustomAuthenticationHandler: "CustomAuthentication" was not authenticated. Failure message: "Invalid token."
[2025-02-17 05:25:15.760 +00:00] [INF] [16] Jellyfin.Api.Auth.CustomAuthenticationHandler: AuthenticationScheme: "CustomAuthentication" was challenged.
[2025-02-17 05:25:25.755 +00:00] [INF] [16] Jellyfin.Api.Auth.CustomAuthenticationHandler: "CustomAuthentication" was not authenticated. Failure message: "Invalid token."
[2025-02-17 05:25:25.755 +00:00] [INF] [16] Jellyfin.Api.Auth.CustomAuthenticationHandler: "CustomAuthentication" was not authenticated. Failure message: "Invalid token."
[2025-02-17 05:25:25.756 +00:00] [INF] [16] Jellyfin.Api.Auth.CustomAuthenticationHandler: AuthenticationScheme: "CustomAuthentication" was challenged.
[2025-02-17 05:25:35.758 +00:00] [INF] [30] Jellyfin.Api.Auth.CustomAuthenticationHandler: "CustomAuthentication" was not authenticated. Failure message: "Invalid token."
[2025-02-17 05:25:35.759 +00:00] [INF] [30] Jellyfin.Api.Auth.CustomAuthenticationHandler: "CustomAuthentication" was not authenticated. Failure message: "Invalid token."
[2025-02-17 05:25:35.759 +00:00] [INF] [30] Jellyfin.Api.Auth.CustomAuthenticationHandler: AuthenticationScheme: "CustomAuthentication" was challenged.
[2025-02-17 05:25:45.757 +00:00] [INF] [10] Jellyfin.Api.Auth.CustomAuthenticationHandler: "CustomAuthentication" was not authenticated. Failure message: "Invalid token."
[2025-02-17 05:25:45.757 +00:00] [INF] [10] Jellyfin.Api.Auth.CustomAuthenticationHandler: "CustomAuthentication" was not authenticated. Failure message: "Invalid token."
[2025-02-17 05:25:45.757 +00:00] [INF] [10] Jellyfin.Api.Auth.CustomAuthenticationHandler: AuthenticationScheme: "CustomAuthentication" was challenged.
[2025-02-17 05:25:55.760 +00:00] [INF] [10] Jellyfin.Api.Auth.CustomAuthenticationHandler: "CustomAuthentication" was not authenticated. Failure message: "Invalid token."
[2025-02-17 05:25:55.760 +00:00] [INF] [10] Jellyfin.Api.Auth.CustomAuthenticationHandler: "CustomAuthentication" was not authenticated. Failure message: "Invalid token."
[2025-02-17 05:25:55.760 +00:00] [INF] [10] Jellyfin.Api.Auth.CustomAuthenticationHandler: AuthenticationScheme: "CustomAuthentication" was challenged.
[2025-02-17 05:26:05.758 +00:00] [INF] [30] Jellyfin.Api.Auth.CustomAuthenticationHandler: "CustomAuthentication" was not authenticated. Failure message: "Invalid token."
[2025-02-17 05:26:05.758 +00:00] [INF] [30] Jellyfin.Api.Auth.CustomAuthenticationHandler: "CustomAuthentication" was not authenticated. Failure message: "Invalid token."
[2025-02-17 05:26:05.758 +00:00] [INF] [30] Jellyfin.Api.Auth.CustomAuthenticationHandler: AuthenticationScheme: "CustomAuthentication" was challenged.
[2025-02-17 05:26:15.753 +00:00] [INF] [10] Jellyfin.Api.Auth.CustomAuthenticationHandler: "CustomAuthentication" was not authenticated. Failure message: "Invalid token."
[2025-02-17 05:26:15.753 +00:00] [INF] [10] Jellyfin.Api.Auth.CustomAuthenticationHandler: "CustomAuthentication" was not authenticated. Failure message: "Invalid token."
[2025-02-17 05:26:15.753 +00:00] [INF] [10] Jellyfin.Api.Auth.CustomAuthenticationHandler: AuthenticationScheme: "CustomAuthentication" was challenged.
[2025-02-17 05:26:25.761 +00:00] [INF] [10] Jellyfin.Api.Auth.CustomAuthenticationHandler: "CustomAuthentication" was not authenticated. Failure message: "Invalid token."
[2025-02-17 05:26:25.762 +00:00] [INF] [10] Jellyfin.Api.Auth.CustomAuthenticationHandler: "CustomAuthentication" was not authenticated. Failure message: "Invalid token."
[2025-02-17 05:26:25.762 +00:00] [INF] [10] Jellyfin.Api.Auth.CustomAuthenticationHandler: AuthenticationScheme: "CustomAuthentication" was challenged.
[2025-02-17 05:26:35.763 +00:00] [INF] [30] Jellyfin.Api.Auth.CustomAuthenticationHandler: "CustomAuthentication" was not authenticated. Failure message: "Invalid token."
[2025-02-17 05:26:35.763 +00:00] [INF] [30] Jellyfin.Api.Auth.CustomAuthenticationHandler: "CustomAuthentication" was not authenticated. Failure message: "Invalid token."
[2025-02-17 05:26:35.764 +00:00] [INF] [30] Jellyfin.Api.Auth.CustomAuthenticationHandler: AuthenticationScheme: "CustomAuthentication" was challenged.
[2025-02-17 05:26:45.754 +00:00] [INF] [77] Jellyfin.Api.Auth.CustomAuthenticationHandler: "CustomAuthentication" was not authenticated. Failure message: "Invalid token."
[2025-02-17 05:26:45.754 +00:00] [INF] [77] Jellyfin.Api.Auth.CustomAuthenticationHandler: "CustomAuthentication" was not authenticated. Failure message: "Invalid token."
[2025-02-17 05:26:45.754 +00:00] [INF] [77] Jellyfin.Api.Auth.CustomAuthenticationHandler: AuthenticationScheme: "CustomAuthentication" was challenged.
[2025-02-17 05:26:55.759 +00:00] [INF] [56] Jellyfin.Api.Auth.CustomAuthenticationHandler: "CustomAuthentication" was not authenticated. Failure message: "Invalid token."
[2025-02-17 05:26:55.759 +00:00] [INF] [56] Jellyfin.Api.Auth.CustomAuthenticationHandler: "CustomAuthentication" was not authenticated. Failure message: "Invalid token."
[2025-02-17 05:26:55.759 +00:00] [INF] [56] Jellyfin.Api.Auth.CustomAuthenticationHandler: AuthenticationScheme: "CustomAuthentication" was challenged.
[2025-02-17 05:27:05.765 +00:00] [INF] [56] Jellyfin.Api.Auth.CustomAuthenticationHandler: "CustomAuthentication" was not authenticated. Failure message: "Invalid token."
[2025-02-17 05:27:05.765 +00:00] [INF] [56] Jellyfin.Api.Auth.CustomAuthenticationHandler: "CustomAuthentication" was not authenticated. Failure message: "Invalid token."
[2025-02-17 05:27:05.765 +00:00] [INF] [56] Jellyfin.Api.Auth.CustomAuthenticationHandler: AuthenticationScheme: "CustomAuthentication" was challenged.
[2025-02-17 05:27:15.762 +00:00] [INF] [30] Jellyfin.Api.Auth.CustomAuthenticationHandler: "CustomAuthentication" was not authenticated. Failure message: "Invalid token."
[2025-02-17 05:27:15.762 +00:00] [INF] [30] Jellyfin.Api.Auth.CustomAuthenticationHandler: "CustomAuthentication" was not authenticated. Failure message: "Invalid token."
[2025-02-17 05:27:15.762 +00:00] [INF] [30] Jellyfin.Api.Auth.CustomAuthenticationHandler: AuthenticationScheme: "CustomAuthentication" was challenged.
[2025-02-17 05:27:25.771 +00:00] [INF] [30] Jellyfin.Api.Auth.CustomAuthenticationHandler: "CustomAuthentication" was not authenticated. Failure message: "Invalid token."
[2025-02-17 05:27:25.771 +00:00] [INF] [30] Jellyfin.Api.Auth.CustomAuthenticationHandler: "CustomAuthentication" was not authenticated. Failure message: "Invalid token."
[2025-02-17 05:27:25.771 +00:00] [INF] [30] Jellyfin.Api.Auth.CustomAuthenticationHandler: AuthenticationScheme: "CustomAuthentication" was challenged.
[2025-02-17 05:27:35.757 +00:00] [INF] [77] Jellyfin.Api.Auth.CustomAuthenticationHandler: "CustomAuthentication" was not authenticated. Failure message: "Invalid token."
[2025-02-17 05:27:35.757 +00:00] [INF] [77] Jellyfin.Api.Auth.CustomAuthenticationHandler: "CustomAuthentication" was not authenticated. Failure message: "Invalid token."
[2025-02-17 05:27:35.757 +00:00] [INF] [77] Jellyfin.Api.Auth.CustomAuthenticationHandler: AuthenticationScheme: "CustomAuthentication" was challenged.
[2025-02-17 05:27:45.760 +00:00] [INF] [23] Jellyfin.Api.Auth.CustomAuthenticationHandler: "CustomAuthentication" was not authenticated. Failure message: "Invalid token."
[2025-02-17 05:27:45.760 +00:00] [INF] [23] Jellyfin.Api.Auth.CustomAuthenticationHandler: "CustomAuthentication" was not authenticated. Failure message: "Invalid token."
[2025-02-17 05:27:45.760 +00:00] [INF] [23] Jellyfin.Api.Auth.CustomAuthenticationHandler: AuthenticationScheme: "CustomAuthentication" was challenged.
[2025-02-17 05:27:55.774 +00:00] [INF] [49] Jellyfin.Api.Auth.CustomAuthenticationHandler: "CustomAuthentication" was not authenticated. Failure message: "Invalid token."
[2025-02-17 05:27:55.774 +00:00] [INF] [49] Jellyfin.Api.Auth.CustomAuthenticationHandler: "CustomAuthentication" was not authenticated. Failure message: "Invalid token."
[2025-02-17 05:27:55.774 +00:00] [INF] [49] Jellyfin.Api.Auth.CustomAuthenticationHandler: AuthenticationScheme: "CustomAuthentication" was challenged.
[2025-02-17 05:28:05.758 +00:00] [INF] [49] Jellyfin.Api.Auth.CustomAuthenticationHandler: "CustomAuthentication" was not authenticated. Failure message: "Invalid token."
[2025-02-17 05:28:05.758 +00:00] [INF] [49] Jellyfin.Api.Auth.CustomAuthenticationHandler: "CustomAuthentication" was not authenticated. Failure message: "Invalid token."
[2025-02-17 05:28:05.758 +00:00] [INF] [49] Jellyfin.Api.Auth.CustomAuthenticationHandler: AuthenticationScheme: "CustomAuthentication" was challenged.
[2025-02-17 05:28:15.757 +00:00] [INF] [49] Jellyfin.Api.Auth.CustomAuthenticationHandler: "CustomAuthentication" was not authenticated. Failure message: "Invalid token."
[2025-02-17 05:28:15.757 +00:00] [INF] [49] Jellyfin.Api.Auth.CustomAuthenticationHandler: "CustomAuthentication" was not authenticated. Failure message: "Invalid token."
[2025-02-17 05:28:15.757 +00:00] [INF] [49] Jellyfin.Api.Auth.CustomAuthenticationHandler: AuthenticationScheme: "CustomAuthentication" was challenged.
[2025-02-17 05:28:25.754 +00:00] [INF] [49] Jellyfin.Api.Auth.CustomAuthenticationHandler: "CustomAuthentication" was not authenticated. Failure message: "Invalid token."
[2025-02-17 05:28:25.755 +00:00] [INF] [49] Jellyfin.Api.Auth.CustomAuthenticationHandler: "CustomAuthentication" was not authenticated. Failure message: "Invalid token."
[2025-02-17 05:28:25.755 +00:00] [INF] [49] Jellyfin.Api.Auth.CustomAuthenticationHandler: AuthenticationScheme: "CustomAuthentication" was challenged.
[2025-02-17 05:28:35.765 +00:00] [INF] [23] Jellyfin.Api.Auth.CustomAuthenticationHandler: "CustomAuthentication" was not authenticated. Failure message: "Invalid token."
[2025-02-17 05:28:35.765 +00:00] [INF] [23] Jellyfin.Api.Auth.CustomAuthenticationHandler: "CustomAuthentication" was not authenticated. Failure message: "Invalid token."
[2025-02-17 05:28:35.766 +00:00] [INF] [23] Jellyfin.Api.Auth.CustomAuthenticationHandler: AuthenticationScheme: "CustomAuthentication" was challenged.
[2025-02-17 05:28:45.795 +00:00] [INF] [23] Jellyfin.Api.Auth.CustomAuthenticationHandler: "CustomAuthentication" was not authenticated. Failure message: "Invalid token."
[2025-02-17 05:28:45.795 +00:00] [INF] [23] Jellyfin.Api.Auth.CustomAuthenticationHandler: "CustomAuthentication" was not authenticated. Failure message: "Invalid token."
[2025-02-17 05:28:45.795 +00:00] [INF] [23] Jellyfin.Api.Auth.CustomAuthenticationHandler: AuthenticationScheme: "CustomAuthentication" was challenged.
[2025-02-17 05:28:55.758 +00:00] [INF] [23] Jellyfin.Api.Auth.CustomAuthenticationHandler: "CustomAuthentication" was not authenticated. Failure message: "Invalid token."
[2025-02-17 05:28:55.758 +00:00] [INF] [23] Jellyfin.Api.Auth.CustomAuthenticationHandler: "CustomAuthentication" was not authenticated. Failure message: "Invalid token."
[2025-02-17 05:28:55.759 +00:00] [INF] [23] Jellyfin.Api.Auth.CustomAuthenticationHandler: AuthenticationScheme: "CustomAuthentication" was challenged.
[2025-02-17 05:29:05.766 +00:00] [INF] [23] Jellyfin.Api.Auth.CustomAuthenticationHandler: "CustomAuthentication" was not authenticated. Failure message: "Invalid token."
[2025-02-17 05:29:05.766 +00:00] [INF] [23] Jellyfin.Api.Auth.CustomAuthenticationHandler: "CustomAuthentication" was not authenticated. Failure message: "Invalid token."
[2025-02-17 05:29:05.766 +00:00] [INF] [23] Jellyfin.Api.Auth.CustomAuthenticationHandler: AuthenticationScheme: "CustomAuthentication" was challenged.
[2025-02-17 05:29:15.755 +00:00] [INF] [23] Jellyfin.Api.Auth.CustomAuthenticationHandler: "CustomAuthentication" was not authenticated. Failure message: "Invalid token."
[2025-02-17 05:29:15.755 +00:00] [INF] [23] Jellyfin.Api.Auth.CustomAuthenticationHandler: "CustomAuthentication" was not authenticated. Failure message: "Invalid token."
[2025-02-17 05:29:15.755 +00:00] [INF] [23] Jellyfin.Api.Auth.CustomAuthenticationHandler: AuthenticationScheme: "CustomAuthentication" was challenged.
[2025-02-17 05:29:25.755 +00:00] [INF] [23] Jellyfin.Api.Auth.CustomAuthenticationHandler: "CustomAuthentication" was not authenticated. Failure message: "Invalid token."
[2025-02-17 05:29:25.755 +00:00] [INF] [23] Jellyfin.Api.Auth.CustomAuthenticationHandler: "CustomAuthentication" was not authenticated. Failure message: "Invalid token."
[2025-02-17 05:29:25.755 +00:00] [INF] [23] Jellyfin.Api.Auth.CustomAuthenticationHandler: AuthenticationScheme: "CustomAuthentication" was challenged.
[2025-02-17 05:29:35.757 +00:00] [INF] [19] Jellyfin.Api.Auth.CustomAuthenticationHandler: "CustomAuthentication" was not authenticated. Failure message: "Invalid token."
[2025-02-17 05:29:35.758 +00:00] [INF] [19] Jellyfin.Api.Auth.CustomAuthenticationHandler: "CustomAuthentication" was not authenticated. Failure message: "Invalid token."
[2025-02-17 05:29:35.758 +00:00] [INF] [19] Jellyfin.Api.Auth.CustomAuthenticationHandler: AuthenticationScheme: "CustomAuthentication" was challenged.
[2025-02-17 05:29:45.763 +00:00] [INF] [23] Jellyfin.Api.Auth.CustomAuthenticationHandler: "CustomAuthentication" was not authenticated. Failure message: "Invalid token."
[2025-02-17 05:29:45.763 +00:00] [INF] [23] Jellyfin.Api.Auth.CustomAuthenticationHandler: "CustomAuthentication" was not authenticated. Failure message: "Invalid token."
[2025-02-17 05:29:45.763 +00:00] [INF] [23] Jellyfin.Api.Auth.CustomAuthenticationHandler: AuthenticationScheme: "CustomAuthentication" was challenged.
[2025-02-17 05:29:55.756 +00:00] [INF] [23] Jellyfin.Api.Auth.CustomAuthenticationHandler: "CustomAuthentication" was not authenticated. Failure message: "Invalid token."
[2025-02-17 05:29:55.756 +00:00] [INF] [23] Jellyfin.Api.Auth.CustomAuthenticationHandler: "CustomAuthentication" was not authenticated. Failure message: "Invalid token."
[2025-02-17 05:29:55.757 +00:00] [INF] [23] Jellyfin.Api.Auth.CustomAuthenticationHandler: AuthenticationScheme: "CustomAuthentication" was challenged.
[2025-02-17 05:30:05.755 +00:00] [INF] [23] Jellyfin.Api.Auth.CustomAuthenticationHandler: "CustomAuthentication" was not authenticated. Failure message: "Invalid token."
[2025-02-17 05:30:05.756 +00:00] [INF] [23] Jellyfin.Api.Auth.CustomAuthenticationHandler: "CustomAuthentication" was not authenticated. Failure message: "Invalid token."
[2025-02-17 05:30:05.756 +00:00] [INF] [23] Jellyfin.Api.Auth.CustomAuthenticationHandler: AuthenticationScheme: "CustomAuthentication" was challenged.
[2025-02-17 05:30:15.772 +00:00] [INF] [23] Jellyfin.Api.Auth.CustomAuthenticationHandler: "CustomAuthentication" was not authenticated. Failure message: "Invalid token."
[2025-02-17 05:30:15.772 +00:00] [INF] [23] Jellyfin.Api.Auth.CustomAuthenticationHandler: "CustomAuthentication" was not authenticated. Failure message: "Invalid token."
[2025-02-17 05:30:15.772 +00:00] [INF] [23] Jellyfin.Api.Auth.CustomAuthenticationHandler: AuthenticationScheme: "CustomAuthentication" was challenged.
[2025-02-17 05:30:25.758 +00:00] [INF] [23] Jellyfin.Api.Auth.CustomAuthenticationHandler: "CustomAuthentication" was not authenticated. Failure message: "Invalid token."
[2025-02-17 05:30:25.758 +00:00] [INF] [23] Jellyfin.Api.Auth.CustomAuthenticationHandler: "CustomAuthentication" was not authenticated. Failure message: "Invalid token."
[2025-02-17 05:30:25.758 +00:00] [INF] [23] Jellyfin.Api.Auth.CustomAuthenticationHandler: AuthenticationScheme: "CustomAuthentication" was challenged.
[2025-02-17 05:30:35.763 +00:00] [INF] [33] Jellyfin.Api.Auth.CustomAuthenticationHandler: "CustomAuthentication" was not authenticated. Failure message: "Invalid token."
[2025-02-17 05:30:35.763 +00:00] [INF] [33] Jellyfin.Api.Auth.CustomAuthenticationHandler: "CustomAuthentication" was not authenticated. Failure message: "Invalid token."
[2025-02-17 05:30:35.763 +00:00] [INF] [33] Jellyfin.Api.Auth.CustomAuthenticationHandler: AuthenticationScheme: "CustomAuthentication" was challenged.
[2025-02-17 05:30:45.770 +00:00] [INF] [23] Jellyfin.Api.Auth.CustomAuthenticationHandler: "CustomAuthentication" was not authenticated. Failure message: "Invalid token."
[2025-02-17 05:30:45.771 +00:00] [INF] [23] Jellyfin.Api.Auth.CustomAuthenticationHandler: "CustomAuthentication" was not authenticated. Failure message: "Invalid token."
[2025-02-17 05:30:45.771 +00:00] [INF] [23] Jellyfin.Api.Auth.CustomAuthenticationHandler: AuthenticationScheme: "CustomAuthentication" was challenged.
[2025-02-17 05:30:55.754 +00:00] [INF] [33] Jellyfin.Api.Auth.CustomAuthenticationHandler: "CustomAuthentication" was not authenticated. Failure message: "Invalid token."
[2025-02-17 05:30:55.754 +00:00] [INF] [33] Jellyfin.Api.Auth.CustomAuthenticationHandler: "CustomAuthentication" was not authenticated. Failure message: "Invalid token."
[2025-02-17 05:30:55.755 +00:00] [INF] [33] Jellyfin.Api.Auth.CustomAuthenticationHandler: AuthenticationScheme: "CustomAuthentication" was challenged.
[2025-02-17 05:31:05.783 +00:00] [INF] [33] Jellyfin.Api.Auth.CustomAuthenticationHandler: "CustomAuthentication" was not authenticated. Failure message: "Invalid token."
[2025-02-17 05:31:05.784 +00:00] [INF] [33] Jellyfin.Api.Auth.CustomAuthenticationHandler: "CustomAuthentication" was not authenticated. Failure message: "Invalid token."
[2025-02-17 05:31:05.784 +00:00] [INF] [33] Jellyfin.Api.Auth.CustomAuthenticationHandler: AuthenticationScheme: "CustomAuthentication" was challenged.
[2025-02-17 05:31:15.758 +00:00] [INF] [23] Jellyfin.Api.Auth.CustomAuthenticationHandler: "CustomAuthentication" was not authenticated. Failure message: "Invalid token."
[2025-02-17 05:31:15.758 +00:00] [INF] [23] Jellyfin.Api.Auth.CustomAuthenticationHandler: "CustomAuthentication" was not authenticated. Failure message: "Invalid token."
[2025-02-17 05:31:15.758 +00:00] [INF] [23] Jellyfin.Api.Auth.CustomAuthenticationHandler: AuthenticationScheme: "CustomAuthentication" was challenged.
[2025-02-17 05:31:25.761 +00:00] [INF] [49] Jellyfin.Api.Auth.CustomAuthenticationHandler: "CustomAuthentication" was not authenticated. Failure message: "Invalid token."
[2025-02-17 05:31:25.761 +00:00] [INF] [49] Jellyfin.Api.Auth.CustomAuthenticationHandler: "CustomAuthentication" was not authenticated. Failure message: "Invalid token."
[2025-02-17 05:31:25.761 +00:00] [INF] [49] Jellyfin.Api.Auth.CustomAuthenticationHandler: AuthenticationScheme: "CustomAuthentication" was challenged.
[2025-02-17 05:31:35.764 +00:00] [INF] [29] Jellyfin.Api.Auth.CustomAuthenticationHandler: "CustomAuthentication" was not authenticated. Failure message: "Invalid token."
[2025-02-17 05:31:35.764 +00:00] [INF] [29] Jellyfin.Api.Auth.CustomAuthenticationHandler: "CustomAuthentication" was not authenticated. Failure message: "Invalid token."
[2025-02-17 05:31:35.764 +00:00] [INF] [29] Jellyfin.Api.Auth.CustomAuthenticationHandler: AuthenticationScheme: "CustomAuthentication" was challenged.
[2025-02-17 05:31:45.758 +00:00] [INF] [49] Jellyfin.Api.Auth.CustomAuthenticationHandler: "CustomAuthentication" was not authenticated. Failure message: "Invalid token."
[2025-02-17 05:31:45.759 +00:00] [INF] [49] Jellyfin.Api.Auth.CustomAuthenticationHandler: "CustomAuthentication" was not authenticated. Failure message: "Invalid token."
[2025-02-17 05:31:45.759 +00:00] [INF] [49] Jellyfin.Api.Auth.CustomAuthenticationHandler: AuthenticationScheme: "CustomAuthentication" was challenged.
[2025-02-17 05:31:55.752 +00:00] [INF] [23] Jellyfin.Api.Auth.CustomAuthenticationHandler: "CustomAuthentication" was not authenticated. Failure message: "Invalid token."
[2025-02-17 05:31:55.753 +00:00] [INF] [23] Jellyfin.Api.Auth.CustomAuthenticationHandler: "CustomAuthentication" was not authenticated. Failure message: "Invalid token."
[2025-02-17 05:31:55.753 +00:00] [INF] [23] Jellyfin.Api.Auth.CustomAuthenticationHandler: AuthenticationScheme: "CustomAuthentication" was challenged.
[2025-02-17 05:32:05.767 +00:00] [INF] [29] Jellyfin.Api.Auth.CustomAuthenticationHandler: "CustomAuthentication" was not authenticated. Failure message: "Invalid token."
[2025-02-17 05:32:05.767 +00:00] [INF] [29] Jellyfin.Api.Auth.CustomAuthenticationHandler: "CustomAuthentication" was not authenticated. Failure message: "Invalid token."
[2025-02-17 05:32:05.767 +00:00] [INF] [29] Jellyfin.Api.Auth.CustomAuthenticationHandler: AuthenticationScheme: "CustomAuthentication" was challenged.
[2025-02-17 05:32:15.774 +00:00] [INF] [49] Jellyfin.Api.Auth.CustomAuthenticationHandler: "CustomAuthentication" was not authenticated. Failure message: "Invalid token."
[2025-02-17 05:32:15.774 +00:00] [INF] [49] Jellyfin.Api.Auth.CustomAuthenticationHandler: "CustomAuthentication" was not authenticated. Failure message: "Invalid token."
[2025-02-17 05:32:15.774 +00:00] [INF] [49] Jellyfin.Api.Auth.CustomAuthenticationHandler: AuthenticationScheme: "CustomAuthentication" was challenged.
[2025-02-17 05:32:25.753 +00:00] [INF] [29] Jellyfin.Api.Auth.CustomAuthenticationHandler: "CustomAuthentication" was not authenticated. Failure message: "Invalid token."
[2025-02-17 05:32:25.753 +00:00] [INF] [29] Jellyfin.Api.Auth.CustomAuthenticationHandler: "CustomAuthentication" was not authenticated. Failure message: "Invalid token."
[2025-02-17 05:32:25.753 +00:00] [INF] [29] Jellyfin.Api.Auth.CustomAuthenticationHandler: AuthenticationScheme: "CustomAuthentication" was challenged.
[2025-02-17 05:32:35.754 +00:00] [INF] [29] Jellyfin.Api.Auth.CustomAuthenticationHandler: "CustomAuthentication" was not authenticated. Failure message: "Invalid token."
[2025-02-17 05:32:35.754 +00:00] [INF] [29] Jellyfin.Api.Auth.CustomAuthenticationHandler: "CustomAuthentication" was not authenticated. Failure message: "Invalid token."
[2025-02-17 05:32:35.754 +00:00] [INF] [29] Jellyfin.Api.Auth.CustomAuthenticationHandler: AuthenticationScheme: "CustomAuthentication" was challenged.
[2025-02-17 05:32:45.758 +00:00] [INF] [23] Jellyfin.Api.Auth.CustomAuthenticationHandler: "CustomAuthentication" was not authenticated. Failure message: "Invalid token."
[2025-02-17 05:32:45.758 +00:00] [INF] [23] Jellyfin.Api.Auth.CustomAuthenticationHandler: "CustomAuthentication" was not authenticated. Failure message: "Invalid token."
[2025-02-17 05:32:45.758 +00:00] [INF] [23] Jellyfin.Api.Auth.CustomAuthenticationHandler: AuthenticationScheme: "CustomAuthentication" was challenged.
[2025-02-17 05:32:55.762 +00:00] [INF] [23] Jellyfin.Api.Auth.CustomAuthenticationHandler: "CustomAuthentication" was not authenticated. Failure message: "Invalid token."
[2025-02-17 05:32:55.762 +00:00] [INF] [23] Jellyfin.Api.Auth.CustomAuthenticationHandler: "CustomAuthentication" was not authenticated. Failure message: "Invalid token."
[2025-02-17 05:32:55.762 +00:00] [INF] [23] Jellyfin.Api.Auth.CustomAuthenticationHandler: AuthenticationScheme: "CustomAuthentication" was challenged.
[2025-02-17 05:33:05.763 +00:00] [INF] [23] Jellyfin.Api.Auth.CustomAuthenticationHandler: "CustomAuthentication" was not authenticated. Failure message: "Invalid token."
[2025-02-17 05:33:05.763 +00:00] [INF] [23] Jellyfin.Api.Auth.CustomAuthenticationHandler: "CustomAuthentication" was not authenticated. Failure message: "Invalid token."
[2025-02-17 05:33:05.763 +00:00] [INF] [23] Jellyfin.Api.Auth.CustomAuthenticationHandler: AuthenticationScheme: "CustomAuthentication" was challenged.
[2025-02-17 05:33:15.754 +00:00] [INF] [49] Jellyfin.Api.Auth.CustomAuthenticationHandler: "CustomAuthentication" was not authenticated. Failure message: "Invalid token."
[2025-02-17 05:33:15.754 +00:00] [INF] [49] Jellyfin.Api.Auth.CustomAuthenticationHandler: "CustomAuthentication" was not authenticated. Failure message: "Invalid token."
[2025-02-17 05:33:15.754 +00:00] [INF] [49] Jellyfin.Api.Auth.CustomAuthenticationHandler: AuthenticationScheme: "CustomAuthentication" was challenged.
[2025-02-17 05:33:25.757 +00:00] [INF] [49] Jellyfin.Api.Auth.CustomAuthenticationHandler: "CustomAuthentication" was not authenticated. Failure message: "Invalid token."
[2025-02-17 05:33:25.757 +00:00] [INF] [49] Jellyfin.Api.Auth.CustomAuthenticationHandler: "CustomAuthentication" was not authenticated. Failure message: "Invalid token."
[2025-02-17 05:33:25.757 +00:00] [INF] [49] Jellyfin.Api.Auth.CustomAuthenticationHandler: AuthenticationScheme: "CustomAuthentication" was challenged.
[2025-02-17 05:33:35.762 +00:00] [INF] [29] Jellyfin.Api.Auth.CustomAuthenticationHandler: "CustomAuthentication" was not authenticated. Failure message: "Invalid token."
[2025-02-17 05:33:35.762 +00:00] [INF] [29] Jellyfin.Api.Auth.CustomAuthenticationHandler: "CustomAuthentication" was not authenticated. Failure message: "Invalid token."
[2025-02-17 05:33:35.762 +00:00] [INF] [29] Jellyfin.Api.Auth.CustomAuthenticationHandler: AuthenticationScheme: "CustomAuthentication" was challenged.
[2025-02-17 05:33:45.769 +00:00] [INF] [29] Jellyfin.Api.Auth.CustomAuthenticationHandler: "CustomAuthentication" was not authenticated. Failure message: "Invalid token."
[2025-02-17 05:33:45.769 +00:00] [INF] [29] Jellyfin.Api.Auth.CustomAuthenticationHandler: "CustomAuthentication" was not authenticated. Failure message: "Invalid token."
[2025-02-17 05:33:45.769 +00:00] [INF] [29] Jellyfin.Api.Auth.CustomAuthenticationHandler: AuthenticationScheme: "CustomAuthentication" was challenged.
[2025-02-17 05:33:55.789 +00:00] [INF] [49] Jellyfin.Api.Auth.CustomAuthenticationHandler: "CustomAuthentication" was not authenticated. Failure message: "Invalid token."
[2025-02-17 05:33:55.790 +00:00] [INF] [49] Jellyfin.Api.Auth.CustomAuthenticationHandler: "CustomAuthentication" was not authenticated. Failure message: "Invalid token."
[2025-02-17 05:33:55.790 +00:00] [INF] [49] Jellyfin.Api.Auth.CustomAuthenticationHandler: AuthenticationScheme: "CustomAuthentication" was challenged.
[2025-02-17 05:34:05.756 +00:00] [INF] [29] Jellyfin.Api.Auth.CustomAuthenticationHandler: "CustomAuthentication" was not authenticated. Failure message: "Invalid token."
[2025-02-17 05:34:05.757 +00:00] [INF] [29] Jellyfin.Api.Auth.CustomAuthenticationHandler: "CustomAuthentication" was not authenticated. Failure message: "Invalid token."
[2025-02-17 05:34:05.757 +00:00] [INF] [29] Jellyfin.Api.Auth.CustomAuthenticationHandler: AuthenticationScheme: "CustomAuthentication" was challenged.
[2025-02-17 05:34:15.754 +00:00] [INF] [29] Jellyfin.Api.Auth.CustomAuthenticationHandler: "CustomAuthentication" was not authenticated. Failure message: "Invalid token."
[2025-02-17 05:34:15.755 +00:00] [INF] [29] Jellyfin.Api.Auth.CustomAuthenticationHandler: "CustomAuthentication" was not authenticated. Failure message: "Invalid token."
[2025-02-17 05:34:15.755 +00:00] [INF] [29] Jellyfin.Api.Auth.CustomAuthenticationHandler: AuthenticationScheme: "CustomAuthentication" was challenged.
[2025-02-17 05:34:25.759 +00:00] [INF] [30] Jellyfin.Api.Auth.CustomAuthenticationHandler: "CustomAuthentication" was not authenticated. Failure message: "Invalid token."
[2025-02-17 05:34:25.759 +00:00] [INF] [30] Jellyfin.Api.Auth.CustomAuthenticationHandler: "CustomAuthentication" was not authenticated. Failure message: "Invalid token."
[2025-02-17 05:34:25.759 +00:00] [INF] [30] Jellyfin.Api.Auth.CustomAuthenticationHandler: AuthenticationScheme: "CustomAuthentication" was challenged.
[2025-02-17 05:34:35.764 +00:00] [INF] [23] Jellyfin.Api.Auth.CustomAuthenticationHandler: "CustomAuthentication" was not authenticated. Failure message: "Invalid token."
[2025-02-17 05:34:35.764 +00:00] [INF] [23] Jellyfin.Api.Auth.CustomAuthenticationHandler: "CustomAuthentication" was not authenticated. Failure message: "Invalid token."
[2025-02-17 05:34:35.764 +00:00] [INF] [23] Jellyfin.Api.Auth.CustomAuthenticationHandler: AuthenticationScheme: "CustomAuthentication" was challenged.
[2025-02-17 05:34:45.757 +00:00] [INF] [23] Jellyfin.Api.Auth.CustomAuthenticationHandler: "CustomAuthentication" was not authenticated. Failure message: "Invalid token."
[2025-02-17 05:34:45.757 +00:00] [INF] [23] Jellyfin.Api.Auth.CustomAuthenticationHandler: "CustomAuthentication" was not authenticated. Failure message: "Invalid token."
[2025-02-17 05:34:45.757 +00:00] [INF] [23] Jellyfin.Api.Auth.CustomAuthenticationHandler: AuthenticationScheme: "CustomAuthentication" was challenged.
[2025-02-17 05:34:55.760 +00:00] [INF] [23] Jellyfin.Api.Auth.CustomAuthenticationHandler: "CustomAuthentication" was not authenticated. Failure message: "Invalid token."
[2025-02-17 05:34:55.760 +00:00] [INF] [23] Jellyfin.Api.Auth.CustomAuthenticationHandler: "CustomAuthentication" was not authenticated. Failure message: "Invalid token."
[2025-02-17 05:34:55.760 +00:00] [INF] [23] Jellyfin.Api.Auth.CustomAuthenticationHandler: AuthenticationScheme: "CustomAuthentication" was challenged.
[2025-02-17 05:35:05.763 +00:00] [INF] [23] Jellyfin.Api.Auth.CustomAuthenticationHandler: "CustomAuthentication" was not authenticated. Failure message: "Invalid token."
[2025-02-17 05:35:05.763 +00:00] [INF] [23] Jellyfin.Api.Auth.CustomAuthenticationHandler: "CustomAuthentication" was not authenticated. Failure message: "Invalid token."
[2025-02-17 05:35:05.763 +00:00] [INF] [23] Jellyfin.Api.Auth.CustomAuthenticationHandler: AuthenticationScheme: "CustomAuthentication" was challenged.
[2025-02-17 05:35:15.774 +00:00] [INF] [29] Jellyfin.Api.Auth.CustomAuthenticationHandler: "CustomAuthentication" was not authenticated. Failure message: "Invalid token."
[2025-02-17 05:35:15.775 +00:00] [INF] [29] Jellyfin.Api.Auth.CustomAuthenticationHandler: "CustomAuthentication" was not authenticated. Failure message: "Invalid token."
[2025-02-17 05:35:15.775 +00:00] [INF] [29] Jellyfin.Api.Auth.CustomAuthenticationHandler: AuthenticationScheme: "CustomAuthentication" was challenged.
[2025-02-17 05:35:25.762 +00:00] [INF] [29] Jellyfin.Api.Auth.CustomAuthenticationHandler: "CustomAuthentication" was not authenticated. Failure message: "Invalid token."
[2025-02-17 05:35:25.763 +00:00] [INF] [29] Jellyfin.Api.Auth.CustomAuthenticationHandler: "CustomAuthentication" was not authenticated. Failure message: "Invalid token."
[2025-02-17 05:35:25.763 +00:00] [INF] [29] Jellyfin.Api.Auth.CustomAuthenticationHandler: AuthenticationScheme: "CustomAuthentication" was challenged.
[2025-02-17 05:35:35.767 +00:00] [INF] [29] Jellyfin.Api.Auth.CustomAuthenticationHandler: "CustomAuthentication" was not authenticated. Failure message: "Invalid token."
[2025-02-17 05:35:35.768 +00:00] [INF] [29] Jellyfin.Api.Auth.CustomAuthenticationHandler: "CustomAuthentication" was not authenticated. Failure message: "Invalid token."
[2025-02-17 05:35:35.768 +00:00] [INF] [29] Jellyfin.Api.Auth.CustomAuthenticationHandler: AuthenticationScheme: "CustomAuthentication" was challenged.
[2025-02-17 05:35:45.763 +00:00] [INF] [53] Jellyfin.Api.Auth.CustomAuthenticationHandler: "CustomAuthentication" was not authenticated. Failure message: "Invalid token."
[2025-02-17 05:35:45.764 +00:00] [INF] [53] Jellyfin.Api.Auth.CustomAuthenticationHandler: "CustomAuthentication" was not authenticated. Failure message: "Invalid token."
[2025-02-17 05:35:45.764 +00:00] [INF] [53] Jellyfin.Api.Auth.CustomAuthenticationHandler: AuthenticationScheme: "CustomAuthentication" was challenged.
[2025-02-17 05:35:55.757 +00:00] [INF] [23] Jellyfin.Api.Auth.CustomAuthenticationHandler: "CustomAuthentication" was not authenticated. Failure message: "Invalid token."
[2025-02-17 05:35:55.757 +00:00] [INF] [23] Jellyfin.Api.Auth.CustomAuthenticationHandler: "CustomAuthentication" was not authenticated. Failure message: "Invalid token."
[2025-02-17 05:35:55.757 +00:00] [INF] [23] Jellyfin.Api.Auth.CustomAuthenticationHandler: AuthenticationScheme: "CustomAuthentication" was challenged.
[2025-02-17 05:36:05.764 +00:00] [INF] [34] Jellyfin.Api.Auth.CustomAuthenticationHandler: "CustomAuthentication" was not authenticated. Failure message: "Invalid token."
[2025-02-17 05:36:05.764 +00:00] [INF] [34] Jellyfin.Api.Auth.CustomAuthenticationHandler: "CustomAuthentication" was not authenticated. Failure message: "Invalid token."
[2025-02-17 05:36:05.764 +00:00] [INF] [34] Jellyfin.Api.Auth.CustomAuthenticationHandler: AuthenticationScheme: "CustomAuthentication" was challenged.
[2025-02-17 05:36:15.764 +00:00] [INF] [34] Jellyfin.Api.Auth.CustomAuthenticationHandler: "CustomAuthentication" was not authenticated. Failure message: "Invalid token."
[2025-02-17 05:36:15.764 +00:00] [INF] [34] Jellyfin.Api.Auth.CustomAuthenticationHandler: "CustomAuthentication" was not authenticated. Failure message: "Invalid token."
[2025-02-17 05:36:15.764 +00:00] [INF] [34] Jellyfin.Api.Auth.CustomAuthenticationHandler: AuthenticationScheme: "CustomAuthentication" was challenged.
[2025-02-17 05:36:25.761 +00:00] [INF] [56] Jellyfin.Api.Auth.CustomAuthenticationHandler: "CustomAuthentication" was not authenticated. Failure message: "Invalid token."
[2025-02-17 05:36:25.761 +00:00] [INF] [56] Jellyfin.Api.Auth.CustomAuthenticationHandler: "CustomAuthentication" was not authenticated. Failure message: "Invalid token."
[2025-02-17 05:36:25.761 +00:00] [INF] [56] Jellyfin.Api.Auth.CustomAuthenticationHandler: AuthenticationScheme: "CustomAuthentication" was challenged.
[2025-02-17 05:36:35.756 +00:00] [INF] [53] Jellyfin.Api.Auth.CustomAuthenticationHandler: "CustomAuthentication" was not authenticated. Failure message: "Invalid token."
[2025-02-17 05:36:35.756 +00:00] [INF] [53] Jellyfin.Api.Auth.CustomAuthenticationHandler: "CustomAuthentication" was not authenticated. Failure message: "Invalid token."
[2025-02-17 05:36:35.756 +00:00] [INF] [53] Jellyfin.Api.Auth.CustomAuthenticationHandler: AuthenticationScheme: "CustomAuthentication" was challenged.
[2025-02-17 05:36:45.764 +00:00] [INF] [53] Jellyfin.Api.Auth.CustomAuthenticationHandler: "CustomAuthentication" was not authenticated. Failure message: "Invalid token."
[2025-02-17 05:36:45.765 +00:00] [INF] [53] Jellyfin.Api.Auth.CustomAuthenticationHandler: "CustomAuthentication" was not authenticated. Failure message: "Invalid token."
[2025-02-17 05:36:45.765 +00:00] [INF] [53] Jellyfin.Api.Auth.CustomAuthenticationHandler: AuthenticationScheme: "CustomAuthentication" was challenged.
[2025-02-17 05:36:55.761 +00:00] [INF] [53] Jellyfin.Api.Auth.CustomAuthenticationHandler: "CustomAuthentication" was not authenticated. Failure message: "Invalid token."
[2025-02-17 05:36:55.761 +00:00] [INF] [53] Jellyfin.Api.Auth.CustomAuthenticationHandler: "CustomAuthentication" was not authenticated. Failure message: "Invalid token."
[2025-02-17 05:36:55.761 +00:00] [INF] [53] Jellyfin.Api.Auth.CustomAuthenticationHandler: AuthenticationScheme: "CustomAuthentication" was challenged.
[2025-02-17 05:37:05.760 +00:00] [INF] [34] Jellyfin.Api.Auth.CustomAuthenticationHandler: "CustomAuthentication" was not authenticated. Failure message: "Invalid token."
[2025-02-17 05:37:05.760 +00:00] [INF] [34] Jellyfin.Api.Auth.CustomAuthenticationHandler: "CustomAuthentication" was not authenticated. Failure message: "Invalid token."
[2025-02-17 05:37:05.760 +00:00] [INF] [34] Jellyfin.Api.Auth.CustomAuthenticationHandler: AuthenticationScheme: "CustomAuthentication" was challenged.
[2025-02-17 05:37:15.756 +00:00] [INF] [34] Jellyfin.Api.Auth.CustomAuthenticationHandler: "CustomAuthentication" was not authenticated. Failure message: "Invalid token."
[2025-02-17 05:37:15.756 +00:00] [INF] [34] Jellyfin.Api.Auth.CustomAuthenticationHandler: "CustomAuthentication" was not authenticated. Failure message: "Invalid token."
[2025-02-17 05:37:15.757 +00:00] [INF] [34] Jellyfin.Api.Auth.CustomAuthenticationHandler: AuthenticationScheme: "CustomAuthentication" was challenged.
[2025-02-17 05:37:25.762 +00:00] [INF] [34] Jellyfin.Api.Auth.CustomAuthenticationHandler: "CustomAuthentication" was not authenticated. Failure message: "Invalid token."
[2025-02-17 05:37:25.762 +00:00] [INF] [34] Jellyfin.Api.Auth.CustomAuthenticationHandler: "CustomAuthentication" was not authenticated. Failure message: "Invalid token."
[2025-02-17 05:37:25.763 +00:00] [INF] [34] Jellyfin.Api.Auth.CustomAuthenticationHandler: AuthenticationScheme: "CustomAuthentication" was challenged.
[2025-02-17 05:37:35.753 +00:00] [INF] [30] Jellyfin.Api.Auth.CustomAuthenticationHandler: "CustomAuthentication" was not authenticated. Failure message: "Invalid token."
[2025-02-17 05:37:35.753 +00:00] [INF] [30] Jellyfin.Api.Auth.CustomAuthenticationHandler: "CustomAuthentication" was not authenticated. Failure message: "Invalid token."
[2025-02-17 05:37:35.753 +00:00] [INF] [30] Jellyfin.Api.Auth.CustomAuthenticationHandler: AuthenticationScheme: "CustomAuthentication" was challenged.
[2025-02-17 05:37:45.755 +00:00] [INF] [30] Jellyfin.Api.Auth.CustomAuthenticationHandler: "CustomAuthentication" was not authenticated. Failure message: "Invalid token."
[2025-02-17 05:37:45.755 +00:00] [INF] [30] Jellyfin.Api.Auth.CustomAuthenticationHandler: "CustomAuthentication" was not authenticated. Failure message: "Invalid token."
[2025-02-17 05:37:45.755 +00:00] [INF] [30] Jellyfin.Api.Auth.CustomAuthenticationHandler: AuthenticationScheme: "CustomAuthentication" was challenged.
[2025-02-17 05:37:55.754 +00:00] [INF] [34] Jellyfin.Api.Auth.CustomAuthenticationHandler: "CustomAuthentication" was not authenticated. Failure message: "Invalid token."
[2025-02-17 05:37:55.755 +00:00] [INF] [34] Jellyfin.Api.Auth.CustomAuthenticationHandler: "CustomAuthentication" was not authenticated. Failure message: "Invalid token."
[2025-02-17 05:37:55.755 +00:00] [INF] [34] Jellyfin.Api.Auth.CustomAuthenticationHandler: AuthenticationScheme: "CustomAuthentication" was challenged.
[2025-02-17 05:38:05.765 +00:00] [INF] [30] Jellyfin.Api.Auth.CustomAuthenticationHandler: "CustomAuthentication" was not authenticated. Failure message: "Invalid token."
[2025-02-17 05:38:05.765 +00:00] [INF] [30] Jellyfin.Api.Auth.CustomAuthenticationHandler: "CustomAuthentication" was not authenticated. Failure message: "Invalid token."
[2025-02-17 05:38:05.765 +00:00] [INF] [30] Jellyfin.Api.Auth.CustomAuthenticationHandler: AuthenticationScheme: "CustomAuthentication" was challenged.
[2025-02-17 05:38:15.758 +00:00] [INF] [53] Jellyfin.Api.Auth.CustomAuthenticationHandler: "CustomAuthentication" was not authenticated. Failure message: "Invalid token."
[2025-02-17 05:38:15.758 +00:00] [INF] [53] Jellyfin.Api.Auth.CustomAuthenticationHandler: "CustomAuthentication" was not authenticated. Failure message: "Invalid token."
[2025-02-17 05:38:15.759 +00:00] [INF] [53] Jellyfin.Api.Auth.CustomAuthenticationHandler: AuthenticationScheme: "CustomAuthentication" was challenged.
[2025-02-17 05:38:25.759 +00:00] [INF] [36] Jellyfin.Api.Auth.CustomAuthenticationHandler: "CustomAuthentication" was not authenticated. Failure message: "Invalid token."
[2025-02-17 05:38:25.759 +00:00] [INF] [36] Jellyfin.Api.Auth.CustomAuthenticationHandler: "CustomAuthentication" was not authenticated. Failure message: "Invalid token."
[2025-02-17 05:38:25.759 +00:00] [INF] [36] Jellyfin.Api.Auth.CustomAuthenticationHandler: AuthenticationScheme: "CustomAuthentication" was challenged.
[2025-02-17 05:38:35.756 +00:00] [INF] [36] Jellyfin.Api.Auth.CustomAuthenticationHandler: "CustomAuthentication" was not authenticated. Failure message: "Invalid token."
[2025-02-17 05:38:35.756 +00:00] [INF] [36] Jellyfin.Api.Auth.CustomAuthenticationHandler: "CustomAuthentication" was not authenticated. Failure message: "Invalid token."
[2025-02-17 05:38:35.756 +00:00] [INF] [36] Jellyfin.Api.Auth.CustomAuthenticationHandler: AuthenticationScheme: "CustomAuthentication" was challenged.
[2025-02-17 05:38:45.752 +00:00] [INF] [36] Jellyfin.Api.Auth.CustomAuthenticationHandler: "CustomAuthentication" was not authenticated. Failure message: "Invalid token."
[2025-02-17 05:38:45.752 +00:00] [INF] [36] Jellyfin.Api.Auth.CustomAuthenticationHandler: "CustomAuthentication" was not authenticated. Failure message: "Invalid token."
[2025-02-17 05:38:45.752 +00:00] [INF] [36] Jellyfin.Api.Auth.CustomAuthenticationHandler: AuthenticationScheme: "CustomAuthentication" was challenged.
[2025-02-17 05:38:55.759 +00:00] [INF] [36] Jellyfin.Api.Auth.CustomAuthenticationHandler: "CustomAuthentication" was not authenticated. Failure message: "Invalid token."
[2025-02-17 05:38:55.759 +00:00] [INF] [36] Jellyfin.Api.Auth.CustomAuthenticationHandler: "CustomAuthentication" was not authenticated. Failure message: "Invalid token."
[2025-02-17 05:38:55.759 +00:00] [INF] [36] Jellyfin.Api.Auth.CustomAuthenticationHandler: AuthenticationScheme: "CustomAuthentication" was challenged.
[2025-02-17 05:39:05.796 +00:00] [INF] [30] Jellyfin.Api.Auth.CustomAuthenticationHandler: "CustomAuthentication" was not authenticated. Failure message: "Invalid token."
[2025-02-17 05:39:05.796 +00:00] [INF] [30] Jellyfin.Api.Auth.CustomAuthenticationHandler: "CustomAuthentication" was not authenticated. Failure message: "Invalid token."
[2025-02-17 05:39:05.796 +00:00] [INF] [30] Jellyfin.Api.Auth.CustomAuthenticationHandler: AuthenticationScheme: "CustomAuthentication" was challenged.
[2025-02-17 05:39:08.268 +00:00] [INF] [30] Jellyfin.Server.Implementations.Users.UserManager: Authentication request for "susan" has succeeded.
[2025-02-17 05:39:08.268 +00:00] [INF] [30] Emby.Server.Implementations.Session.SessionManager: Current/Max sessions for user "susan": 0/0
[2025-02-17 05:39:08.268 +00:00] [INF] [30] Emby.Server.Implementations.Session.SessionManager: Creating new access token for user ebf1cfc9-966b-4269-8f93-75688015b05a
[2025-02-17 05:39:08.617 +00:00] [INF] [48] Emby.Server.Implementations.HttpServer.WebSocketManager: WS "111.119.49.84" request
[2025-02-17 05:39:15.761 +00:00] [INF] [36] Jellyfin.Api.Auth.CustomAuthenticationHandler: "CustomAuthentication" was not authenticated. Failure message: "Invalid token."
[2025-02-17 05:39:15.761 +00:00] [INF] [36] Jellyfin.Api.Auth.CustomAuthenticationHandler: "CustomAuthentication" was not authenticated. Failure message: "Invalid token."
[2025-02-17 05:39:15.761 +00:00] [INF] [36] Jellyfin.Api.Auth.CustomAuthenticationHandler: AuthenticationScheme: "CustomAuthentication" was challenged.
[2025-02-17 05:39:23.164 +00:00] [WRN] [53] Emby.Server.Implementations.HttpServer.WebSocketConnection: WS "111.119.49.84" error receiving data: "The remote party closed the WebSocket connection without completing the close handshake."
[2025-02-17 05:39:23.189 +00:00] [INF] [53] Emby.Server.Implementations.HttpServer.WebSocketManager: WS "111.119.49.84" closed
[2025-02-17 05:39:25.758 +00:00] [INF] [36] Jellyfin.Api.Auth.CustomAuthenticationHandler: "CustomAuthentication" was not authenticated. Failure message: "Invalid token."
[2025-02-17 05:39:25.758 +00:00] [INF] [36] Jellyfin.Api.Auth.CustomAuthenticationHandler: "CustomAuthentication" was not authenticated. Failure message: "Invalid token."
[2025-02-17 05:39:25.758 +00:00] [INF] [36] Jellyfin.Api.Auth.CustomAuthenticationHandler: AuthenticationScheme: "CustomAuthentication" was challenged.
[2025-02-17 05:39:35.759 +00:00] [INF] [53] Jellyfin.Api.Auth.CustomAuthenticationHandler: "CustomAuthentication" was not authenticated. Failure message: "Invalid token."
[2025-02-17 05:39:35.759 +00:00] [INF] [53] Jellyfin.Api.Auth.CustomAuthenticationHandler: "CustomAuthentication" was not authenticated. Failure message: "Invalid token."
[2025-02-17 05:39:35.759 +00:00] [INF] [53] Jellyfin.Api.Auth.CustomAuthenticationHandler: AuthenticationScheme: "CustomAuthentication" was challenged.
[2025-02-17 05:39:36.372 +00:00] [INF] [59] Emby.Server.Implementations.HttpServer.WebSocketManager: WS "111.119.49.84" request
[2025-02-17 05:39:45.762 +00:00] [INF] [53] Jellyfin.Api.Auth.CustomAuthenticationHandler: "CustomAuthentication" was not authenticated. Failure message: "Invalid token."
[2025-02-17 05:39:45.762 +00:00] [INF] [53] Jellyfin.Api.Auth.CustomAuthenticationHandler: "CustomAuthentication" was not authenticated. Failure message: "Invalid token."
[2025-02-17 05:39:45.762 +00:00] [INF] [53] Jellyfin.Api.Auth.CustomAuthenticationHandler: AuthenticationScheme: "CustomAuthentication" was challenged.
[2025-02-17 05:39:55.761 +00:00] [INF] [26] Jellyfin.Api.Auth.CustomAuthenticationHandler: "CustomAuthentication" was not authenticated. Failure message: "Invalid token."
[2025-02-17 05:39:55.761 +00:00] [INF] [26] Jellyfin.Api.Auth.CustomAuthenticationHandler: "CustomAuthentication" was not authenticated. Failure message: "Invalid token."
[2025-02-17 05:39:55.761 +00:00] [INF] [26] Jellyfin.Api.Auth.CustomAuthenticationHandler: AuthenticationScheme: "CustomAuthentication" was challenged.
[2025-02-17 05:39:59.552 +00:00] [WRN] [53] Emby.Server.Implementations.HttpServer.WebSocketConnection: WS "111.119.49.84" error receiving data: "The remote party closed the WebSocket connection without completing the close handshake."
[2025-02-17 05:39:59.573 +00:00] [INF] [53] Emby.Server.Implementations.HttpServer.WebSocketManager: WS "111.119.49.84" closed
[2025-02-17 05:40:05.759 +00:00] [INF] [48] Jellyfin.Api.Auth.CustomAuthenticationHandler: "CustomAuthentication" was not authenticated. Failure message: "Invalid token."
[2025-02-17 05:40:05.759 +00:00] [INF] [48] Jellyfin.Api.Auth.CustomAuthenticationHandler: "CustomAuthentication" was not authenticated. Failure message: "Invalid token."
[2025-02-17 05:40:05.759 +00:00] [INF] [48] Jellyfin.Api.Auth.CustomAuthenticationHandler: AuthenticationScheme: "CustomAuthentication" was challenged.
[2025-02-17 05:40:15.769 +00:00] [INF] [53] Jellyfin.Api.Auth.CustomAuthenticationHandler: "CustomAuthentication" was not authenticated. Failure message: "Invalid token."
[2025-02-17 05:40:15.769 +00:00] [INF] [53] Jellyfin.Api.Auth.CustomAuthenticationHandler: "CustomAuthentication" was not authenticated. Failure message: "Invalid token."
[2025-02-17 05:40:15.772 +00:00] [INF] [53] Jellyfin.Api.Auth.CustomAuthenticationHandler: AuthenticationScheme: "CustomAuthentication" was challenged.
[2025-02-17 05:40:25.784 +00:00] [INF] [48] Jellyfin.Api.Auth.CustomAuthenticationHandler: "CustomAuthentication" was not authenticated. Failure message: "Invalid token."
[2025-02-17 05:40:25.784 +00:00] [INF] [48] Jellyfin.Api.Auth.CustomAuthenticationHandler: "CustomAuthentication" was not authenticated. Failure message: "Invalid token."
[2025-02-17 05:40:25.784 +00:00] [INF] [48] Jellyfin.Api.Auth.CustomAuthenticationHandler: AuthenticationScheme: "CustomAuthentication" was challenged.
[2025-02-17 05:40:35.753 +00:00] [INF] [48] Jellyfin.Api.Auth.CustomAuthenticationHandler: "CustomAuthentication" was not authenticated. Failure message: "Invalid token."
[2025-02-17 05:40:35.753 +00:00] [INF] [48] Jellyfin.Api.Auth.CustomAuthenticationHandler: "CustomAuthentication" was not authenticated. Failure message: "Invalid token."
[2025-02-17 05:40:35.753 +00:00] [INF] [48] Jellyfin.Api.Auth.CustomAuthenticationHandler: AuthenticationScheme: "CustomAuthentication" was challenged.
[2025-02-17 05:40:45.752 +00:00] [INF] [48] Jellyfin.Api.Auth.CustomAuthenticationHandler: "CustomAuthentication" was not authenticated. Failure message: "Invalid token."
[2025-02-17 05:40:45.752 +00:00] [INF] [48] Jellyfin.Api.Auth.CustomAuthenticationHandler: "CustomAuthentication" was not authenticated. Failure message: "Invalid token."
[2025-02-17 05:40:45.753 +00:00] [INF] [48] Jellyfin.Api.Auth.CustomAuthenticationHandler: AuthenticationScheme: "CustomAuthentication" was challenged.
[2025-02-17 05:40:55.751 +00:00] [INF] [39] Jellyfin.Api.Auth.CustomAuthenticationHandler: "CustomAuthentication" was not authenticated. Failure message: "Invalid token."
[2025-02-17 05:40:55.751 +00:00] [INF] [39] Jellyfin.Api.Auth.CustomAuthenticationHandler: "CustomAuthentication" was not authenticated. Failure message: "Invalid token."
[2025-02-17 05:40:55.751 +00:00] [INF] [39] Jellyfin.Api.Auth.CustomAuthenticationHandler: AuthenticationScheme: "CustomAuthentication" was challenged.
[2025-02-17 05:41:05.756 +00:00] [INF] [48] Jellyfin.Api.Auth.CustomAuthenticationHandler: "CustomAuthentication" was not authenticated. Failure message: "Invalid token."
[2025-02-17 05:41:05.756 +00:00] [INF] [48] Jellyfin.Api.Auth.CustomAuthenticationHandler: "CustomAuthentication" was not authenticated. Failure message: "Invalid token."
[2025-02-17 05:41:05.756 +00:00] [INF] [48] Jellyfin.Api.Auth.CustomAuthenticationHandler: AuthenticationScheme: "CustomAuthentication" was challenged.
[2025-02-17 05:41:15.764 +00:00] [INF] [58] Jellyfin.Api.Auth.CustomAuthenticationHandler: "CustomAuthentication" was not authenticated. Failure message: "Invalid token."
[2025-02-17 05:41:15.764 +00:00] [INF] [58] Jellyfin.Api.Auth.CustomAuthenticationHandler: "CustomAuthentication" was not authenticated. Failure message: "Invalid token."
[2025-02-17 05:41:15.764 +00:00] [INF] [58] Jellyfin.Api.Auth.CustomAuthenticationHandler: AuthenticationScheme: "CustomAuthentication" was challenged.
[2025-02-17 05:41:25.755 +00:00] [INF] [48] Jellyfin.Api.Auth.CustomAuthenticationHandler: "CustomAuthentication" was not authenticated. Failure message: "Invalid token."
[2025-02-17 05:41:25.755 +00:00] [INF] [48] Jellyfin.Api.Auth.CustomAuthenticationHandler: "CustomAuthentication" was not authenticated. Failure message: "Invalid token."
[2025-02-17 05:41:25.755 +00:00] [INF] [48] Jellyfin.Api.Auth.CustomAuthenticationHandler: AuthenticationScheme: "CustomAuthentication" was challenged.
[2025-02-17 05:41:35.761 +00:00] [INF] [48] Jellyfin.Api.Auth.CustomAuthenticationHandler: "CustomAuthentication" was not authenticated. Failure message: "Invalid token."
[2025-02-17 05:41:35.762 +00:00] [INF] [48] Jellyfin.Api.Auth.CustomAuthenticationHandler: "CustomAuthentication" was not authenticated. Failure message: "Invalid token."
[2025-02-17 05:41:35.762 +00:00] [INF] [48] Jellyfin.Api.Auth.CustomAuthenticationHandler: AuthenticationScheme: "CustomAuthentication" was challenged.
[2025-02-17 05:41:45.751 +00:00] [INF] [19] Jellyfin.Api.Auth.CustomAuthenticationHandler: "CustomAuthentication" was not authenticated. Failure message: "Invalid token."
[2025-02-17 05:41:45.751 +00:00] [INF] [19] Jellyfin.Api.Auth.CustomAuthenticationHandler: "CustomAuthentication" was not authenticated. Failure message: "Invalid token."
[2025-02-17 05:41:45.751 +00:00] [INF] [19] Jellyfin.Api.Auth.CustomAuthenticationHandler: AuthenticationScheme: "CustomAuthentication" was challenged.
[2025-02-17 05:41:55.761 +00:00] [INF] [29] Jellyfin.Api.Auth.CustomAuthenticationHandler: "CustomAuthentication" was not authenticated. Failure message: "Invalid token."
[2025-02-17 05:41:55.762 +00:00] [INF] [29] Jellyfin.Api.Auth.CustomAuthenticationHandler: "CustomAuthentication" was not authenticated. Failure message: "Invalid token."
[2025-02-17 05:41:55.762 +00:00] [INF] [29] Jellyfin.Api.Auth.CustomAuthenticationHandler: AuthenticationScheme: "CustomAuthentication" was challenged.
[2025-02-17 05:42:05.754 +00:00] [INF] [29] Jellyfin.Api.Auth.CustomAuthenticationHandler: "CustomAuthentication" was not authenticated. Failure message: "Invalid token."
[2025-02-17 05:42:05.754 +00:00] [INF] [29] Jellyfin.Api.Auth.CustomAuthenticationHandler: "CustomAuthentication" was not authenticated. Failure message: "Invalid token."
[2025-02-17 05:42:05.754 +00:00] [INF] [29] Jellyfin.Api.Auth.CustomAuthenticationHandler: AuthenticationScheme: "CustomAuthentication" was challenged.
[2025-02-17 05:42:15.761 +00:00] [INF] [29] Jellyfin.Api.Auth.CustomAuthenticationHandler: "CustomAuthentication" was not authenticated. Failure message: "Invalid token."
[2025-02-17 05:42:15.761 +00:00] [INF] [29] Jellyfin.Api.Auth.CustomAuthenticationHandler: "CustomAuthentication" was not authenticated. Failure message: "Invalid token."
[2025-02-17 05:42:15.762 +00:00] [INF] [29] Jellyfin.Api.Auth.CustomAuthenticationHandler: AuthenticationScheme: "CustomAuthentication" was challenged.
[2025-02-17 05:42:25.756 +00:00] [INF] [29] Jellyfin.Api.Auth.CustomAuthenticationHandler: "CustomAuthentication" was not authenticated. Failure message: "Invalid token."
[2025-02-17 05:42:25.756 +00:00] [INF] [29] Jellyfin.Api.Auth.CustomAuthenticationHandler: "CustomAuthentication" was not authenticated. Failure message: "Invalid token."
[2025-02-17 05:42:25.756 +00:00] [INF] [29] Jellyfin.Api.Auth.CustomAuthenticationHandler: AuthenticationScheme: "CustomAuthentication" was challenged.
[2025-02-17 05:42:35.758 +00:00] [INF] [19] Jellyfin.Api.Auth.CustomAuthenticationHandler: "CustomAuthentication" was not authenticated. Failure message: "Invalid token."
[2025-02-17 05:42:35.758 +00:00] [INF] [19] Jellyfin.Api.Auth.CustomAuthenticationHandler: "CustomAuthentication" was not authenticated. Failure message: "Invalid token."
[2025-02-17 05:42:35.758 +00:00] [INF] [19] Jellyfin.Api.Auth.CustomAuthenticationHandler: AuthenticationScheme: "CustomAuthentication" was challenged.
[2025-02-17 05:42:45.751 +00:00] [INF] [48] Jellyfin.Api.Auth.CustomAuthenticationHandler: "CustomAuthentication" was not authenticated. Failure message: "Invalid token."
[2025-02-17 05:42:45.751 +00:00] [INF] [48] Jellyfin.Api.Auth.CustomAuthenticationHandler: "CustomAuthentication" was not authenticated. Failure message: "Invalid token."
[2025-02-17 05:42:45.752 +00:00] [INF] [48] Jellyfin.Api.Auth.CustomAuthenticationHandler: AuthenticationScheme: "CustomAuthentication" was challenged.
[2025-02-17 05:42:55.752 +00:00] [INF] [48] Jellyfin.Api.Auth.CustomAuthenticationHandler: "CustomAuthentication" was not authenticated. Failure message: "Invalid token."
[2025-02-17 05:42:55.752 +00:00] [INF] [48] Jellyfin.Api.Auth.CustomAuthenticationHandler: "CustomAuthentication" was not authenticated. Failure message: "Invalid token."
[2025-02-17 05:42:55.752 +00:00] [INF] [48] Jellyfin.Api.Auth.CustomAuthenticationHandler: AuthenticationScheme: "CustomAuthentication" was challenged.
[2025-02-17 05:43:05.761 +00:00] [INF] [48] Jellyfin.Api.Auth.CustomAuthenticationHandler: "CustomAuthentication" was not authenticated. Failure message: "Invalid token."
[2025-02-17 05:43:05.761 +00:00] [INF] [48] Jellyfin.Api.Auth.CustomAuthenticationHandler: "CustomAuthentication" was not authenticated. Failure message: "Invalid token."
[2025-02-17 05:43:05.762 +00:00] [INF] [48] Jellyfin.Api.Auth.CustomAuthenticationHandler: AuthenticationScheme: "CustomAuthentication" was challenged.
[2025-02-17 05:43:15.754 +00:00] [INF] [48] Jellyfin.Api.Auth.CustomAuthenticationHandler: "CustomAuthentication" was not authenticated. Failure message: "Invalid token."
[2025-02-17 05:43:15.754 +00:00] [INF] [48] Jellyfin.Api.Auth.CustomAuthenticationHandler: "CustomAuthentication" was not authenticated. Failure message: "Invalid token."
[2025-02-17 05:43:15.754 +00:00] [INF] [48] Jellyfin.Api.Auth.CustomAuthenticationHandler: AuthenticationScheme: "CustomAuthentication" was challenged.
[2025-02-17 05:43:25.828 +00:00] [INF] [58] Jellyfin.Api.Auth.CustomAuthenticationHandler: "CustomAuthentication" was not authenticated. Failure message: "Invalid token."
[2025-02-17 05:43:25.829 +00:00] [INF] [58] Jellyfin.Api.Auth.CustomAuthenticationHandler: "CustomAuthentication" was not authenticated. Failure message: "Invalid token."
[2025-02-17 05:43:25.829 +00:00] [INF] [58] Jellyfin.Api.Auth.CustomAuthenticationHandler: AuthenticationScheme: "CustomAuthentication" was challenged.
[2025-02-17 05:43:35.752 +00:00] [INF] [39] Jellyfin.Api.Auth.CustomAuthenticationHandler: "CustomAuthentication" was not authenticated. Failure message: "Invalid token."
[2025-02-17 05:43:35.752 +00:00] [INF] [39] Jellyfin.Api.Auth.CustomAuthenticationHandler: "CustomAuthentication" was not authenticated. Failure message: "Invalid token."
[2025-02-17 05:43:35.752 +00:00] [INF] [39] Jellyfin.Api.Auth.CustomAuthenticationHandler: AuthenticationScheme: "CustomAuthentication" was challenged.
[2025-02-17 05:43:45.754 +00:00] [INF] [39] Jellyfin.Api.Auth.CustomAuthenticationHandler: "CustomAuthentication" was not authenticated. Failure message: "Invalid token."
[2025-02-17 05:43:45.754 +00:00] [INF] [39] Jellyfin.Api.Auth.CustomAuthenticationHandler: "CustomAuthentication" was not authenticated. Failure message: "Invalid token."
[2025-02-17 05:43:45.754 +00:00] [INF] [39] Jellyfin.Api.Auth.CustomAuthenticationHandler: AuthenticationScheme: "CustomAuthentication" was challenged.
[2025-02-17 05:43:55.761 +00:00] [INF] [58] Jellyfin.Api.Auth.CustomAuthenticationHandler: "CustomAuthentication" was not authenticated. Failure message: "Invalid token."
[2025-02-17 05:43:55.761 +00:00] [INF] [58] Jellyfin.Api.Auth.CustomAuthenticationHandler: "CustomAuthentication" was not authenticated. Failure message: "Invalid token."
[2025-02-17 05:43:55.762 +00:00] [INF] [58] Jellyfin.Api.Auth.CustomAuthenticationHandler: AuthenticationScheme: "CustomAuthentication" was challenged.
[2025-02-17 05:44:05.752 +00:00] [INF] [39] Jellyfin.Api.Auth.CustomAuthenticationHandler: "CustomAuthentication" was not authenticated. Failure message: "Invalid token."
[2025-02-17 05:44:05.752 +00:00] [INF] [39] Jellyfin.Api.Auth.CustomAuthenticationHandler: "CustomAuthentication" was not authenticated. Failure message: "Invalid token."
[2025-02-17 05:44:05.752 +00:00] [INF] [39] Jellyfin.Api.Auth.CustomAuthenticationHandler: AuthenticationScheme: "CustomAuthentication" was challenged.
[2025-02-17 05:44:15.791 +00:00] [INF] [48] Jellyfin.Api.Auth.CustomAuthenticationHandler: "CustomAuthentication" was not authenticated. Failure message: "Invalid token."
[2025-02-17 05:44:15.791 +00:00] [INF] [48] Jellyfin.Api.Auth.CustomAuthenticationHandler: "CustomAuthentication" was not authenticated. Failure message: "Invalid token."
[2025-02-17 05:44:15.791 +00:00] [INF] [48] Jellyfin.Api.Auth.CustomAuthenticationHandler: AuthenticationScheme: "CustomAuthentication" was challenged.
[2025-02-17 05:44:25.753 +00:00] [INF] [58] Jellyfin.Api.Auth.CustomAuthenticationHandler: "CustomAuthentication" was not authenticated. Failure message: "Invalid token."
[2025-02-17 05:44:25.753 +00:00] [INF] [58] Jellyfin.Api.Auth.CustomAuthenticationHandler: "CustomAuthentication" was not authenticated. Failure message: "Invalid token."
[2025-02-17 05:44:25.753 +00:00] [INF] [58] Jellyfin.Api.Auth.CustomAuthenticationHandler: AuthenticationScheme: "CustomAuthentication" was challenged.
[2025-02-17 05:44:35.759 +00:00] [INF] [16] Jellyfin.Api.Auth.CustomAuthenticationHandler: "CustomAuthentication" was not authenticated. Failure message: "Invalid token."
[2025-02-17 05:44:35.760 +00:00] [INF] [16] Jellyfin.Api.Auth.CustomAuthenticationHandler: "CustomAuthentication" was not authenticated. Failure message: "Invalid token."
[2025-02-17 05:44:35.760 +00:00] [INF] [16] Jellyfin.Api.Auth.CustomAuthenticationHandler: AuthenticationScheme: "CustomAuthentication" was challenged.
[2025-02-17 05:44:45.757 +00:00] [INF] [16] Jellyfin.Api.Auth.CustomAuthenticationHandler: "CustomAuthentication" was not authenticated. Failure message: "Invalid token."
[2025-02-17 05:44:45.757 +00:00] [INF] [16] Jellyfin.Api.Auth.CustomAuthenticationHandler: "CustomAuthentication" was not authenticated. Failure message: "Invalid token."
[2025-02-17 05:44:45.757 +00:00] [INF] [16] Jellyfin.Api.Auth.CustomAuthenticationHandler: AuthenticationScheme: "CustomAuthentication" was challenged.
[2025-02-17 05:44:55.763 +00:00] [INF] [48] Jellyfin.Api.Auth.CustomAuthenticationHandler: "CustomAuthentication" was not authenticated. Failure message: "Invalid token."
[2025-02-17 05:44:55.763 +00:00] [INF] [48] Jellyfin.Api.Auth.CustomAuthenticationHandler: "CustomAuthentication" was not authenticated. Failure message: "Invalid token."
[2025-02-17 05:44:55.763 +00:00] [INF] [48] Jellyfin.Api.Auth.CustomAuthenticationHandler: AuthenticationScheme: "CustomAuthentication" was challenged.
[2025-02-17 05:45:05.761 +00:00] [INF] [48] Jellyfin.Api.Auth.CustomAuthenticationHandler: "CustomAuthentication" was not authenticated. Failure message: "Invalid token."
[2025-02-17 05:45:05.761 +00:00] [INF] [48] Jellyfin.Api.Auth.CustomAuthenticationHandler: "CustomAuthentication" was not authenticated. Failure message: "Invalid token."
[2025-02-17 05:45:05.761 +00:00] [INF] [48] Jellyfin.Api.Auth.CustomAuthenticationHandler: AuthenticationScheme: "CustomAuthentication" was challenged.
[2025-02-17 05:45:15.751 +00:00] [INF] [39] Jellyfin.Api.Auth.CustomAuthenticationHandler: "CustomAuthentication" was not authenticated. Failure message: "Invalid token."
[2025-02-17 05:45:15.751 +00:00] [INF] [39] Jellyfin.Api.Auth.CustomAuthenticationHandler: "CustomAuthentication" was not authenticated. Failure message: "Invalid token."
[2025-02-17 05:45:15.751 +00:00] [INF] [39] Jellyfin.Api.Auth.CustomAuthenticationHandler: AuthenticationScheme: "CustomAuthentication" was challenged.
[2025-02-17 05:45:25.764 +00:00] [INF] [39] Jellyfin.Api.Auth.CustomAuthenticationHandler: "CustomAuthentication" was not authenticated. Failure message: "Invalid token."
[2025-02-17 05:45:25.764 +00:00] [INF] [39] Jellyfin.Api.Auth.CustomAuthenticationHandler: "CustomAuthentication" was not authenticated. Failure message: "Invalid token."
[2025-02-17 05:45:25.764 +00:00] [INF] [39] Jellyfin.Api.Auth.CustomAuthenticationHandler: AuthenticationScheme: "CustomAuthentication" was challenged.
[2025-02-17 05:45:35.759 +00:00] [INF] [39] Jellyfin.Api.Auth.CustomAuthenticationHandler: "CustomAuthentication" was not authenticated. Failure message: "Invalid token."
[2025-02-17 05:45:35.759 +00:00] [INF] [39] Jellyfin.Api.Auth.CustomAuthenticationHandler: "CustomAuthentication" was not authenticated. Failure message: "Invalid token."
[2025-02-17 05:45:35.760 +00:00] [INF] [39] Jellyfin.Api.Auth.CustomAuthenticationHandler: AuthenticationScheme: "CustomAuthentication" was challenged.
[2025-02-17 05:45:45.760 +00:00] [INF] [43] Jellyfin.Api.Auth.CustomAuthenticationHandler: "CustomAuthentication" was not authenticated. Failure message: "Invalid token."
[2025-02-17 05:45:45.760 +00:00] [INF] [43] Jellyfin.Api.Auth.CustomAuthenticationHandler: "CustomAuthentication" was not authenticated. Failure message: "Invalid token."
[2025-02-17 05:45:45.760 +00:00] [INF] [43] Jellyfin.Api.Auth.CustomAuthenticationHandler: AuthenticationScheme: "CustomAuthentication" was challenged.
[2025-02-17 05:45:55.752 +00:00] [INF] [43] Jellyfin.Api.Auth.CustomAuthenticationHandler: "CustomAuthentication" was not authenticated. Failure message: "Invalid token."
[2025-02-17 05:45:55.752 +00:00] [INF] [43] Jellyfin.Api.Auth.CustomAuthenticationHandler: "CustomAuthentication" was not authenticated. Failure message: "Invalid token."
[2025-02-17 05:45:55.752 +00:00] [INF] [43] Jellyfin.Api.Auth.CustomAuthenticationHandler: AuthenticationScheme: "CustomAuthentication" was challenged.
[2025-02-17 05:46:05.758 +00:00] [INF] [48] Jellyfin.Api.Auth.CustomAuthenticationHandler: "CustomAuthentication" was not authenticated. Failure message: "Invalid token."
[2025-02-17 05:46:05.758 +00:00] [INF] [48] Jellyfin.Api.Auth.CustomAuthenticationHandler: "CustomAuthentication" was not authenticated. Failure message: "Invalid token."
[2025-02-17 05:46:05.759 +00:00] [INF] [48] Jellyfin.Api.Auth.CustomAuthenticationHandler: AuthenticationScheme: "CustomAuthentication" was challenged.
[2025-02-17 05:46:15.752 +00:00] [INF] [23] Jellyfin.Api.Auth.CustomAuthenticationHandler: "CustomAuthentication" was not authenticated. Failure message: "Invalid token."
[2025-02-17 05:46:15.753 +00:00] [INF] [23] Jellyfin.Api.Auth.CustomAuthenticationHandler: "CustomAuthentication" was not authenticated. Failure message: "Invalid token."
[2025-02-17 05:46:15.753 +00:00] [INF] [23] Jellyfin.Api.Auth.CustomAuthenticationHandler: AuthenticationScheme: "CustomAuthentication" was challenged.
[2025-02-17 05:46:25.751 +00:00] [INF] [43] Jellyfin.Api.Auth.CustomAuthenticationHandler: "CustomAuthentication" was not authenticated. Failure message: "Invalid token."
[2025-02-17 05:46:25.752 +00:00] [INF] [43] Jellyfin.Api.Auth.CustomAuthenticationHandler: "CustomAuthentication" was not authenticated. Failure message: "Invalid token."
[2025-02-17 05:46:25.752 +00:00] [INF] [43] Jellyfin.Api.Auth.CustomAuthenticationHandler: AuthenticationScheme: "CustomAuthentication" was challenged.
[2025-02-17 05:46:35.752 +00:00] [INF] [48] Jellyfin.Api.Auth.CustomAuthenticationHandler: "CustomAuthentication" was not authenticated. Failure message: "Invalid token."
[2025-02-17 05:46:35.753 +00:00] [INF] [48] Jellyfin.Api.Auth.CustomAuthenticationHandler: "CustomAuthentication" was not authenticated. Failure message: "Invalid token."
[2025-02-17 05:46:35.753 +00:00] [INF] [48] Jellyfin.Api.Auth.CustomAuthenticationHandler: AuthenticationScheme: "CustomAuthentication" was challenged.
[2025-02-17 05:46:45.754 +00:00] [INF] [48] Jellyfin.Api.Auth.CustomAuthenticationHandler: "CustomAuthentication" was not authenticated. Failure message: "Invalid token."
[2025-02-17 05:46:45.754 +00:00] [INF] [48] Jellyfin.Api.Auth.CustomAuthenticationHandler: "CustomAuthentication" was not authenticated. Failure message: "Invalid token."
[2025-02-17 05:46:45.755 +00:00] [INF] [48] Jellyfin.Api.Auth.CustomAuthenticationHandler: AuthenticationScheme: "CustomAuthentication" was challenged.
[2025-02-17 05:46:55.764 +00:00] [INF] [48] Jellyfin.Api.Auth.CustomAuthenticationHandler: "CustomAuthentication" was not authenticated. Failure message: "Invalid token."
[2025-02-17 05:46:55.764 +00:00] [INF] [48] Jellyfin.Api.Auth.CustomAuthenticationHandler: "CustomAuthentication" was not authenticated. Failure message: "Invalid token."
[2025-02-17 05:46:55.764 +00:00] [INF] [48] Jellyfin.Api.Auth.CustomAuthenticationHandler: AuthenticationScheme: "CustomAuthentication" was challenged.
[2025-02-17 05:47:05.760 +00:00] [INF] [43] Jellyfin.Api.Auth.CustomAuthenticationHandler: "CustomAuthentication" was not authenticated. Failure message: "Invalid token."
[2025-02-17 05:47:05.760 +00:00] [INF] [43] Jellyfin.Api.Auth.CustomAuthenticationHandler: "CustomAuthentication" was not authenticated. Failure message: "Invalid token."
[2025-02-17 05:47:05.760 +00:00] [INF] [43] Jellyfin.Api.Auth.CustomAuthenticationHandler: AuthenticationScheme: "CustomAuthentication" was challenged.
[2025-02-17 05:47:15.754 +00:00] [INF] [43] Jellyfin.Api.Auth.CustomAuthenticationHandler: "CustomAuthentication" was not authenticated. Failure message: "Invalid token."
[2025-02-17 05:47:15.755 +00:00] [INF] [43] Jellyfin.Api.Auth.CustomAuthenticationHandler: "CustomAuthentication" was not authenticated. Failure message: "Invalid token."
[2025-02-17 05:47:15.755 +00:00] [INF] [43] Jellyfin.Api.Auth.CustomAuthenticationHandler: AuthenticationScheme: "CustomAuthentication" was challenged.
[2025-02-17 05:47:25.764 +00:00] [INF] [43] Jellyfin.Api.Auth.CustomAuthenticationHandler: "CustomAuthentication" was not authenticated. Failure message: "Invalid token."
[2025-02-17 05:47:25.767 +00:00] [INF] [43] Jellyfin.Api.Auth.CustomAuthenticationHandler: "CustomAuthentication" was not authenticated. Failure message: "Invalid token."
[2025-02-17 05:47:25.767 +00:00] [INF] [43] Jellyfin.Api.Auth.CustomAuthenticationHandler: AuthenticationScheme: "CustomAuthentication" was challenged.
[2025-02-17 05:47:35.758 +00:00] [INF] [43] Jellyfin.Api.Auth.CustomAuthenticationHandler: "CustomAuthentication" was not authenticated. Failure message: "Invalid token."
[2025-02-17 05:47:35.758 +00:00] [INF] [43] Jellyfin.Api.Auth.CustomAuthenticationHandler: "CustomAuthentication" was not authenticated. Failure message: "Invalid token."
[2025-02-17 05:47:35.758 +00:00] [INF] [43] Jellyfin.Api.Auth.CustomAuthenticationHandler: AuthenticationScheme: "CustomAuthentication" was challenged.
[2025-02-17 05:47:45.758 +00:00] [INF] [60] Jellyfin.Api.Auth.CustomAuthenticationHandler: "CustomAuthentication" was not authenticated. Failure message: "Invalid token."
[2025-02-17 05:47:45.758 +00:00] [INF] [60] Jellyfin.Api.Auth.CustomAuthenticationHandler: "CustomAuthentication" was not authenticated. Failure message: "Invalid token."
[2025-02-17 05:47:45.758 +00:00] [INF] [60] Jellyfin.Api.Auth.CustomAuthenticationHandler: AuthenticationScheme: "CustomAuthentication" was challenged.
[2025-02-17 05:47:55.781 +00:00] [INF] [72] Jellyfin.Api.Auth.CustomAuthenticationHandler: "CustomAuthentication" was not authenticated. Failure message: "Invalid token."
[2025-02-17 05:47:55.781 +00:00] [INF] [72] Jellyfin.Api.Auth.CustomAuthenticationHandler: "CustomAuthentication" was not authenticated. Failure message: "Invalid token."
[2025-02-17 05:47:55.782 +00:00] [INF] [72] Jellyfin.Api.Auth.CustomAuthenticationHandler: AuthenticationScheme: "CustomAuthentication" was challenged.
[2025-02-17 05:48:05.759 +00:00] [INF] [43] Jellyfin.Api.Auth.CustomAuthenticationHandler: "CustomAuthentication" was not authenticated. Failure message: "Invalid token."
[2025-02-17 05:48:05.759 +00:00] [INF] [43] Jellyfin.Api.Auth.CustomAuthenticationHandler: "CustomAuthentication" was not authenticated. Failure message: "Invalid token."
[2025-02-17 05:48:05.759 +00:00] [INF] [43] Jellyfin.Api.Auth.CustomAuthenticationHandler: AuthenticationScheme: "CustomAuthentication" was challenged.
[2025-02-17 05:48:15.768 +00:00] [INF] [43] Jellyfin.Api.Auth.CustomAuthenticationHandler: "CustomAuthentication" was not authenticated. Failure message: "Invalid token."
[2025-02-17 05:48:15.768 +00:00] [INF] [43] Jellyfin.Api.Auth.CustomAuthenticationHandler: "CustomAuthentication" was not authenticated. Failure message: "Invalid token."
[2025-02-17 05:48:15.768 +00:00] [INF] [43] Jellyfin.Api.Auth.CustomAuthenticationHandler: AuthenticationScheme: "CustomAuthentication" was challenged.
[2025-02-17 05:48:25.760 +00:00] [INF] [72] Jellyfin.Api.Auth.CustomAuthenticationHandler: "CustomAuthentication" was not authenticated. Failure message: "Invalid token."
[2025-02-17 05:48:25.760 +00:00] [INF] [72] Jellyfin.Api.Auth.CustomAuthenticationHandler: "CustomAuthentication" was not authenticated. Failure message: "Invalid token."
[2025-02-17 05:48:25.760 +00:00] [INF] [72] Jellyfin.Api.Auth.CustomAuthenticationHandler: AuthenticationScheme: "CustomAuthentication" was challenged.
[2025-02-17 05:48:35.754 +00:00] [INF] [43] Jellyfin.Api.Auth.CustomAuthenticationHandler: "CustomAuthentication" was not authenticated. Failure message: "Invalid token."
[2025-02-17 05:48:35.754 +00:00] [INF] [43] Jellyfin.Api.Auth.CustomAuthenticationHandler: "CustomAuthentication" was not authenticated. Failure message: "Invalid token."
[2025-02-17 05:48:35.754 +00:00] [INF] [43] Jellyfin.Api.Auth.CustomAuthenticationHandler: AuthenticationScheme: "CustomAuthentication" was challenged.
[2025-02-17 05:48:45.758 +00:00] [INF] [43] Jellyfin.Api.Auth.CustomAuthenticationHandler: "CustomAuthentication" was not authenticated. Failure message: "Invalid token."
[2025-02-17 05:48:45.758 +00:00] [INF] [43] Jellyfin.Api.Auth.CustomAuthenticationHandler: "CustomAuthentication" was not authenticated. Failure message: "Invalid token."
[2025-02-17 05:48:45.759 +00:00] [INF] [43] Jellyfin.Api.Auth.CustomAuthenticationHandler: AuthenticationScheme: "CustomAuthentication" was challenged.
[2025-02-17 05:48:55.776 +00:00] [INF] [65] Jellyfin.Api.Auth.CustomAuthenticationHandler: "CustomAuthentication" was not authenticated. Failure message: "Invalid token."
[2025-02-17 05:48:55.776 +00:00] [INF] [65] Jellyfin.Api.Auth.CustomAuthenticationHandler: "CustomAuthentication" was not authenticated. Failure message: "Invalid token."
[2025-02-17 05:48:55.776 +00:00] [INF] [65] Jellyfin.Api.Auth.CustomAuthenticationHandler: AuthenticationScheme: "CustomAuthentication" was challenged.
[2025-02-17 05:49:05.754 +00:00] [INF] [23] Jellyfin.Api.Auth.CustomAuthenticationHandler: "CustomAuthentication" was not authenticated. Failure message: "Invalid token."
[2025-02-17 05:49:05.755 +00:00] [INF] [23] Jellyfin.Api.Auth.CustomAuthenticationHandler: "CustomAuthentication" was not authenticated. Failure message: "Invalid token."
[2025-02-17 05:49:05.755 +00:00] [INF] [23] Jellyfin.Api.Auth.CustomAuthenticationHandler: AuthenticationScheme: "CustomAuthentication" was challenged.
[2025-02-17 05:49:15.760 +00:00] [INF] [43] Jellyfin.Api.Auth.CustomAuthenticationHandler: "CustomAuthentication" was not authenticated. Failure message: "Invalid token."
[2025-02-17 05:49:15.760 +00:00] [INF] [43] Jellyfin.Api.Auth.CustomAuthenticationHandler: "CustomAuthentication" was not authenticated. Failure message: "Invalid token."
[2025-02-17 05:49:15.760 +00:00] [INF] [43] Jellyfin.Api.Auth.CustomAuthenticationHandler: AuthenticationScheme: "CustomAuthentication" was challenged.
[2025-02-17 05:49:25.791 +00:00] [INF] [51] Jellyfin.Api.Auth.CustomAuthenticationHandler: "CustomAuthentication" was not authenticated. Failure message: "Invalid token."
[2025-02-17 05:49:25.791 +00:00] [INF] [51] Jellyfin.Api.Auth.CustomAuthenticationHandler: "CustomAuthentication" was not authenticated. Failure message: "Invalid token."
[2025-02-17 05:49:25.791 +00:00] [INF] [51] Jellyfin.Api.Auth.CustomAuthenticationHandler: AuthenticationScheme: "CustomAuthentication" was challenged.
[2025-02-17 05:49:35.760 +00:00] [INF] [43] Jellyfin.Api.Auth.CustomAuthenticationHandler: "CustomAuthentication" was not authenticated. Failure message: "Invalid token."
[2025-02-17 05:49:35.760 +00:00] [INF] [43] Jellyfin.Api.Auth.CustomAuthenticationHandler: "CustomAuthentication" was not authenticated. Failure message: "Invalid token."
[2025-02-17 05:49:35.760 +00:00] [INF] [43] Jellyfin.Api.Auth.CustomAuthenticationHandler: AuthenticationScheme: "CustomAuthentication" was challenged.
[2025-02-17 05:49:45.751 +00:00] [INF] [43] Jellyfin.Api.Auth.CustomAuthenticationHandler: "CustomAuthentication" was not authenticated. Failure message: "Invalid token."
[2025-02-17 05:49:45.751 +00:00] [INF] [43] Jellyfin.Api.Auth.CustomAuthenticationHandler: "CustomAuthentication" was not authenticated. Failure message: "Invalid token."
[2025-02-17 05:49:45.751 +00:00] [INF] [43] Jellyfin.Api.Auth.CustomAuthenticationHandler: AuthenticationScheme: "CustomAuthentication" was challenged.
[2025-02-17 05:49:55.762 +00:00] [INF] [43] Jellyfin.Api.Auth.CustomAuthenticationHandler: "CustomAuthentication" was not authenticated. Failure message: "Invalid token."
[2025-02-17 05:49:55.762 +00:00] [INF] [43] Jellyfin.Api.Auth.CustomAuthenticationHandler: "CustomAuthentication" was not authenticated. Failure message: "Invalid token."
[2025-02-17 05:49:55.762 +00:00] [INF] [43] Jellyfin.Api.Auth.CustomAuthenticationHandler: AuthenticationScheme: "CustomAuthentication" was challenged.
[2025-02-17 05:50:05.757 +00:00] [INF] [58] Jellyfin.Api.Auth.CustomAuthenticationHandler: "CustomAuthentication" was not authenticated. Failure message: "Invalid token."
[2025-02-17 05:50:05.757 +00:00] [INF] [58] Jellyfin.Api.Auth.CustomAuthenticationHandler: "CustomAuthentication" was not authenticated. Failure message: "Invalid token."
[2025-02-17 05:50:05.757 +00:00] [INF] [58] Jellyfin.Api.Auth.CustomAuthenticationHandler: AuthenticationScheme: "CustomAuthentication" was challenged.
[2025-02-17 05:50:15.764 +00:00] [INF] [43] Jellyfin.Api.Auth.CustomAuthenticationHandler: "CustomAuthentication" was not authenticated. Failure message: "Invalid token."
[2025-02-17 05:50:15.764 +00:00] [INF] [43] Jellyfin.Api.Auth.CustomAuthenticationHandler: "CustomAuthentication" was not authenticated. Failure message: "Invalid token."
[2025-02-17 05:50:15.764 +00:00] [INF] [43] Jellyfin.Api.Auth.CustomAuthenticationHandler: AuthenticationScheme: "CustomAuthentication" was challenged.
[2025-02-17 05:50:25.756 +00:00] [INF] [43] Jellyfin.Api.Auth.CustomAuthenticationHandler: "CustomAuthentication" was not authenticated. Failure message: "Invalid token."
[2025-02-17 05:50:25.756 +00:00] [INF] [43] Jellyfin.Api.Auth.CustomAuthenticationHandler: "CustomAuthentication" was not authenticated. Failure message: "Invalid token."
[2025-02-17 05:50:25.756 +00:00] [INF] [43] Jellyfin.Api.Auth.CustomAuthenticationHandler: AuthenticationScheme: "CustomAuthentication" was challenged.
[2025-02-17 05:50:35.757 +00:00] [INF] [16] Jellyfin.Api.Auth.CustomAuthenticationHandler: "CustomAuthentication" was not authenticated. Failure message: "Invalid token."
[2025-02-17 05:50:35.757 +00:00] [INF] [16] Jellyfin.Api.Auth.CustomAuthenticationHandler: "CustomAuthentication" was not authenticated. Failure message: "Invalid token."
[2025-02-17 05:50:35.757 +00:00] [INF] [16] Jellyfin.Api.Auth.CustomAuthenticationHandler: AuthenticationScheme: "CustomAuthentication" was challenged.
[2025-02-17 05:50:45.753 +00:00] [INF] [16] Jellyfin.Api.Auth.CustomAuthenticationHandler: "CustomAuthentication" was not authenticated. Failure message: "Invalid token."
[2025-02-17 05:50:45.753 +00:00] [INF] [16] Jellyfin.Api.Auth.CustomAuthenticationHandler: "CustomAuthentication" was not authenticated. Failure message: "Invalid token."
[2025-02-17 05:50:45.753 +00:00] [INF] [16] Jellyfin.Api.Auth.CustomAuthenticationHandler: AuthenticationScheme: "CustomAuthentication" was challenged.
[2025-02-17 05:50:55.760 +00:00] [INF] [16] Jellyfin.Api.Auth.CustomAuthenticationHandler: "CustomAuthentication" was not authenticated. Failure message: "Invalid token."
[2025-02-17 05:50:55.760 +00:00] [INF] [16] Jellyfin.Api.Auth.CustomAuthenticationHandler: "CustomAuthentication" was not authenticated. Failure message: "Invalid token."
[2025-02-17 05:50:55.760 +00:00] [INF] [16] Jellyfin.Api.Auth.CustomAuthenticationHandler: AuthenticationScheme: "CustomAuthentication" was challenged.
[2025-02-17 05:51:05.758 +00:00] [INF] [19] Jellyfin.Api.Auth.CustomAuthenticationHandler: "CustomAuthentication" was not authenticated. Failure message: "Invalid token."
[2025-02-17 05:51:05.759 +00:00] [INF] [19] Jellyfin.Api.Auth.CustomAuthenticationHandler: "CustomAuthentication" was not authenticated. Failure message: "Invalid token."
[2025-02-17 05:51:05.759 +00:00] [INF] [19] Jellyfin.Api.Auth.CustomAuthenticationHandler: AuthenticationScheme: "CustomAuthentication" was challenged.
[2025-02-17 05:51:15.760 +00:00] [INF] [19] Jellyfin.Api.Auth.CustomAuthenticationHandler: "CustomAuthentication" was not authenticated. Failure message: "Invalid token."
[2025-02-17 05:51:15.760 +00:00] [INF] [19] Jellyfin.Api.Auth.CustomAuthenticationHandler: "CustomAuthentication" was not authenticated. Failure message: "Invalid token."
[2025-02-17 05:51:15.760 +00:00] [INF] [19] Jellyfin.Api.Auth.CustomAuthenticationHandler: AuthenticationScheme: "CustomAuthentication" was challenged.
[2025-02-17 05:51:25.760 +00:00] [INF] [16] Jellyfin.Api.Auth.CustomAuthenticationHandler: "CustomAuthentication" was not authenticated. Failure message: "Invalid token."
[2025-02-17 05:51:25.760 +00:00] [INF] [16] Jellyfin.Api.Auth.CustomAuthenticationHandler: "CustomAuthentication" was not authenticated. Failure message: "Invalid token."
[2025-02-17 05:51:25.761 +00:00] [INF] [16] Jellyfin.Api.Auth.CustomAuthenticationHandler: AuthenticationScheme: "CustomAuthentication" was challenged.
[2025-02-17 05:51:35.753 +00:00] [INF] [32] Jellyfin.Api.Auth.CustomAuthenticationHandler: "CustomAuthentication" was not authenticated. Failure message: "Invalid token."
[2025-02-17 05:51:35.753 +00:00] [INF] [32] Jellyfin.Api.Auth.CustomAuthenticationHandler: "CustomAuthentication" was not authenticated. Failure message: "Invalid token."
[2025-02-17 05:51:35.753 +00:00] [INF] [32] Jellyfin.Api.Auth.CustomAuthenticationHandler: AuthenticationScheme: "CustomAuthentication" was challenged.
[2025-02-17 05:51:45.756 +00:00] [INF] [16] Jellyfin.Api.Auth.CustomAuthenticationHandler: "CustomAuthentication" was not authenticated. Failure message: "Invalid token."
[2025-02-17 05:51:45.756 +00:00] [INF] [16] Jellyfin.Api.Auth.CustomAuthenticationHandler: "CustomAuthentication" was not authenticated. Failure message: "Invalid token."
[2025-02-17 05:51:45.756 +00:00] [INF] [16] Jellyfin.Api.Auth.CustomAuthenticationHandler: AuthenticationScheme: "CustomAuthentication" was challenged.
[2025-02-17 05:51:55.760 +00:00] [INF] [19] Jellyfin.Api.Auth.CustomAuthenticationHandler: "CustomAuthentication" was not authenticated. Failure message: "Invalid token."
[2025-02-17 05:51:55.761 +00:00] [INF] [19] Jellyfin.Api.Auth.CustomAuthenticationHandler: "CustomAuthentication" was not authenticated. Failure message: "Invalid token."
[2025-02-17 05:51:55.761 +00:00] [INF] [19] Jellyfin.Api.Auth.CustomAuthenticationHandler: AuthenticationScheme: "CustomAuthentication" was challenged.
[2025-02-17 05:52:05.752 +00:00] [INF] [19] Jellyfin.Api.Auth.CustomAuthenticationHandler: "CustomAuthentication" was not authenticated. Failure message: "Invalid token."
[2025-02-17 05:52:05.752 +00:00] [INF] [19] Jellyfin.Api.Auth.CustomAuthenticationHandler: "CustomAuthentication" was not authenticated. Failure message: "Invalid token."
[2025-02-17 05:52:05.753 +00:00] [INF] [19] Jellyfin.Api.Auth.CustomAuthenticationHandler: AuthenticationScheme: "CustomAuthentication" was challenged.
[2025-02-17 05:52:15.758 +00:00] [INF] [32] Jellyfin.Api.Auth.CustomAuthenticationHandler: "CustomAuthentication" was not authenticated. Failure message: "Invalid token."
[2025-02-17 05:52:15.758 +00:00] [INF] [32] Jellyfin.Api.Auth.CustomAuthenticationHandler: "CustomAuthentication" was not authenticated. Failure message: "Invalid token."
[2025-02-17 05:52:15.758 +00:00] [INF] [32] Jellyfin.Api.Auth.CustomAuthenticationHandler: AuthenticationScheme: "CustomAuthentication" was challenged.
[2025-02-17 05:52:25.759 +00:00] [INF] [32] Jellyfin.Api.Auth.CustomAuthenticationHandler: "CustomAuthentication" was not authenticated. Failure message: "Invalid token."
[2025-02-17 05:52:25.759 +00:00] [INF] [32] Jellyfin.Api.Auth.CustomAuthenticationHandler: "CustomAuthentication" was not authenticated. Failure message: "Invalid token."
[2025-02-17 05:52:25.759 +00:00] [INF] [32] Jellyfin.Api.Auth.CustomAuthenticationHandler: AuthenticationScheme: "CustomAuthentication" was challenged.
[2025-02-17 05:52:35.762 +00:00] [INF] [32] Jellyfin.Api.Auth.CustomAuthenticationHandler: "CustomAuthentication" was not authenticated. Failure message: "Invalid token."
[2025-02-17 05:52:35.762 +00:00] [INF] [32] Jellyfin.Api.Auth.CustomAuthenticationHandler: "CustomAuthentication" was not authenticated. Failure message: "Invalid token."
[2025-02-17 05:52:35.763 +00:00] [INF] [32] Jellyfin.Api.Auth.CustomAuthenticationHandler: AuthenticationScheme: "CustomAuthentication" was challenged.
[2025-02-17 05:52:45.754 +00:00] [INF] [73] Jellyfin.Api.Auth.CustomAuthenticationHandler: "CustomAuthentication" was not authenticated. Failure message: "Invalid token."
[2025-02-17 05:52:45.755 +00:00] [INF] [73] Jellyfin.Api.Auth.CustomAuthenticationHandler: "CustomAuthentication" was not authenticated. Failure message: "Invalid token."
[2025-02-17 05:52:45.755 +00:00] [INF] [73] Jellyfin.Api.Auth.CustomAuthenticationHandler: AuthenticationScheme: "CustomAuthentication" was challenged.
[2025-02-17 05:52:55.749 +00:00] [INF] [19] Jellyfin.Api.Auth.CustomAuthenticationHandler: "CustomAuthentication" was not authenticated. Failure message: "Invalid token."
[2025-02-17 05:52:55.749 +00:00] [INF] [19] Jellyfin.Api.Auth.CustomAuthenticationHandler: "CustomAuthentication" was not authenticated. Failure message: "Invalid token."
[2025-02-17 05:52:55.749 +00:00] [INF] [19] Jellyfin.Api.Auth.CustomAuthenticationHandler: AuthenticationScheme: "CustomAuthentication" was challenged.
[2025-02-17 05:53:05.759 +00:00] [INF] [19] Jellyfin.Api.Auth.CustomAuthenticationHandler: "CustomAuthentication" was not authenticated. Failure message: "Invalid token."
[2025-02-17 05:53:05.759 +00:00] [INF] [19] Jellyfin.Api.Auth.CustomAuthenticationHandler: "CustomAuthentication" was not authenticated. Failure message: "Invalid token."
[2025-02-17 05:53:05.759 +00:00] [INF] [19] Jellyfin.Api.Auth.CustomAuthenticationHandler: AuthenticationScheme: "CustomAuthentication" was challenged.
[2025-02-17 05:53:15.755 +00:00] [INF] [73] Jellyfin.Api.Auth.CustomAuthenticationHandler: "CustomAuthentication" was not authenticated. Failure message: "Invalid token."
[2025-02-17 05:53:15.755 +00:00] [INF] [73] Jellyfin.Api.Auth.CustomAuthenticationHandler: "CustomAuthentication" was not authenticated. Failure message: "Invalid token."
[2025-02-17 05:53:15.755 +00:00] [INF] [73] Jellyfin.Api.Auth.CustomAuthenticationHandler: AuthenticationScheme: "CustomAuthentication" was challenged.
[2025-02-17 05:53:25.757 +00:00] [INF] [72] Jellyfin.Api.Auth.CustomAuthenticationHandler: "CustomAuthentication" was not authenticated. Failure message: "Invalid token."
[2025-02-17 05:53:25.757 +00:00] [INF] [72] Jellyfin.Api.Auth.CustomAuthenticationHandler: "CustomAuthentication" was not authenticated. Failure message: "Invalid token."
[2025-02-17 05:53:25.757 +00:00] [INF] [72] Jellyfin.Api.Auth.CustomAuthenticationHandler: AuthenticationScheme: "CustomAuthentication" was challenged.
[2025-02-17 05:53:35.755 +00:00] [INF] [72] Jellyfin.Api.Auth.CustomAuthenticationHandler: "CustomAuthentication" was not authenticated. Failure message: "Invalid token."
[2025-02-17 05:53:35.755 +00:00] [INF] [72] Jellyfin.Api.Auth.CustomAuthenticationHandler: "CustomAuthentication" was not authenticated. Failure message: "Invalid token."
[2025-02-17 05:53:35.755 +00:00] [INF] [72] Jellyfin.Api.Auth.CustomAuthenticationHandler: AuthenticationScheme: "CustomAuthentication" was challenged.
[2025-02-17 05:53:45.769 +00:00] [INF] [72] Jellyfin.Api.Auth.CustomAuthenticationHandler: "CustomAuthentication" was not authenticated. Failure message: "Invalid token."
[2025-02-17 05:53:45.769 +00:00] [INF] [72] Jellyfin.Api.Auth.CustomAuthenticationHandler: "CustomAuthentication" was not authenticated. Failure message: "Invalid token."
[2025-02-17 05:53:45.769 +00:00] [INF] [72] Jellyfin.Api.Auth.CustomAuthenticationHandler: AuthenticationScheme: "CustomAuthentication" was challenged.
